ISO-10303-21;
HEADER;
FILE_DESCRIPTION(('KiCad electronic assembly'),'2;1');
FILE_NAME('hackpad.step','2026-01-28T16:44:27',('Pcbnew'),('Kicad'),
  'Open CASCADE STEP processor 7.9','KiCad to STEP converter','Unknown'
  );
FILE_SCHEMA(('AUTOMOTIVE_DESIGN { 1 0 10303 214 1 1 1 1 }'));
ENDSEC;
DATA;
#1 = APPLICATION_PROTOCOL_DEFINITION('international standard',
  'automotive_design',2000,#2);
#2 = APPLICATION_CONTEXT(
  'core data for automotive mechanical design processes');
#3 = SHAPE_DEFINITION_REPRESENTATION(#4,#10);
#4 = PRODUCT_DEFINITION_SHAPE('','',#5);
#5 = PRODUCT_DEFINITION('design','',#6,#9);
#6 = PRODUCT_DEFINITION_FORMATION('','',#7);
#7 = PRODUCT('hackpad 1','hackpad 1','',(#8));
#8 = PRODUCT_CONTEXT('',#2,'mechanical');
#9 = PRODUCT_DEFINITION_CONTEXT('part definition',#2,'design');
#10 = SHAPE_REPRESENTATION('',(#11,#15,#19,#23,#27,#31,#35,#39,#43,#47,
    #51,#55,#59),#63);
#11 = AXIS2_PLACEMENT_3D('',#12,#13,#14);
#12 = CARTESIAN_POINT('',(0.,0.,0.));
#13 = DIRECTION('',(0.,0.,1.));
#14 = DIRECTION('',(1.,0.,-0.));
#15 = AXIS2_PLACEMENT_3D('',#16,#17,#18);
#16 = CARTESIAN_POINT('',(133.35,-64.77,1.595));
#17 = DIRECTION('',(0.,-0.,1.));
#18 = DIRECTION('',(1.110223024625E-16,1.,0.));
#19 = AXIS2_PLACEMENT_3D('',#20,#21,#22);
#20 = CARTESIAN_POINT('',(139.74,-102.31,1.595));
#21 = DIRECTION('',(0.,0.,1.));
#22 = DIRECTION('',(1.,0.,0.));
#23 = AXIS2_PLACEMENT_3D('',#24,#25,#26);
#24 = CARTESIAN_POINT('',(135.128,-128.016,1.595));
#25 = DIRECTION('',(0.,-0.,1.));
#26 = DIRECTION('',(1.110223024625E-16,1.,0.));
#27 = AXIS2_PLACEMENT_3D('',#28,#29,#30);
#28 = CARTESIAN_POINT('',(146.05,-108.585,1.595));
#29 = DIRECTION('',(0.,0.,1.));
#30 = DIRECTION('',(1.,0.,0.));
#31 = AXIS2_PLACEMENT_3D('',#32,#33,#34);
#32 = CARTESIAN_POINT('',(139.74,-111.76,1.595));
#33 = DIRECTION('',(0.,0.,1.));
#34 = DIRECTION('',(1.,0.,0.));
#35 = AXIS2_PLACEMENT_3D('',#36,#37,#38);
#36 = CARTESIAN_POINT('',(146.05,-102.235,1.595));
#37 = DIRECTION('',(0.,0.,1.));
#38 = DIRECTION('',(1.,0.,0.));
#39 = AXIS2_PLACEMENT_3D('',#40,#41,#42);
#40 = CARTESIAN_POINT('',(139.74,-105.46,1.595));
#41 = DIRECTION('',(0.,0.,1.));
#42 = DIRECTION('',(1.,0.,0.));
#43 = AXIS2_PLACEMENT_3D('',#44,#45,#46);
#44 = CARTESIAN_POINT('',(146.05,-105.41,1.595));
#45 = DIRECTION('',(0.,0.,1.));
#46 = DIRECTION('',(1.,0.,0.));
#47 = AXIS2_PLACEMENT_3D('',#48,#49,#50);
#48 = CARTESIAN_POINT('',(139.74,-108.61,1.595));
#49 = DIRECTION('',(0.,0.,1.));
#50 = DIRECTION('',(1.,0.,0.));
#51 = AXIS2_PLACEMENT_3D('',#52,#53,#54);
#52 = CARTESIAN_POINT('',(146.05,-111.76,1.595));
#53 = DIRECTION('',(0.,0.,1.));
#54 = DIRECTION('',(1.,0.,0.));
#55 = AXIS2_PLACEMENT_3D('',#56,#57,#58);
#56 = CARTESIAN_POINT('',(160.02,-62.23,1.595));
#57 = DIRECTION('',(0.,0.,1.));
#58 = DIRECTION('',(1.,0.,0.));
#59 = AXIS2_PLACEMENT_3D('',#60,#61,#62);
#60 = CARTESIAN_POINT('',(0.,0.,0.));
#61 = DIRECTION('',(0.,0.,1.));
#62 = DIRECTION('',(1.,0.,-0.));
#63 = ( GEOMETRIC_REPRESENTATION_CONTEXT(3) 
GLOBAL_UNCERTAINTY_ASSIGNED_CONTEXT((#67)) GLOBAL_UNIT_ASSIGNED_CONTEXT(
(#64,#65,#66)) REPRESENTATION_CONTEXT('Context #1',
  '3D Context with UNIT and UNCERTAINTY') );
#64 = ( LENGTH_UNIT() NAMED_UNIT(*) SI_UNIT(.MILLI.,.METRE.) );
#65 = ( NAMED_UNIT(*) PLANE_ANGLE_UNIT() SI_UNIT($,.RADIAN.) );
#66 = ( NAMED_UNIT(*) SI_UNIT($,.STERADIAN.) SOLID_ANGLE_UNIT() );
#67 = UNCERTAINTY_MEASURE_WITH_UNIT(LENGTH_MEASURE(2.E-06),#64,
  'distance_accuracy_value','confusion accuracy');
#68 = PRODUCT_RELATED_PRODUCT_CATEGORY('part',$,(#7));
#69 = SHAPE_DEFINITION_REPRESENTATION(#70,#76);
#70 = PRODUCT_DEFINITION_SHAPE('','',#71);
#71 = PRODUCT_DEFINITION('design','',#72,#75);
#72 = PRODUCT_DEFINITION_FORMATION('','',#73);
#73 = PRODUCT('R_Axial_DIN0204_L3.6mm_D1.6mm_P2.54mm_Vertical',
  'R_Axial_DIN0204_L3.6mm_D1.6mm_P2.54mm_Vertical','',(#74));
#74 = PRODUCT_CONTEXT('',#2,'mechanical');
#75 = PRODUCT_DEFINITION_CONTEXT('part definition',#2,'design');
#76 = ADVANCED_BREP_SHAPE_REPRESENTATION('',(#11,#77),#464);
#77 = MANIFOLD_SOLID_BREP('',#78);
#78 = CLOSED_SHELL('',(#79,#112,#138,#158,#178,#203,#228,#248,#257,#282,
    #308,#328,#353,#379,#404,#430,#455));
#79 = ADVANCED_FACE('',(#80),#107,.T.);
#80 = FACE_BOUND('',#81,.T.);
#81 = EDGE_LOOP('',(#82,#91,#99,#106));
#82 = ORIENTED_EDGE('',*,*,#83,.T.);
#83 = EDGE_CURVE('',#84,#84,#86,.T.);
#84 = VERTEX_POINT('',#85);
#85 = CARTESIAN_POINT('',(0.8,0.,1.4));
#86 = CIRCLE('',#87,0.8);
#87 = AXIS2_PLACEMENT_3D('',#88,#89,#90);
#88 = CARTESIAN_POINT('',(0.,0.,1.4));
#89 = DIRECTION('',(0.,0.,1.));
#90 = DIRECTION('',(1.,0.,-0.));
#91 = ORIENTED_EDGE('',*,*,#92,.T.);
#92 = EDGE_CURVE('',#84,#93,#95,.T.);
#93 = VERTEX_POINT('',#94);
#94 = CARTESIAN_POINT('',(0.8,0.,1.9));
#95 = LINE('',#96,#97);
#96 = CARTESIAN_POINT('',(0.8,0.,1.));
#97 = VECTOR('',#98,1.);
#98 = DIRECTION('',(0.,0.,1.));
#99 = ORIENTED_EDGE('',*,*,#100,.F.);
#100 = EDGE_CURVE('',#93,#93,#101,.T.);
#101 = CIRCLE('',#102,0.8);
#102 = AXIS2_PLACEMENT_3D('',#103,#104,#105);
#103 = CARTESIAN_POINT('',(0.,0.,1.9));
#104 = DIRECTION('',(0.,0.,1.));
#105 = DIRECTION('',(1.,0.,-0.));
#106 = ORIENTED_EDGE('',*,*,#92,.F.);
#107 = CYLINDRICAL_SURFACE('',#108,0.8);
#108 = AXIS2_PLACEMENT_3D('',#109,#110,#111);
#109 = CARTESIAN_POINT('',(0.,0.,1.));
#110 = DIRECTION('',(-0.,-0.,-1.));
#111 = DIRECTION('',(1.,0.,0.));
#112 = ADVANCED_FACE('',(#113),#133,.T.);
#113 = FACE_BOUND('',#114,.T.);
#114 = EDGE_LOOP('',(#115,#124,#131,#132));
#115 = ORIENTED_EDGE('',*,*,#116,.T.);
#116 = EDGE_CURVE('',#117,#117,#119,.T.);
#117 = VERTEX_POINT('',#118);
#118 = CARTESIAN_POINT('',(0.4,0.,1.));
#119 = CIRCLE('',#120,0.4);
#120 = AXIS2_PLACEMENT_3D('',#121,#122,#123);
#121 = CARTESIAN_POINT('',(0.,0.,1.));
#122 = DIRECTION('',(0.,0.,1.));
#123 = DIRECTION('',(1.,0.,-0.));
#124 = ORIENTED_EDGE('',*,*,#125,.F.);
#125 = EDGE_CURVE('',#84,#117,#126,.T.);
#126 = CIRCLE('',#127,0.4);
#127 = AXIS2_PLACEMENT_3D('',#128,#129,#130);
#128 = CARTESIAN_POINT('',(0.4,0.,1.4));
#129 = DIRECTION('',(-0.,1.,0.));
#130 = DIRECTION('',(1.,0.,0.));
#131 = ORIENTED_EDGE('',*,*,#83,.F.);
#132 = ORIENTED_EDGE('',*,*,#125,.T.);
#133 = TOROIDAL_SURFACE('',#134,0.4,0.4);
#134 = AXIS2_PLACEMENT_3D('',#135,#136,#137);
#135 = CARTESIAN_POINT('',(0.,0.,1.4));
#136 = DIRECTION('',(0.,0.,-1.));
#137 = DIRECTION('',(1.,0.,0.));
#138 = ADVANCED_FACE('',(#139,#142),#153,.F.);
#139 = FACE_BOUND('',#140,.F.);
#140 = EDGE_LOOP('',(#141));
#141 = ORIENTED_EDGE('',*,*,#100,.F.);
#142 = FACE_BOUND('',#143,.F.);
#143 = EDGE_LOOP('',(#144));
#144 = ORIENTED_EDGE('',*,*,#145,.F.);
#145 = EDGE_CURVE('',#146,#146,#148,.T.);
#146 = VERTEX_POINT('',#147);
#147 = CARTESIAN_POINT('',(0.72,0.,1.9));
#148 = CIRCLE('',#149,0.72);
#149 = AXIS2_PLACEMENT_3D('',#150,#151,#152);
#150 = CARTESIAN_POINT('',(0.,0.,1.9));
#151 = DIRECTION('',(0.,0.,-1.));
#152 = DIRECTION('',(1.,0.,0.));
#153 = PLANE('',#154);
#154 = AXIS2_PLACEMENT_3D('',#155,#156,#157);
#155 = CARTESIAN_POINT('',(0.8,0.,1.9));
#156 = DIRECTION('',(0.,0.,-1.));
#157 = DIRECTION('',(-1.,0.,0.));
#158 = ADVANCED_FACE('',(#159,#162),#173,.T.);
#159 = FACE_BOUND('',#160,.T.);
#160 = EDGE_LOOP('',(#161));
#161 = ORIENTED_EDGE('',*,*,#116,.F.);
#162 = FACE_BOUND('',#163,.T.);
#163 = EDGE_LOOP('',(#164));
#164 = ORIENTED_EDGE('',*,*,#165,.T.);
#165 = EDGE_CURVE('',#166,#166,#168,.T.);
#166 = VERTEX_POINT('',#167);
#167 = CARTESIAN_POINT('',(0.25,0.,1.));
#168 = CIRCLE('',#169,0.25);
#169 = AXIS2_PLACEMENT_3D('',#170,#171,#172);
#170 = CARTESIAN_POINT('',(0.,0.,1.));
#171 = DIRECTION('',(0.,0.,1.));
#172 = DIRECTION('',(1.,0.,-0.));
#173 = PLANE('',#174);
#174 = AXIS2_PLACEMENT_3D('',#175,#176,#177);
#175 = CARTESIAN_POINT('',(0.8,0.,1.));
#176 = DIRECTION('',(0.,0.,-1.));
#177 = DIRECTION('',(-1.,0.,0.));
#178 = ADVANCED_FACE('',(#179),#198,.T.);
#179 = FACE_BOUND('',#180,.T.);
#180 = EDGE_LOOP('',(#181,#190,#196,#197));
#181 = ORIENTED_EDGE('',*,*,#182,.T.);
#182 = EDGE_CURVE('',#183,#183,#185,.T.);
#183 = VERTEX_POINT('',#184);
#184 = CARTESIAN_POINT('',(0.72,0.,3.7));
#185 = CIRCLE('',#186,0.72);
#186 = AXIS2_PLACEMENT_3D('',#187,#188,#189);
#187 = CARTESIAN_POINT('',(0.,0.,3.7));
#188 = DIRECTION('',(0.,0.,-1.));
#189 = DIRECTION('',(1.,0.,0.));
#190 = ORIENTED_EDGE('',*,*,#191,.F.);
#191 = EDGE_CURVE('',#146,#183,#192,.T.);
#192 = LINE('',#193,#194);
#193 = CARTESIAN_POINT('',(0.72,0.,1.));
#194 = VECTOR('',#195,1.);
#195 = DIRECTION('',(0.,0.,1.));
#196 = ORIENTED_EDGE('',*,*,#145,.F.);
#197 = ORIENTED_EDGE('',*,*,#191,.T.);
#198 = CYLINDRICAL_SURFACE('',#199,0.72);
#199 = AXIS2_PLACEMENT_3D('',#200,#201,#202);
#200 = CARTESIAN_POINT('',(0.,0.,1.));
#201 = DIRECTION('',(-0.,-0.,-1.));
#202 = DIRECTION('',(1.,0.,0.));
#203 = ADVANCED_FACE('',(#204),#223,.T.);
#204 = FACE_BOUND('',#205,.T.);
#205 = EDGE_LOOP('',(#206,#215,#221,#222));
#206 = ORIENTED_EDGE('',*,*,#207,.T.);
#207 = EDGE_CURVE('',#208,#208,#210,.T.);
#208 = VERTEX_POINT('',#209);
#209 = CARTESIAN_POINT('',(0.25,-6.123233995737E-17,-3.));
#210 = CIRCLE('',#211,0.25);
#211 = AXIS2_PLACEMENT_3D('',#212,#213,#214);
#212 = CARTESIAN_POINT('',(0.,0.,-3.));
#213 = DIRECTION('',(0.,0.,1.));
#214 = DIRECTION('',(1.,0.,-0.));
#215 = ORIENTED_EDGE('',*,*,#216,.T.);
#216 = EDGE_CURVE('',#208,#166,#217,.T.);
#217 = LINE('',#218,#219);
#218 = CARTESIAN_POINT('',(0.25,0.,-3.));
#219 = VECTOR('',#220,1.);
#220 = DIRECTION('',(0.,0.,1.));
#221 = ORIENTED_EDGE('',*,*,#165,.F.);
#222 = ORIENTED_EDGE('',*,*,#216,.F.);
#223 = CYLINDRICAL_SURFACE('',#224,0.25);
#224 = AXIS2_PLACEMENT_3D('',#225,#226,#227);
#225 = CARTESIAN_POINT('',(0.,0.,-3.));
#226 = DIRECTION('',(0.,0.,1.));
#227 = DIRECTION('',(1.,0.,-0.));
#228 = ADVANCED_FACE('',(#229,#240),#243,.T.);
#229 = FACE_BOUND('',#230,.T.);
#230 = EDGE_LOOP('',(#231));
#231 = ORIENTED_EDGE('',*,*,#232,.F.);
#232 = EDGE_CURVE('',#233,#233,#235,.T.);
#233 = VERTEX_POINT('',#234);
#234 = CARTESIAN_POINT('',(0.8,0.,3.7));
#235 = CIRCLE('',#236,0.8);
#236 = AXIS2_PLACEMENT_3D('',#237,#238,#239);
#237 = CARTESIAN_POINT('',(0.,0.,3.7));
#238 = DIRECTION('',(0.,0.,1.));
#239 = DIRECTION('',(1.,0.,-0.));
#240 = FACE_BOUND('',#241,.T.);
#241 = EDGE_LOOP('',(#242));
#242 = ORIENTED_EDGE('',*,*,#182,.F.);
#243 = PLANE('',#244);
#244 = AXIS2_PLACEMENT_3D('',#245,#246,#247);
#245 = CARTESIAN_POINT('',(0.8,0.,3.7));
#246 = DIRECTION('',(0.,0.,-1.));
#247 = DIRECTION('',(-1.,0.,0.));
#248 = ADVANCED_FACE('',(#249),#252,.T.);
#249 = FACE_BOUND('',#250,.F.);
#250 = EDGE_LOOP('',(#251));
#251 = ORIENTED_EDGE('',*,*,#207,.T.);
#252 = PLANE('',#253);
#253 = AXIS2_PLACEMENT_3D('',#254,#255,#256);
#254 = CARTESIAN_POINT('',(0.25,0.,-3.));
#255 = DIRECTION('',(0.,0.,-1.));
#256 = DIRECTION('',(-1.,0.,0.));
#257 = ADVANCED_FACE('',(#258),#277,.T.);
#258 = FACE_BOUND('',#259,.T.);
#259 = EDGE_LOOP('',(#260,#261,#269,#276));
#260 = ORIENTED_EDGE('',*,*,#232,.T.);
#261 = ORIENTED_EDGE('',*,*,#262,.T.);
#262 = EDGE_CURVE('',#233,#263,#265,.T.);
#263 = VERTEX_POINT('',#264);
#264 = CARTESIAN_POINT('',(0.8,0.,4.2));
#265 = LINE('',#266,#267);
#266 = CARTESIAN_POINT('',(0.8,0.,3.7));
#267 = VECTOR('',#268,1.);
#268 = DIRECTION('',(0.,0.,1.));
#269 = ORIENTED_EDGE('',*,*,#270,.F.);
#270 = EDGE_CURVE('',#263,#263,#271,.T.);
#271 = CIRCLE('',#272,0.8);
#272 = AXIS2_PLACEMENT_3D('',#273,#274,#275);
#273 = CARTESIAN_POINT('',(0.,0.,4.2));
#274 = DIRECTION('',(0.,0.,1.));
#275 = DIRECTION('',(1.,0.,-0.));
#276 = ORIENTED_EDGE('',*,*,#262,.F.);
#277 = CYLINDRICAL_SURFACE('',#278,0.8);
#278 = AXIS2_PLACEMENT_3D('',#279,#280,#281);
#279 = CARTESIAN_POINT('',(0.,0.,3.7));
#280 = DIRECTION('',(-0.,-0.,-1.));
#281 = DIRECTION('',(1.,0.,0.));
#282 = ADVANCED_FACE('',(#283),#303,.T.);
#283 = FACE_BOUND('',#284,.T.);
#284 = EDGE_LOOP('',(#285,#294,#295,#296));
#285 = ORIENTED_EDGE('',*,*,#286,.F.);
#286 = EDGE_CURVE('',#263,#287,#289,.T.);
#287 = VERTEX_POINT('',#288);
#288 = CARTESIAN_POINT('',(0.4,0.,4.6));
#289 = CIRCLE('',#290,0.4);
#290 = AXIS2_PLACEMENT_3D('',#291,#292,#293);
#291 = CARTESIAN_POINT('',(0.4,0.,4.2));
#292 = DIRECTION('',(0.,-1.,0.));
#293 = DIRECTION('',(1.,0.,0.));
#294 = ORIENTED_EDGE('',*,*,#270,.T.);
#295 = ORIENTED_EDGE('',*,*,#286,.T.);
#296 = ORIENTED_EDGE('',*,*,#297,.F.);
#297 = EDGE_CURVE('',#287,#287,#298,.T.);
#298 = CIRCLE('',#299,0.4);
#299 = AXIS2_PLACEMENT_3D('',#300,#301,#302);
#300 = CARTESIAN_POINT('',(0.,0.,4.6));
#301 = DIRECTION('',(0.,0.,1.));
#302 = DIRECTION('',(1.,0.,-0.));
#303 = TOROIDAL_SURFACE('',#304,0.4,0.4);
#304 = AXIS2_PLACEMENT_3D('',#305,#306,#307);
#305 = CARTESIAN_POINT('',(0.,0.,4.2));
#306 = DIRECTION('',(0.,0.,1.));
#307 = DIRECTION('',(1.,0.,-0.));
#308 = ADVANCED_FACE('',(#309,#312),#323,.F.);
#309 = FACE_BOUND('',#310,.F.);
#310 = EDGE_LOOP('',(#311));
#311 = ORIENTED_EDGE('',*,*,#297,.F.);
#312 = FACE_BOUND('',#313,.F.);
#313 = EDGE_LOOP('',(#314));
#314 = ORIENTED_EDGE('',*,*,#315,.T.);
#315 = EDGE_CURVE('',#316,#316,#318,.T.);
#316 = VERTEX_POINT('',#317);
#317 = CARTESIAN_POINT('',(0.25,0.,4.6));
#318 = CIRCLE('',#319,0.25);
#319 = AXIS2_PLACEMENT_3D('',#320,#321,#322);
#320 = CARTESIAN_POINT('',(0.,0.,4.6));
#321 = DIRECTION('',(0.,0.,1.));
#322 = DIRECTION('',(1.,0.,-0.));
#323 = PLANE('',#324);
#324 = AXIS2_PLACEMENT_3D('',#325,#326,#327);
#325 = CARTESIAN_POINT('',(0.8,0.,4.6));
#326 = DIRECTION('',(0.,0.,-1.));
#327 = DIRECTION('',(-1.,0.,0.));
#328 = ADVANCED_FACE('',(#329),#348,.T.);
#329 = FACE_BOUND('',#330,.T.);
#330 = EDGE_LOOP('',(#331,#332,#340,#347));
#331 = ORIENTED_EDGE('',*,*,#315,.T.);
#332 = ORIENTED_EDGE('',*,*,#333,.T.);
#333 = EDGE_CURVE('',#316,#334,#336,.T.);
#334 = VERTEX_POINT('',#335);
#335 = CARTESIAN_POINT('',(0.25,0.,5.6));
#336 = LINE('',#337,#338);
#337 = CARTESIAN_POINT('',(0.25,0.,-3.));
#338 = VECTOR('',#339,1.);
#339 = DIRECTION('',(0.,0.,1.));
#340 = ORIENTED_EDGE('',*,*,#341,.F.);
#341 = EDGE_CURVE('',#334,#334,#342,.T.);
#342 = CIRCLE('',#343,0.25);
#343 = AXIS2_PLACEMENT_3D('',#344,#345,#346);
#344 = CARTESIAN_POINT('',(0.,0.,5.6));
#345 = DIRECTION('',(0.,0.,1.));
#346 = DIRECTION('',(1.,0.,-0.));
#347 = ORIENTED_EDGE('',*,*,#333,.F.);
#348 = CYLINDRICAL_SURFACE('',#349,0.25);
#349 = AXIS2_PLACEMENT_3D('',#350,#351,#352);
#350 = CARTESIAN_POINT('',(0.,0.,-3.));
#351 = DIRECTION('',(0.,0.,1.));
#352 = DIRECTION('',(1.,0.,-0.));
#353 = ADVANCED_FACE('',(#354),#374,.T.);
#354 = FACE_BOUND('',#355,.T.);
#355 = EDGE_LOOP('',(#356,#365,#372,#373));
#356 = ORIENTED_EDGE('',*,*,#357,.T.);
#357 = EDGE_CURVE('',#334,#358,#360,.T.);
#358 = VERTEX_POINT('',#359);
#359 = CARTESIAN_POINT('',(0.75,0.,6.1));
#360 = CIRCLE('',#361,0.5);
#361 = AXIS2_PLACEMENT_3D('',#362,#363,#364);
#362 = CARTESIAN_POINT('',(0.75,9.184850993605E-17,5.6));
#363 = DIRECTION('',(0.,1.,-0.));
#364 = DIRECTION('',(-1.,0.,2.368475785867E-15));
#365 = ORIENTED_EDGE('',*,*,#366,.T.);
#366 = EDGE_CURVE('',#358,#358,#367,.T.);
#367 = CIRCLE('',#368,0.25);
#368 = AXIS2_PLACEMENT_3D('',#369,#370,#371);
#369 = CARTESIAN_POINT('',(0.75,0.,6.35));
#370 = DIRECTION('',(-1.,0.,-2.577737862441E-15));
#371 = DIRECTION('',(-2.577737862441E-15,0.,1.));
#372 = ORIENTED_EDGE('',*,*,#357,.F.);
#373 = ORIENTED_EDGE('',*,*,#341,.T.);
#374 = TOROIDAL_SURFACE('',#375,0.75,0.25);
#375 = AXIS2_PLACEMENT_3D('',#376,#377,#378);
#376 = CARTESIAN_POINT('',(0.75,0.,5.6));
#377 = DIRECTION('',(0.,1.,0.));
#378 = DIRECTION('',(-1.,0.,2.368475785867E-15));
#379 = ADVANCED_FACE('',(#380),#399,.T.);
#380 = FACE_BOUND('',#381,.T.);
#381 = EDGE_LOOP('',(#382,#390,#397,#398));
#382 = ORIENTED_EDGE('',*,*,#383,.T.);
#383 = EDGE_CURVE('',#358,#384,#386,.T.);
#384 = VERTEX_POINT('',#385);
#385 = CARTESIAN_POINT('',(1.79,0.,6.1));
#386 = LINE('',#387,#388);
#387 = CARTESIAN_POINT('',(0.75,0.,6.1));
#388 = VECTOR('',#389,1.);
#389 = DIRECTION('',(1.,0.,0.));
#390 = ORIENTED_EDGE('',*,*,#391,.F.);
#391 = EDGE_CURVE('',#384,#384,#392,.T.);
#392 = CIRCLE('',#393,0.25);
#393 = AXIS2_PLACEMENT_3D('',#394,#395,#396);
#394 = CARTESIAN_POINT('',(1.79,0.,6.35));
#395 = DIRECTION('',(1.,-0.,0.));
#396 = DIRECTION('',(0.,0.,-1.));
#397 = ORIENTED_EDGE('',*,*,#383,.F.);
#398 = ORIENTED_EDGE('',*,*,#366,.F.);
#399 = CYLINDRICAL_SURFACE('',#400,0.25);
#400 = AXIS2_PLACEMENT_3D('',#401,#402,#403);
#401 = CARTESIAN_POINT('',(0.75,0.,6.35));
#402 = DIRECTION('',(1.,0.,0.));
#403 = DIRECTION('',(0.,0.,-1.));
#404 = ADVANCED_FACE('',(#405),#425,.T.);
#405 = FACE_BOUND('',#406,.T.);
#406 = EDGE_LOOP('',(#407,#416,#423,#424));
#407 = ORIENTED_EDGE('',*,*,#408,.T.);
#408 = EDGE_CURVE('',#384,#409,#411,.T.);
#409 = VERTEX_POINT('',#410);
#410 = CARTESIAN_POINT('',(2.29,0.,5.6));
#411 = CIRCLE('',#412,0.5);
#412 = AXIS2_PLACEMENT_3D('',#413,#414,#415);
#413 = CARTESIAN_POINT('',(1.79,9.184850993605E-17,5.6));
#414 = DIRECTION('',(-0.,1.,0.));
#415 = DIRECTION('',(2.960594732334E-15,0.,1.));
#416 = ORIENTED_EDGE('',*,*,#417,.T.);
#417 = EDGE_CURVE('',#409,#409,#418,.T.);
#418 = CIRCLE('',#419,0.25);
#419 = AXIS2_PLACEMENT_3D('',#420,#421,#422);
#420 = CARTESIAN_POINT('',(2.54,0.,5.6));
#421 = DIRECTION('',(-2.429708125824E-15,0.,1.));
#422 = DIRECTION('',(1.,0.,2.429708125824E-15));
#423 = ORIENTED_EDGE('',*,*,#408,.F.);
#424 = ORIENTED_EDGE('',*,*,#391,.T.);
#425 = TOROIDAL_SURFACE('',#426,0.75,0.25);
#426 = AXIS2_PLACEMENT_3D('',#427,#428,#429);
#427 = CARTESIAN_POINT('',(1.79,0.,5.6));
#428 = DIRECTION('',(0.,1.,0.));
#429 = DIRECTION('',(2.960594732334E-15,-0.,1.));
#430 = ADVANCED_FACE('',(#431),#450,.T.);
#431 = FACE_BOUND('',#432,.T.);
#432 = EDGE_LOOP('',(#433,#441,#448,#449));
#433 = ORIENTED_EDGE('',*,*,#434,.T.);
#434 = EDGE_CURVE('',#409,#435,#437,.T.);
#435 = VERTEX_POINT('',#436);
#436 = CARTESIAN_POINT('',(2.29,-6.123233995737E-17,-3.));
#437 = LINE('',#438,#439);
#438 = CARTESIAN_POINT('',(2.29,0.,5.6));
#439 = VECTOR('',#440,1.);
#440 = DIRECTION('',(0.,0.,-1.));
#441 = ORIENTED_EDGE('',*,*,#442,.F.);
#442 = EDGE_CURVE('',#435,#435,#443,.T.);
#443 = CIRCLE('',#444,0.25);
#444 = AXIS2_PLACEMENT_3D('',#445,#446,#447);
#445 = CARTESIAN_POINT('',(2.54,0.,-3.));
#446 = DIRECTION('',(0.,0.,-1.));
#447 = DIRECTION('',(-1.,0.,0.));
#448 = ORIENTED_EDGE('',*,*,#434,.F.);
#449 = ORIENTED_EDGE('',*,*,#417,.F.);
#450 = CYLINDRICAL_SURFACE('',#451,0.25);
#451 = AXIS2_PLACEMENT_3D('',#452,#453,#454);
#452 = CARTESIAN_POINT('',(2.54,0.,5.6));
#453 = DIRECTION('',(0.,0.,-1.));
#454 = DIRECTION('',(-1.,0.,0.));
#455 = ADVANCED_FACE('',(#456),#459,.F.);
#456 = FACE_BOUND('',#457,.T.);
#457 = EDGE_LOOP('',(#458));
#458 = ORIENTED_EDGE('',*,*,#442,.T.);
#459 = PLANE('',#460);
#460 = AXIS2_PLACEMENT_3D('',#461,#462,#463);
#461 = CARTESIAN_POINT('',(2.29,0.,-3.));
#462 = DIRECTION('',(0.,0.,1.));
#463 = DIRECTION('',(1.,0.,-0.));
#464 = ( GEOMETRIC_REPRESENTATION_CONTEXT(3) 
GLOBAL_UNCERTAINTY_ASSIGNED_CONTEXT((#468)) GLOBAL_UNIT_ASSIGNED_CONTEXT
((#465,#466,#467)) REPRESENTATION_CONTEXT('Context #1',
  '3D Context with UNIT and UNCERTAINTY') );
#465 = ( LENGTH_UNIT() NAMED_UNIT(*) SI_UNIT(.MILLI.,.METRE.) );
#466 = ( NAMED_UNIT(*) PLANE_ANGLE_UNIT() SI_UNIT($,.RADIAN.) );
#467 = ( NAMED_UNIT(*) SI_UNIT($,.STERADIAN.) SOLID_ANGLE_UNIT() );
#468 = UNCERTAINTY_MEASURE_WITH_UNIT(LENGTH_MEASURE(1.E-07),#465,
  'distance_accuracy_value','confusion accuracy');
#469 = CONTEXT_DEPENDENT_SHAPE_REPRESENTATION(#470,#472);
#470 = ( REPRESENTATION_RELATIONSHIP('','',#76,#10) 
REPRESENTATION_RELATIONSHIP_WITH_TRANSFORMATION(#471) 
SHAPE_REPRESENTATION_RELATIONSHIP() );
#471 = ITEM_DEFINED_TRANSFORMATION('','',#11,#15);
#472 = PRODUCT_DEFINITION_SHAPE('Placement','Placement of an item',#473
  );
#473 = NEXT_ASSEMBLY_USAGE_OCCURRENCE('1','R1','',#5,#71,$);
#474 = PRODUCT_RELATED_PRODUCT_CATEGORY('part',$,(#73));
#475 = SHAPE_DEFINITION_REPRESENTATION(#476,#482);
#476 = PRODUCT_DEFINITION_SHAPE('','',#477);
#477 = PRODUCT_DEFINITION('design','',#478,#481);
#478 = PRODUCT_DEFINITION_FORMATION('','',#479);
#479 = PRODUCT('C_Disc_D3.0mm_W1.6mm_P2.50mm',
  'C_Disc_D3.0mm_W1.6mm_P2.50mm','',(#480));
#480 = PRODUCT_CONTEXT('',#2,'mechanical');
#481 = PRODUCT_DEFINITION_CONTEXT('part definition',#2,'design');
#482 = ADVANCED_BREP_SHAPE_REPRESENTATION('',(#11,#483),#1055);
#483 = MANIFOLD_SOLID_BREP('',#484);
#484 = CLOSED_SHELL('',(#485,#502,#527,#604,#705,#827,#935,#946,#993,
    #1009,#1021,#1046));
#485 = ADVANCED_FACE('',(#486),#497,.T.);
#486 = FACE_BOUND('',#487,.F.);
#487 = EDGE_LOOP('',(#488));
#488 = ORIENTED_EDGE('',*,*,#489,.T.);
#489 = EDGE_CURVE('',#490,#490,#492,.T.);
#490 = VERTEX_POINT('',#491);
#491 = CARTESIAN_POINT('',(2.5,0.25,-2.));
#492 = CIRCLE('',#493,0.25);
#493 = AXIS2_PLACEMENT_3D('',#494,#495,#496);
#494 = CARTESIAN_POINT('',(2.5,0.,-2.));
#495 = DIRECTION('',(0.,-0.,1.));
#496 = DIRECTION('',(1.144237745222E-17,1.,0.));
#497 = PLANE('',#498);
#498 = AXIS2_PLACEMENT_3D('',#499,#500,#501);
#499 = CARTESIAN_POINT('',(2.5,0.25,-2.));
#500 = DIRECTION('',(-0.,0.,-1.));
#501 = DIRECTION('',(-1.144237745222E-17,-1.,0.));
#502 = ADVANCED_FACE('',(#503),#522,.T.);
#503 = FACE_BOUND('',#504,.T.);
#504 = EDGE_LOOP('',(#505,#513,#520,#521));
#505 = ORIENTED_EDGE('',*,*,#506,.T.);
#506 = EDGE_CURVE('',#490,#507,#509,.T.);
#507 = VERTEX_POINT('',#508);
#508 = CARTESIAN_POINT('',(2.5,0.25,0.35));
#509 = LINE('',#510,#511);
#510 = CARTESIAN_POINT('',(2.5,0.25,-2.));
#511 = VECTOR('',#512,1.);
#512 = DIRECTION('',(0.,0.,1.));
#513 = ORIENTED_EDGE('',*,*,#514,.F.);
#514 = EDGE_CURVE('',#507,#507,#515,.T.);
#515 = CIRCLE('',#516,0.25);
#516 = AXIS2_PLACEMENT_3D('',#517,#518,#519);
#517 = CARTESIAN_POINT('',(2.5,0.,0.35));
#518 = DIRECTION('',(0.,-0.,1.));
#519 = DIRECTION('',(1.144237745222E-17,1.,0.));
#520 = ORIENTED_EDGE('',*,*,#506,.F.);
#521 = ORIENTED_EDGE('',*,*,#489,.T.);
#522 = CYLINDRICAL_SURFACE('',#523,0.25);
#523 = AXIS2_PLACEMENT_3D('',#524,#525,#526);
#524 = CARTESIAN_POINT('',(2.5,0.,-2.));
#525 = DIRECTION('',(0.,-0.,-1.));
#526 = DIRECTION('',(1.144237745222E-17,1.,0.));
#527 = ADVANCED_FACE('',(#528),#595,.F.);
#528 = FACE_BOUND('',#529,.F.);
#529 = EDGE_LOOP('',(#530,#539,#540,#541,#550,#569,#588));
#530 = ORIENTED_EDGE('',*,*,#531,.F.);
#531 = EDGE_CURVE('',#507,#532,#534,.T.);
#532 = VERTEX_POINT('',#533);
#533 = CARTESIAN_POINT('',(2.433012701892,0.25,0.6));
#534 = CIRCLE('',#535,0.5);
#535 = AXIS2_PLACEMENT_3D('',#536,#537,#538);
#536 = CARTESIAN_POINT('',(2.,0.25,0.35));
#537 = DIRECTION('',(-1.144237745222E-17,-1.,0.));
#538 = DIRECTION('',(1.,-1.144237745222E-17,0.));
#539 = ORIENTED_EDGE('',*,*,#514,.F.);
#540 = ORIENTED_EDGE('',*,*,#531,.T.);
#541 = ORIENTED_EDGE('',*,*,#542,.T.);
#542 = EDGE_CURVE('',#532,#543,#545,.T.);
#543 = VERTEX_POINT('',#544);
#544 = CARTESIAN_POINT('',(2.217535334911,2.434486445591E-02,
    0.475594084169));
#545 = CIRCLE('',#546,0.25);
#546 = AXIS2_PLACEMENT_3D('',#547,#548,#549);
#547 = CARTESIAN_POINT('',(2.433012701892,9.10220356247E-34,0.6));
#548 = DIRECTION('',(-0.5,5.721188726112E-18,0.866025403784));
#549 = DIRECTION('',(1.144237745222E-17,1.,0.));
#550 = ORIENTED_EDGE('',*,*,#551,.T.);
#551 = EDGE_CURVE('',#543,#552,#554,.T.);
#552 = VERTEX_POINT('',#553);
#553 = CARTESIAN_POINT('',(2.224613052181,1.110223043626E-16,
    0.459767831308));
#554 = B_SPLINE_CURVE_WITH_KNOTS('',4,(#555,#556,#557,#558,#559,#560,
    #561,#562,#563,#564,#565,#566,#567,#568),.UNSPECIFIED.,.F.,.F.,(5,3,
    3,3,5),(0.,0.248400389876,0.497765068444,0.748512223572,1.),
  .UNSPECIFIED.);
#555 = CARTESIAN_POINT('',(2.217535334911,2.434486445591E-02,
    0.475594084169));
#556 = CARTESIAN_POINT('',(2.217951714514,2.284741654514E-02,
    0.474579859586));
#557 = CARTESIAN_POINT('',(2.218371704922,2.134758825614E-02,
    0.47357064458));
#558 = CARTESIAN_POINT('',(2.218795373426,1.984538123217E-02,
    0.472566498623));
#559 = CARTESIAN_POINT('',(2.219651890884,1.683036917478E-02,
    0.470564608977));
#560 = CARTESIAN_POINT('',(2.220084769123,1.531754564879E-02,
    0.469566905332));
#561 = CARTESIAN_POINT('',(2.220521520759,1.380232508979E-02,
    0.468574454009));
#562 = CARTESIAN_POINT('',(2.221405413437,1.075867390914E-02,
    0.46659475348));
#563 = CARTESIAN_POINT('',(2.221852598667,9.230216650453E-03,
    0.465607563655));
#564 = CARTESIAN_POINT('',(2.222303902379,7.699333369348E-03,
    0.464625856973));
#565 = CARTESIAN_POINT('',(2.223216328747,4.6281820229E-03,0.46267072788
    ));
#566 = CARTESIAN_POINT('',(2.223677476482,3.087899626524E-03,
    0.461697338545));
#567 = CARTESIAN_POINT('',(2.224143005296,1.545172986482E-03,
    0.460729667432));
#568 = CARTESIAN_POINT('',(2.224613052181,1.942890293094E-16,
    0.459767831308));
#569 = ORIENTED_EDGE('',*,*,#570,.T.);
#570 = EDGE_CURVE('',#552,#571,#573,.T.);
#571 = VERTEX_POINT('',#572);
#572 = CARTESIAN_POINT('',(2.217535334911,-2.434486445591E-02,
    0.475594084169));
#573 = B_SPLINE_CURVE_WITH_KNOTS('',4,(#574,#575,#576,#577,#578,#579,
    #580,#581,#582,#583,#584,#585,#586,#587),.UNSPECIFIED.,.F.,.F.,(5,3,
    3,3,5),(0.,0.244937112107,0.494868224075,0.745180684557,1.),
  .UNSPECIFIED.);
#574 = CARTESIAN_POINT('',(2.224613052181,2.22044604925E-16,
    0.459767831308));
#575 = CARTESIAN_POINT('',(2.224148546269,-1.526958290714E-03,
    0.460718329185));
#576 = CARTESIAN_POINT('',(2.223689608274,-3.047728228418E-03,
    0.461672160252));
#577 = CARTESIAN_POINT('',(2.223236031415,-4.562422033291E-03,
    0.462629200182));
#578 = CARTESIAN_POINT('',(2.222330099836,-7.610620316887E-03,
    0.464569059252));
#579 = CARTESIAN_POINT('',(2.221877958505,-9.143878625316E-03,
    0.46555200604));
#580 = CARTESIAN_POINT('',(2.221431022663,-1.067102271806E-02,
    0.466538067852));
#581 = CARTESIAN_POINT('',(2.22054656206,-1.37155937918E-02,
    0.468517733736));
#582 = CARTESIAN_POINT('',(2.220109052623,-1.523300237247E-02,
    0.469511346922));
#583 = CARTESIAN_POINT('',(2.21967643758,-1.674446912059E-02,
    0.470507886821));
#584 = CARTESIAN_POINT('',(2.218813015193,-1.978279518374E-02,
    0.472524642713));
#585 = CARTESIAN_POINT('',(2.218382380542,-2.130944167929E-02,
    0.473544961839));
#586 = CARTESIAN_POINT('',(2.217956527914,-2.283010586137E-02,
    0.474568135024));
#587 = CARTESIAN_POINT('',(2.217535334911,-2.434486445591E-02,
    0.475594084169));
#588 = ORIENTED_EDGE('',*,*,#589,.T.);
#589 = EDGE_CURVE('',#571,#532,#590,.T.);
#590 = CIRCLE('',#591,0.25);
#591 = AXIS2_PLACEMENT_3D('',#592,#593,#594);
#592 = CARTESIAN_POINT('',(2.433012701892,9.10220356247E-34,0.6));
#593 = DIRECTION('',(-0.5,5.721188726112E-18,0.866025403784));
#594 = DIRECTION('',(1.144237745222E-17,1.,0.));
#595 = SURFACE_OF_REVOLUTION('',#596,#601);
#596 = CIRCLE('',#597,0.25);
#597 = AXIS2_PLACEMENT_3D('',#598,#599,#600);
#598 = CARTESIAN_POINT('',(2.5,0.,0.35));
#599 = DIRECTION('',(0.,-0.,1.));
#600 = DIRECTION('',(1.144237745222E-17,1.,0.));
#601 = AXIS1_PLACEMENT('',#602,#603);
#602 = CARTESIAN_POINT('',(2.,-1.5,0.35));
#603 = DIRECTION('',(-1.144237745222E-17,-1.,0.));
#604 = ADVANCED_FACE('',(#605),#700,.T.);
#605 = FACE_BOUND('',#606,.T.);
#606 = EDGE_LOOP('',(#607,#646,#693,#694));
#607 = ORIENTED_EDGE('',*,*,#608,.F.);
#608 = EDGE_CURVE('',#609,#611,#613,.T.);
#609 = VERTEX_POINT('',#610);
#610 = CARTESIAN_POINT('',(2.563038205034,1.110223043626E-16,
    0.874789222279));
#611 = VERTEX_POINT('',#612);
#612 = CARTESIAN_POINT('',(2.297807007493,0.25,0.834183132173));
#613 = B_SPLINE_CURVE_WITH_KNOTS('',7,(#614,#615,#616,#617,#618,#619,
    #620,#621,#622,#623,#624,#625,#626,#627,#628,#629,#630,#631,#632,
    #633,#634,#635,#636,#637,#638,#639,#640,#641,#642,#643,#644,#645),
  .UNSPECIFIED.,.F.,.F.,(8,6,6,6,6,8),(0.,0.267740014043,0.443416212032,
    0.667058149733,0.816388489247,1.),.UNSPECIFIED.);
#614 = CARTESIAN_POINT('',(2.563038205034,2.22044604925E-16,
    0.874789222279));
#615 = CARTESIAN_POINT('',(2.558750499259,1.094729631871E-02,
    0.882215746529));
#616 = CARTESIAN_POINT('',(2.55395063023,2.217206050281E-02,
    0.889411024689));
#617 = CARTESIAN_POINT('',(2.548589974797,3.370900425068E-02,
    0.896355798618));
#618 = CARTESIAN_POINT('',(2.542611954295,4.558345056327E-02,
    0.903009976217));
#619 = CARTESIAN_POINT('',(2.535941908455,5.781825329243E-02,
    0.909306214843));
#620 = CARTESIAN_POINT('',(2.528500219724,7.0427244984E-02,
    0.915157017953));
#621 = CARTESIAN_POINT('',(2.514642977047,9.201217776718E-02,
    0.923869406935));
#622 = CARTESIAN_POINT('',(2.508766038677,0.100728421683,0.927059664948)
  );
#623 = CARTESIAN_POINT('',(2.502454854556,0.109632589863,0.929953765146)
  );
#624 = CARTESIAN_POINT('',(2.495665471477,0.118724820486,0.932491642495)
  );
#625 = CARTESIAN_POINT('',(2.48836067524,0.127981693436,0.934590301383)
  );
#626 = CARTESIAN_POINT('',(2.48051330173,0.137355906288,0.936146278514)
  );
#627 = CARTESIAN_POINT('',(2.461411275884,0.15876799543,0.938173433123)
  );
#628 = CARTESIAN_POINT('',(2.449693675556,0.170966229978,0.938245064637)
  );
#629 = CARTESIAN_POINT('',(2.437159445476,0.182926862439,0.936932008481)
  );
#630 = CARTESIAN_POINT('',(2.424085215391,0.194221509826,0.934014130597)
  );
#631 = CARTESIAN_POINT('',(2.410816889923,0.204484721969,0.929440348357)
  );
#632 = CARTESIAN_POINT('',(2.397739154718,0.213456933416,0.923382413274)
  );
#633 = CARTESIAN_POINT('',(2.376977145018,0.226081959239,0.911569509376)
  );
#634 = CARTESIAN_POINT('',(2.369266086251,0.230316192821,0.906565184));
#635 = CARTESIAN_POINT('',(2.362116894451,0.233863125629,0.901412537594)
  );
#636 = CARTESIAN_POINT('',(2.355476876889,0.236838313977,0.896196127231)
  );
#637 = CARTESIAN_POINT('',(2.349280399061,0.23933960719,0.890958703643)
  );
#638 = CARTESIAN_POINT('',(2.343448884692,0.241447147604,0.885701211222)
  );
#639 = CARTESIAN_POINT('',(2.331056803032,0.245407353956,0.87384343558)
  );
#640 = CARTESIAN_POINT('',(2.324690539456,0.24707620983,0.86726805805));
#641 = CARTESIAN_POINT('',(2.318719369547,0.248312172959,0.860669674489)
  );
#642 = CARTESIAN_POINT('',(2.313084194704,0.249181141161,0.854057780271)
  );
#643 = CARTESIAN_POINT('',(2.307739473188,0.249732675293,0.84743834709)
  );
#644 = CARTESIAN_POINT('',(2.302653220123,0.249999999258,0.84081382295)
  );
#645 = CARTESIAN_POINT('',(2.297807007493,0.25,0.834183132173));
#646 = ORIENTED_EDGE('',*,*,#647,.F.);
#647 = EDGE_CURVE('',#571,#609,#648,.T.);
#648 = B_SPLINE_CURVE_WITH_KNOTS('',7,(#649,#650,#651,#652,#653,#654,
    #655,#656,#657,#658,#659,#660,#661,#662,#663,#664,#665,#666,#667,
    #668,#669,#670,#671,#672,#673,#674,#675,#676,#677,#678,#679,#680,
    #681,#682,#683,#684,#685,#686,#687,#688,#689,#690,#691,#692),
  .UNSPECIFIED.,.F.,.F.,(8,6,6,6,6,6,6,8),(0.,0.185228125002,
    0.374060575895,0.526130420227,0.665822947329,0.741834763413,
    0.868290409988,1.),.UNSPECIFIED.);
#649 = CARTESIAN_POINT('',(2.217535488199,-2.434431318045E-02,
    0.47559371079));
#650 = CARTESIAN_POINT('',(2.213190033507,-3.997202156933E-02,
    0.48617835976));
#651 = CARTESIAN_POINT('',(2.209662873558,-5.532444332252E-02,
    0.497604070073));
#652 = CARTESIAN_POINT('',(2.206924139422,-7.038297775749E-02,
    0.509831960865));
#653 = CARTESIAN_POINT('',(2.204962602306,-8.512209628811E-02,
    0.522837492764));
#654 = CARTESIAN_POINT('',(2.203778960313,-9.951118834769E-02,
    0.536604313523));
#655 = CARTESIAN_POINT('',(2.203386104698,-0.113514512009,0.551124684419
    ));
#656 = CARTESIAN_POINT('',(2.204254998867,-0.140928135341,0.581985656724
    ));
#657 = CARTESIAN_POINT('',(2.205548505784,-0.154305766098,0.598338259199
    ));
#658 = CARTESIAN_POINT('',(2.207729000061,-0.167192596568,0.615486349101
    ));
#659 = CARTESIAN_POINT('',(2.210851135582,-0.179526875515,0.633445336625
    ));
#660 = CARTESIAN_POINT('',(2.215000036943,-0.191211054301,0.652227437914
    ));
#661 = CARTESIAN_POINT('',(2.220274518154,-0.202124085331,0.671829736737
    ));
#662 = CARTESIAN_POINT('',(2.232191561063,-0.220096486186,0.708777649859
    ));
#663 = CARTESIAN_POINT('',(2.238344640014,-0.227457716484,0.725747951839
    ));
#664 = CARTESIAN_POINT('',(2.245451289259,-0.234108222217,0.743292559277
    ));
#665 = CARTESIAN_POINT('',(2.253647188569,-0.239898814233,0.761410939433
    ));
#666 = CARTESIAN_POINT('',(2.263092325563,-0.244584673987,0.780007457723
    ));
#667 = CARTESIAN_POINT('',(2.273931298944,-0.247877755572,0.798887083523
    ));
#668 = CARTESIAN_POINT('',(2.297869809077,-0.250694124013,0.83512509939)
  );
#669 = CARTESIAN_POINT('',(2.310785492055,-0.250510713344,0.852591124346
    ));
#670 = CARTESIAN_POINT('',(2.325194605256,-0.248401704424,0.869680553312
    ));
#671 = CARTESIAN_POINT('',(2.340979423245,-0.243979178124,0.885668119252
    ));
#672 = CARTESIAN_POINT('',(2.357836777286,-0.237035215676,0.899751005813
    ));
#673 = CARTESIAN_POINT('',(2.375162171004,-0.22768479064,0.911213500246)
  );
#674 = CARTESIAN_POINT('',(2.401024610665,-0.2109972239,0.924625599734)
  );
#675 = CARTESIAN_POINT('',(2.409677940904,-0.204873769318,0.928381064273
    ));
#676 = CARTESIAN_POINT('',(2.417889407216,-0.198597354641,0.931316374485
    ));
#677 = CARTESIAN_POINT('',(2.425685144792,-0.192232548213,0.933558642697
    ));
#678 = CARTESIAN_POINT('',(2.433098981537,-0.185818505507,0.935211437445
    ));
#679 = CARTESIAN_POINT('',(2.440172438068,-0.179368969124,0.936354783482
    ));
#680 = CARTESIAN_POINT('',(2.45823795796,-0.162064153923,0.938193696802)
  );
#681 = CARTESIAN_POINT('',(2.469137241682,-0.150723610791,0.938134026272
    ));
#682 = CARTESIAN_POINT('',(2.479569689403,-0.138980127102,0.936946794498
    ));
#683 = CARTESIAN_POINT('',(2.489485838459,-0.126944958883,0.934735683323
    ));
#684 = CARTESIAN_POINT('',(2.498858141554,-0.114709472051,0.931604725417
    ));
#685 = CARTESIAN_POINT('',(2.507673904206,-0.102343832394,0.927645573594
    ));
#686 = CARTESIAN_POINT('',(2.524534570896,-7.69310783417E-02,
    0.918028153748));
#687 = CARTESIAN_POINT('',(2.532453128043,-6.399620686478E-02,
    0.91235122172));
#688 = CARTESIAN_POINT('',(2.539740997549,-5.109732238613E-02,
    0.90599668038));
#689 = CARTESIAN_POINT('',(2.54642822325,-3.824167332937E-02,
    0.899025545386));
#690 = CARTESIAN_POINT('',(2.552533512005,-2.543632968902E-02,
    0.891481326393));
#691 = CARTESIAN_POINT('',(2.558068956271,-1.268740010332E-02,
    0.883396213612));
#692 = CARTESIAN_POINT('',(2.563038205034,2.22044604925E-16,
    0.874789222279));
#693 = ORIENTED_EDGE('',*,*,#589,.T.);
#694 = ORIENTED_EDGE('',*,*,#695,.T.);
#695 = EDGE_CURVE('',#532,#611,#696,.T.);
#696 = LINE('',#697,#698);
#697 = CARTESIAN_POINT('',(2.433012701892,0.25,0.6));
#698 = VECTOR('',#699,1.);
#699 = DIRECTION('',(-0.5,5.721188726112E-18,0.866025403784));
#700 = CYLINDRICAL_SURFACE('',#701,0.25);
#701 = AXIS2_PLACEMENT_3D('',#702,#703,#704);
#702 = CARTESIAN_POINT('',(2.433012701892,0.,0.6));
#703 = DIRECTION('',(0.5,-5.721188726112E-18,-0.866025403784));
#704 = DIRECTION('',(1.144237745222E-17,1.,0.));
#705 = ADVANCED_FACE('',(#706),#822,.T.);
#706 = FACE_BOUND('',#707,.T.);
#707 = EDGE_LOOP('',(#708,#719,#728,#765,#786,#805,#812,#813,#814,#821)
  );
#708 = ORIENTED_EDGE('',*,*,#709,.F.);
#709 = EDGE_CURVE('',#710,#712,#714,.T.);
#710 = VERTEX_POINT('',#711);
#711 = CARTESIAN_POINT('',(-0.25,1.110223043626E-16,1.6));
#712 = VERTEX_POINT('',#713);
#713 = CARTESIAN_POINT('',(1.25,-0.8,1.6));
#714 = CIRCLE('',#715,1.80625);
#715 = AXIS2_PLACEMENT_3D('',#716,#717,#718);
#716 = CARTESIAN_POINT('',(1.25,1.00625,1.6));
#717 = DIRECTION('',(0.,0.,1.));
#718 = DIRECTION('',(-0.83044982699,-0.557093425606,0.));
#719 = ORIENTED_EDGE('',*,*,#720,.T.);
#720 = EDGE_CURVE('',#710,#721,#723,.T.);
#721 = VERTEX_POINT('',#722);
#722 = CARTESIAN_POINT('',(-6.303820503361E-02,1.110223043626E-16,
    0.874789222279));
#723 = CIRCLE('',#724,1.5);
#724 = AXIS2_PLACEMENT_3D('',#725,#726,#727);
#725 = CARTESIAN_POINT('',(1.25,1.110223043626E-16,1.6));
#726 = DIRECTION('',(0.,-1.,0.));
#727 = DIRECTION('',(-1.,0.,0.));
#728 = ORIENTED_EDGE('',*,*,#729,.T.);
#729 = EDGE_CURVE('',#721,#730,#732,.T.);
#730 = VERTEX_POINT('',#731);
#731 = CARTESIAN_POINT('',(0.202192992507,-0.25,0.834183132173));
#732 = B_SPLINE_CURVE_WITH_KNOTS('',7,(#733,#734,#735,#736,#737,#738,
    #739,#740,#741,#742,#743,#744,#745,#746,#747,#748,#749,#750,#751,
    #752,#753,#754,#755,#756,#757,#758,#759,#760,#761,#762,#763,#764),
  .UNSPECIFIED.,.F.,.F.,(8,6,6,6,6,8),(0.,0.26774001407,0.443416212054,
    0.667058149754,0.816388489271,1.),.UNSPECIFIED.);
#733 = CARTESIAN_POINT('',(-6.303820503361E-02,1.942890293094E-16,
    0.874789222279));
#734 = CARTESIAN_POINT('',(-5.87504992586E-02,-1.094729631979E-02,
    0.88221574653));
#735 = CARTESIAN_POINT('',(-5.39506302292E-02,-2.217206050503E-02,
    0.88941102469));
#736 = CARTESIAN_POINT('',(-4.858997479546E-02,-3.370900425408E-02,
    0.89635579862));
#737 = CARTESIAN_POINT('',(-4.261195429241E-02,-4.558345056797E-02,
    0.903009976219));
#738 = CARTESIAN_POINT('',(-3.594190845172E-02,-5.781825329847E-02,
    0.909306214846));
#739 = CARTESIAN_POINT('',(-2.850021972E-02,-7.042724499148E-02,
    0.915157017956));
#740 = CARTESIAN_POINT('',(-1.464297704076E-02,-9.201217777604E-02,
    0.923869406938));
#741 = CARTESIAN_POINT('',(-8.76603867101E-03,-0.100728421692,
    0.927059664951));
#742 = CARTESIAN_POINT('',(-2.454854549703E-03,-0.109632589871,
    0.929953765148));
#743 = CARTESIAN_POINT('',(4.334528529849E-03,-0.118724820495,
    0.932491642497));
#744 = CARTESIAN_POINT('',(1.163932476696E-02,-0.127981693445,
    0.934590301384));
#745 = CARTESIAN_POINT('',(1.948669827656E-02,-0.137355906296,
    0.936146278515));
#746 = CARTESIAN_POINT('',(3.858872412273E-02,-0.158767995438,
    0.938173433123));
#747 = CARTESIAN_POINT('',(5.030632445176E-02,-0.170966229985,
    0.938245064636));
#748 = CARTESIAN_POINT('',(6.284055453206E-02,-0.182926862446,
    0.93693200848));
#749 = CARTESIAN_POINT('',(7.59147846165E-02,-0.194221509833,
    0.934014130594));
#750 = CARTESIAN_POINT('',(8.918311008454E-02,-0.204484721975,
    0.929440348354));
#751 = CARTESIAN_POINT('',(0.10226084529,-0.213456933421,0.923382413271)
  );
#752 = CARTESIAN_POINT('',(0.123022854989,-0.226081959243,0.911569509372
    ));
#753 = CARTESIAN_POINT('',(0.130733913756,-0.230316192824,0.906565183995
    ));
#754 = CARTESIAN_POINT('',(0.137883105555,-0.233863125632,0.901412537589
    ));
#755 = CARTESIAN_POINT('',(0.144523123117,-0.23683831398,0.896196127226)
  );
#756 = CARTESIAN_POINT('',(0.150719600945,-0.239339607193,0.890958703638
    ));
#757 = CARTESIAN_POINT('',(0.156551115314,-0.241447147606,0.885701211216
    ));
#758 = CARTESIAN_POINT('',(0.168943196973,-0.245407353957,0.873843435575
    ));
#759 = CARTESIAN_POINT('',(0.175309460548,-0.247076209831,0.867268058046
    ));
#760 = CARTESIAN_POINT('',(0.181280630456,-0.24831217296,0.860669674486)
  );
#761 = CARTESIAN_POINT('',(0.186915805298,-0.249181141161,0.854057780269
    ));
#762 = CARTESIAN_POINT('',(0.192260526813,-0.249732675293,0.847438347088
    ));
#763 = CARTESIAN_POINT('',(0.197346779878,-0.249999999258,0.840813822949
    ));
#764 = CARTESIAN_POINT('',(0.202192992507,-0.25,0.834183132173));
#765 = ORIENTED_EDGE('',*,*,#766,.T.);
#766 = EDGE_CURVE('',#730,#767,#769,.T.);
#767 = VERTEX_POINT('',#768);
#768 = CARTESIAN_POINT('',(0.282464665089,-2.434486445591E-02,
    0.475594084169));
#769 = B_SPLINE_CURVE_WITH_KNOTS('',8,(#770,#771,#772,#773,#774,#775,
    #776,#777,#778,#779,#780,#781,#782,#783,#784,#785),.UNSPECIFIED.,.F.
  ,.F.,(9,7,9),(0.,0.520000440632,1.),.UNSPECIFIED.);
#770 = CARTESIAN_POINT('',(0.202192992507,-0.25,0.834183132173));
#771 = CARTESIAN_POINT('',(0.217286909229,-0.249999997688,0.8135313098)
  );
#772 = CARTESIAN_POINT('',(0.231284684278,-0.247497364325,0.791250415162
    ));
#773 = CARTESIAN_POINT('',(0.244131945684,-0.242542549657,0.767586802874
    ));
#774 = CARTESIAN_POINT('',(0.255739508321,-0.235147621514,0.742796340686
    ));
#775 = CARTESIAN_POINT('',(0.265998826773,-0.225327876297,0.717165081345
    ));
#776 = CARTESIAN_POINT('',(0.274781085869,-0.213117122775,0.691017285479
    ));
#777 = CARTESIAN_POINT('',(0.281940370988,-0.198589898916,0.664722610569
    ));
#778 = CARTESIAN_POINT('',(0.292326879974,-0.166539892431,0.614706634805
    ));
#779 = CARTESIAN_POINT('',(0.295819826158,-0.149316322273,0.590916083758
    ));
#780 = CARTESIAN_POINT('',(0.297667313982,-0.13051299246,0.567881934998)
  );
#781 = CARTESIAN_POINT('',(0.297827389032,-0.110444011262,0.546014838932
    ));
#782 = CARTESIAN_POINT('',(0.29630666638,-8.944485510053E-02,
    0.525642875855));
#783 = CARTESIAN_POINT('',(0.293163988634,-6.786499972241E-02,
    0.507012297791));
#784 = CARTESIAN_POINT('',(0.288500517973,-4.605181008705E-02,
    0.490296201332));
#785 = CARTESIAN_POINT('',(0.282464511801,-2.434431318045E-02,
    0.47559371079));
#786 = ORIENTED_EDGE('',*,*,#787,.T.);
#787 = EDGE_CURVE('',#767,#788,#790,.T.);
#788 = VERTEX_POINT('',#789);
#789 = CARTESIAN_POINT('',(0.275386947819,1.110223043626E-16,
    0.459767831308));
#790 = B_SPLINE_CURVE_WITH_KNOTS('',4,(#791,#792,#793,#794,#795,#796,
    #797,#798,#799,#800,#801,#802,#803,#804),.UNSPECIFIED.,.F.,.F.,(5,3,
    3,3,5),(0.,0.248400389876,0.497765068444,0.748512223572,1.),
  .UNSPECIFIED.);
#791 = CARTESIAN_POINT('',(0.282464665089,-2.434486445591E-02,
    0.475594084169));
#792 = CARTESIAN_POINT('',(0.282048285486,-2.284741654514E-02,
    0.474579859586));
#793 = CARTESIAN_POINT('',(0.281628295078,-2.134758825614E-02,
    0.47357064458));
#794 = CARTESIAN_POINT('',(0.281204626574,-1.984538123217E-02,
    0.472566498623));
#795 = CARTESIAN_POINT('',(0.280348109116,-1.683036917478E-02,
    0.470564608977));
#796 = CARTESIAN_POINT('',(0.279915230877,-1.531754564879E-02,
    0.469566905332));
#797 = CARTESIAN_POINT('',(0.279478479241,-1.380232508979E-02,
    0.468574454009));
#798 = CARTESIAN_POINT('',(0.278594586563,-1.075867390914E-02,
    0.46659475348));
#799 = CARTESIAN_POINT('',(0.278147401333,-9.230216650452E-03,
    0.465607563655));
#800 = CARTESIAN_POINT('',(0.277696097621,-7.699333369348E-03,
    0.464625856973));
#801 = CARTESIAN_POINT('',(0.276783671253,-4.628182022901E-03,
    0.46267072788));
#802 = CARTESIAN_POINT('',(0.276322523518,-3.087899626522E-03,
    0.461697338545));
#803 = CARTESIAN_POINT('',(0.275856994704,-1.545172986482E-03,
    0.460729667432));
#804 = CARTESIAN_POINT('',(0.275386947819,2.185751579731E-16,
    0.459767831308));
#805 = ORIENTED_EDGE('',*,*,#806,.T.);
#806 = EDGE_CURVE('',#788,#552,#807,.T.);
#807 = CIRCLE('',#808,1.5);
#808 = AXIS2_PLACEMENT_3D('',#809,#810,#811);
#809 = CARTESIAN_POINT('',(1.25,1.110223043626E-16,1.6));
#810 = DIRECTION('',(0.,-1.,0.));
#811 = DIRECTION('',(-1.,0.,0.));
#812 = ORIENTED_EDGE('',*,*,#570,.T.);
#813 = ORIENTED_EDGE('',*,*,#647,.T.);
#814 = ORIENTED_EDGE('',*,*,#815,.T.);
#815 = EDGE_CURVE('',#609,#710,#816,.T.);
#816 = CIRCLE('',#817,1.5);
#817 = AXIS2_PLACEMENT_3D('',#818,#819,#820);
#818 = CARTESIAN_POINT('',(1.25,1.110223043626E-16,1.6));
#819 = DIRECTION('',(0.,-1.,0.));
#820 = DIRECTION('',(-1.,0.,0.));
#821 = ORIENTED_EDGE('',*,*,#709,.T.);
#822 = SPHERICAL_SURFACE('',#823,1.80625);
#823 = AXIS2_PLACEMENT_3D('',#824,#825,#826);
#824 = CARTESIAN_POINT('',(1.25,1.00625,1.6));
#825 = DIRECTION('',(0.,-1.,0.));
#826 = DIRECTION('',(-1.,0.,0.));
#827 = ADVANCED_FACE('',(#828),#930,.T.);
#828 = FACE_BOUND('',#829,.T.);
#829 = EDGE_LOOP('',(#830,#839,#840,#841,#842,#861,#862,#863,#882,#929)
  );
#830 = ORIENTED_EDGE('',*,*,#831,.F.);
#831 = EDGE_CURVE('',#832,#710,#834,.T.);
#832 = VERTEX_POINT('',#833);
#833 = CARTESIAN_POINT('',(1.25,0.8,1.6));
#834 = CIRCLE('',#835,1.80625);
#835 = AXIS2_PLACEMENT_3D('',#836,#837,#838);
#836 = CARTESIAN_POINT('',(1.25,-1.00625,1.6));
#837 = DIRECTION('',(0.,0.,1.));
#838 = DIRECTION('',(-9.219845187199E-17,1.,0.));
#839 = ORIENTED_EDGE('',*,*,#831,.T.);
#840 = ORIENTED_EDGE('',*,*,#815,.F.);
#841 = ORIENTED_EDGE('',*,*,#608,.T.);
#842 = ORIENTED_EDGE('',*,*,#843,.T.);
#843 = EDGE_CURVE('',#611,#543,#844,.T.);
#844 = B_SPLINE_CURVE_WITH_KNOTS('',8,(#845,#846,#847,#848,#849,#850,
    #851,#852,#853,#854,#855,#856,#857,#858,#859,#860),.UNSPECIFIED.,.F.
  ,.F.,(9,7,9),(0.,0.520000440624,1.),.UNSPECIFIED.);
#845 = CARTESIAN_POINT('',(2.297807007493,0.25,0.834183132173));
#846 = CARTESIAN_POINT('',(2.282713090772,0.249999997688,0.8135313098));
#847 = CARTESIAN_POINT('',(2.268715315723,0.247497364325,0.791250415163)
  );
#848 = CARTESIAN_POINT('',(2.255868054316,0.242542549657,0.767586802875)
  );
#849 = CARTESIAN_POINT('',(2.24426049168,0.235147621515,0.742796340687)
  );
#850 = CARTESIAN_POINT('',(2.234001173228,0.225327876298,0.717165081347)
  );
#851 = CARTESIAN_POINT('',(2.225218914132,0.213117122776,0.691017285481)
  );
#852 = CARTESIAN_POINT('',(2.218059629012,0.198589898918,0.664722610572)
  );
#853 = CARTESIAN_POINT('',(2.207673120027,0.166539892433,0.614706634808)
  );
#854 = CARTESIAN_POINT('',(2.204180173842,0.149316322274,0.59091608376)
  );
#855 = CARTESIAN_POINT('',(2.202332686019,0.130512992462,0.567881935));
#856 = CARTESIAN_POINT('',(2.202172610968,0.110444011263,0.546014838934)
  );
#857 = CARTESIAN_POINT('',(2.20369333362,8.94448551015E-02,
    0.525642875856));
#858 = CARTESIAN_POINT('',(2.206836011366,6.786499972311E-02,
    0.507012297792));
#859 = CARTESIAN_POINT('',(2.211499482027,4.605181008737E-02,
    0.490296201332));
#860 = CARTESIAN_POINT('',(2.217535488199,2.434431318045E-02,
    0.47559371079));
#861 = ORIENTED_EDGE('',*,*,#551,.T.);
#862 = ORIENTED_EDGE('',*,*,#806,.F.);
#863 = ORIENTED_EDGE('',*,*,#864,.T.);
#864 = EDGE_CURVE('',#788,#865,#867,.T.);
#865 = VERTEX_POINT('',#866);
#866 = CARTESIAN_POINT('',(0.282464665089,2.434486445591E-02,
    0.475594084169));
#867 = B_SPLINE_CURVE_WITH_KNOTS('',4,(#868,#869,#870,#871,#872,#873,
    #874,#875,#876,#877,#878,#879,#880,#881),.UNSPECIFIED.,.F.,.F.,(5,3,
    3,3,5),(0.,0.244937112113,0.494868224081,0.745180684562,1.),
  .UNSPECIFIED.);
#868 = CARTESIAN_POINT('',(0.275386947819,3.330669073875E-16,
    0.459767831308));
#869 = CARTESIAN_POINT('',(0.275851453731,1.526958290749E-03,
    0.460718329185));
#870 = CARTESIAN_POINT('',(0.276310391726,3.047728228489E-03,
    0.461672160252));
#871 = CARTESIAN_POINT('',(0.276763968585,4.562422033395E-03,
    0.462629200182));
#872 = CARTESIAN_POINT('',(0.277669900164,7.610620317027E-03,
    0.464569059252));
#873 = CARTESIAN_POINT('',(0.278122041495,9.143878625453E-03,
    0.46555200604));
#874 = CARTESIAN_POINT('',(0.278568977337,1.06710227182E-02,
    0.466538067852));
#875 = CARTESIAN_POINT('',(0.27945343794,1.371559379194E-02,
    0.468517733736));
#876 = CARTESIAN_POINT('',(0.279890947377,1.523300237261E-02,
    0.469511346922));
#877 = CARTESIAN_POINT('',(0.28032356242,1.674446912073E-02,
    0.470507886821));
#878 = CARTESIAN_POINT('',(0.281186984807,1.978279518385E-02,
    0.472524642713));
#879 = CARTESIAN_POINT('',(0.281617619458,2.130944167936E-02,
    0.473544961839));
#880 = CARTESIAN_POINT('',(0.282043472086,2.28301058614E-02,
    0.474568135024));
#881 = CARTESIAN_POINT('',(0.282464665089,2.434486445591E-02,
    0.475594084169));
#882 = ORIENTED_EDGE('',*,*,#883,.T.);
#883 = EDGE_CURVE('',#865,#721,#884,.T.);
#884 = B_SPLINE_CURVE_WITH_KNOTS('',7,(#885,#886,#887,#888,#889,#890,
    #891,#892,#893,#894,#895,#896,#897,#898,#899,#900,#901,#902,#903,
    #904,#905,#906,#907,#908,#909,#910,#911,#912,#913,#914,#915,#916,
    #917,#918,#919,#920,#921,#922,#923,#924,#925,#926,#927,#928),
  .UNSPECIFIED.,.F.,.F.,(8,6,6,6,6,6,6,8),(0.,0.185228125005,
    0.374060575894,0.526130420229,0.665822947334,0.741834763422,
    0.868290409997,1.),.UNSPECIFIED.);
#885 = CARTESIAN_POINT('',(0.282464511801,2.434431318045E-02,
    0.47559371079));
#886 = CARTESIAN_POINT('',(0.286809966493,3.997202156967E-02,
    0.48617835976));
#887 = CARTESIAN_POINT('',(0.290337126442,5.532444332319E-02,
    0.497604070074));
#888 = CARTESIAN_POINT('',(0.293075860578,7.038297775846E-02,
    0.509831960865));
#889 = CARTESIAN_POINT('',(0.295037397694,8.512209628938E-02,
    0.522837492765));
#890 = CARTESIAN_POINT('',(0.296221039687,9.951118834923E-02,
    0.536604313524));
#891 = CARTESIAN_POINT('',(0.296613895302,0.113514512011,0.551124684421)
  );
#892 = CARTESIAN_POINT('',(0.295745001133,0.140928135343,0.581985656726)
  );
#893 = CARTESIAN_POINT('',(0.294451494215,0.154305766099,0.5983382592));
#894 = CARTESIAN_POINT('',(0.292270999938,0.167192596569,0.615486349103)
  );
#895 = CARTESIAN_POINT('',(0.289148864418,0.179526875516,0.633445336626)
  );
#896 = CARTESIAN_POINT('',(0.284999963057,0.191211054302,0.652227437915)
  );
#897 = CARTESIAN_POINT('',(0.279725481846,0.202124085331,0.671829736737)
  );
#898 = CARTESIAN_POINT('',(0.267808438937,0.220096486187,0.70877764986)
  );
#899 = CARTESIAN_POINT('',(0.261655359985,0.227457716485,0.72574795184)
  );
#900 = CARTESIAN_POINT('',(0.25454871074,0.234108222218,0.743292559279)
  );
#901 = CARTESIAN_POINT('',(0.24635281143,0.239898814233,0.761410939435)
  );
#902 = CARTESIAN_POINT('',(0.236907674436,0.244584673988,0.780007457726)
  );
#903 = CARTESIAN_POINT('',(0.226068701054,0.247877755572,0.798887083527)
  );
#904 = CARTESIAN_POINT('',(0.20213019092,0.250694124014,0.835125099394)
  );
#905 = CARTESIAN_POINT('',(0.189214507942,0.250510713344,0.85259112435)
  );
#906 = CARTESIAN_POINT('',(0.17480539474,0.248401704424,0.869680553317)
  );
#907 = CARTESIAN_POINT('',(0.15902057675,0.243979178122,0.885668119256)
  );
#908 = CARTESIAN_POINT('',(0.142163222708,0.237035215674,0.899751005817)
  );
#909 = CARTESIAN_POINT('',(0.12483782899,0.227684790637,0.91121350025));
#910 = CARTESIAN_POINT('',(9.897538932885E-02,0.210997223896,
    0.924625599737));
#911 = CARTESIAN_POINT('',(9.032205908896E-02,0.204873769313,
    0.928381064275));
#912 = CARTESIAN_POINT('',(8.211059277688E-02,0.198597354636,
    0.931316374488));
#913 = CARTESIAN_POINT('',(7.431485520061E-02,0.192232548208,
    0.933558642699));
#914 = CARTESIAN_POINT('',(6.690101845565E-02,0.185818505501,
    0.935211437447));
#915 = CARTESIAN_POINT('',(5.982756192504E-02,0.179368969118,
    0.936354783484));
#916 = CARTESIAN_POINT('',(4.176204203262E-02,0.162064153915,
    0.938193696802));
#917 = CARTESIAN_POINT('',(3.086275831101E-02,0.150723610784,
    0.938134026271));
#918 = CARTESIAN_POINT('',(2.04303105909E-02,0.138980127095,
    0.936946794497));
#919 = CARTESIAN_POINT('',(1.051416153433E-02,0.126944958875,
    0.934735683321));
#920 = CARTESIAN_POINT('',(1.141858438483E-03,0.114709472041,
    0.931604725414));
#921 = CARTESIAN_POINT('',(-7.673904213815E-03,0.102343832383,
    0.927645573591));
#922 = CARTESIAN_POINT('',(-2.453457090134E-02,7.69310783329E-02,
    0.918028153744));
#923 = CARTESIAN_POINT('',(-3.245312804689E-02,6.399620685747E-02,
    0.912351221716));
#924 = CARTESIAN_POINT('',(-3.974099755234E-02,5.10973223803E-02,
    0.905996680377));
#925 = CARTESIAN_POINT('',(-4.642822325171E-02,3.824167332501E-02,
    0.899025545383));
#926 = CARTESIAN_POINT('',(-5.253351200581E-02,2.543632968614E-02,
    0.891481326391));
#927 = CARTESIAN_POINT('',(-5.80689562714E-02,1.268740010188E-02,
    0.883396213611));
#928 = CARTESIAN_POINT('',(-6.303820503361E-02,2.22044604925E-16,
    0.874789222279));
#929 = ORIENTED_EDGE('',*,*,#720,.F.);
#930 = SPHERICAL_SURFACE('',#931,1.80625);
#931 = AXIS2_PLACEMENT_3D('',#932,#933,#934);
#932 = CARTESIAN_POINT('',(1.25,-1.00625,1.6));
#933 = DIRECTION('',(0.,-1.,0.));
#934 = DIRECTION('',(-1.,0.,0.));
#935 = ADVANCED_FACE('',(#936),#941,.T.);
#936 = FACE_BOUND('',#937,.T.);
#937 = EDGE_LOOP('',(#938,#939,#940));
#938 = ORIENTED_EDGE('',*,*,#843,.F.);
#939 = ORIENTED_EDGE('',*,*,#695,.F.);
#940 = ORIENTED_EDGE('',*,*,#542,.T.);
#941 = CYLINDRICAL_SURFACE('',#942,0.25);
#942 = AXIS2_PLACEMENT_3D('',#943,#944,#945);
#943 = CARTESIAN_POINT('',(2.433012701892,0.,0.6));
#944 = DIRECTION('',(0.5,-5.721188726112E-18,-0.866025403784));
#945 = DIRECTION('',(1.144237745222E-17,1.,0.));
#946 = ADVANCED_FACE('',(#947),#984,.F.);
#947 = FACE_BOUND('',#948,.F.);
#948 = EDGE_LOOP('',(#949,#960,#967,#968,#975,#976,#977));
#949 = ORIENTED_EDGE('',*,*,#950,.F.);
#950 = EDGE_CURVE('',#951,#953,#955,.T.);
#951 = VERTEX_POINT('',#952);
#952 = CARTESIAN_POINT('',(1.110223024625E-16,-0.25,0.35));
#953 = VERTEX_POINT('',#954);
#954 = CARTESIAN_POINT('',(6.698729810778E-02,-0.25,0.6));
#955 = CIRCLE('',#956,0.5);
#956 = AXIS2_PLACEMENT_3D('',#957,#958,#959);
#957 = CARTESIAN_POINT('',(0.5,-0.25,0.35));
#958 = DIRECTION('',(-1.110223024625E-16,1.,0.));
#959 = DIRECTION('',(-1.,-1.110223024625E-16,0.));
#960 = ORIENTED_EDGE('',*,*,#961,.F.);
#961 = EDGE_CURVE('',#951,#951,#962,.T.);
#962 = CIRCLE('',#963,0.25);
#963 = AXIS2_PLACEMENT_3D('',#964,#965,#966);
#964 = CARTESIAN_POINT('',(8.326672684689E-17,0.,0.35));
#965 = DIRECTION('',(-0.,0.,1.));
#966 = DIRECTION('',(1.110223024625E-16,-1.,0.));
#967 = ORIENTED_EDGE('',*,*,#950,.T.);
#968 = ORIENTED_EDGE('',*,*,#969,.T.);
#969 = EDGE_CURVE('',#953,#767,#970,.T.);
#970 = CIRCLE('',#971,0.25);
#971 = AXIS2_PLACEMENT_3D('',#972,#973,#974);
#972 = CARTESIAN_POINT('',(6.698729810778E-02,8.831622634437E-33,0.6));
#973 = DIRECTION('',(0.5,5.551115123128E-17,0.866025403784));
#974 = DIRECTION('',(1.110223024625E-16,-1.,8.646655078321E-30));
#975 = ORIENTED_EDGE('',*,*,#787,.T.);
#976 = ORIENTED_EDGE('',*,*,#864,.T.);
#977 = ORIENTED_EDGE('',*,*,#978,.T.);
#978 = EDGE_CURVE('',#865,#953,#979,.T.);
#979 = CIRCLE('',#980,0.25);
#980 = AXIS2_PLACEMENT_3D('',#981,#982,#983);
#981 = CARTESIAN_POINT('',(6.698729810778E-02,8.831622634437E-33,0.6));
#982 = DIRECTION('',(0.5,5.551115123128E-17,0.866025403784));
#983 = DIRECTION('',(1.110223024625E-16,-1.,8.646655078321E-30));
#984 = SURFACE_OF_REVOLUTION('',#985,#990);
#985 = CIRCLE('',#986,0.25);
#986 = AXIS2_PLACEMENT_3D('',#987,#988,#989);
#987 = CARTESIAN_POINT('',(8.326672684689E-17,0.,0.35));
#988 = DIRECTION('',(-0.,0.,1.));
#989 = DIRECTION('',(1.110223024625E-16,-1.,0.));
#990 = AXIS1_PLACEMENT('',#991,#992);
#991 = CARTESIAN_POINT('',(0.5,1.5,0.35));
#992 = DIRECTION('',(-1.110223024625E-16,1.,0.));
#993 = ADVANCED_FACE('',(#994),#1004,.T.);
#994 = FACE_BOUND('',#995,.T.);
#995 = EDGE_LOOP('',(#996,#997,#1003));
#996 = ORIENTED_EDGE('',*,*,#766,.F.);
#997 = ORIENTED_EDGE('',*,*,#998,.F.);
#998 = EDGE_CURVE('',#953,#730,#999,.T.);
#999 = LINE('',#1000,#1001);
#1000 = CARTESIAN_POINT('',(6.698729810778E-02,-0.25,0.6));
#1001 = VECTOR('',#1002,1.);
#1002 = DIRECTION('',(0.5,5.551115123128E-17,0.866025403784));
#1003 = ORIENTED_EDGE('',*,*,#969,.T.);
#1004 = CYLINDRICAL_SURFACE('',#1005,0.25);
#1005 = AXIS2_PLACEMENT_3D('',#1006,#1007,#1008);
#1006 = CARTESIAN_POINT('',(6.698729810778E-02,0.,0.6));
#1007 = DIRECTION('',(-0.5,-5.551115123128E-17,-0.866025403784));
#1008 = DIRECTION('',(1.110223024625E-16,-1.,8.646655078321E-30));
#1009 = ADVANCED_FACE('',(#1010),#1016,.T.);
#1010 = FACE_BOUND('',#1011,.T.);
#1011 = EDGE_LOOP('',(#1012,#1013,#1014,#1015));
#1012 = ORIENTED_EDGE('',*,*,#729,.F.);
#1013 = ORIENTED_EDGE('',*,*,#883,.F.);
#1014 = ORIENTED_EDGE('',*,*,#978,.T.);
#1015 = ORIENTED_EDGE('',*,*,#998,.T.);
#1016 = CYLINDRICAL_SURFACE('',#1017,0.25);
#1017 = AXIS2_PLACEMENT_3D('',#1018,#1019,#1020);
#1018 = CARTESIAN_POINT('',(6.698729810778E-02,0.,0.6));
#1019 = DIRECTION('',(-0.5,-5.551115123128E-17,-0.866025403784));
#1020 = DIRECTION('',(1.110223024625E-16,-1.,8.646655078321E-30));
#1021 = ADVANCED_FACE('',(#1022),#1041,.T.);
#1022 = FACE_BOUND('',#1023,.T.);
#1023 = EDGE_LOOP('',(#1024,#1032,#1033,#1034));
#1024 = ORIENTED_EDGE('',*,*,#1025,.T.);
#1025 = EDGE_CURVE('',#1026,#951,#1028,.T.);
#1026 = VERTEX_POINT('',#1027);
#1027 = CARTESIAN_POINT('',(1.110223024625E-16,-0.25,-2.));
#1028 = LINE('',#1029,#1030);
#1029 = CARTESIAN_POINT('',(1.110223024625E-16,-0.25,-2.));
#1030 = VECTOR('',#1031,1.);
#1031 = DIRECTION('',(0.,0.,1.));
#1032 = ORIENTED_EDGE('',*,*,#961,.F.);
#1033 = ORIENTED_EDGE('',*,*,#1025,.F.);
#1034 = ORIENTED_EDGE('',*,*,#1035,.T.);
#1035 = EDGE_CURVE('',#1026,#1026,#1036,.T.);
#1036 = CIRCLE('',#1037,0.25);
#1037 = AXIS2_PLACEMENT_3D('',#1038,#1039,#1040);
#1038 = CARTESIAN_POINT('',(8.326672684689E-17,0.,-2.));
#1039 = DIRECTION('',(-0.,0.,1.));
#1040 = DIRECTION('',(1.110223024625E-16,-1.,0.));
#1041 = CYLINDRICAL_SURFACE('',#1042,0.25);
#1042 = AXIS2_PLACEMENT_3D('',#1043,#1044,#1045);
#1043 = CARTESIAN_POINT('',(8.326672684689E-17,0.,-2.));
#1044 = DIRECTION('',(-0.,0.,-1.));
#1045 = DIRECTION('',(1.110223024625E-16,-1.,-0.));
#1046 = ADVANCED_FACE('',(#1047),#1050,.T.);
#1047 = FACE_BOUND('',#1048,.F.);
#1048 = EDGE_LOOP('',(#1049));
#1049 = ORIENTED_EDGE('',*,*,#1035,.T.);
#1050 = PLANE('',#1051);
#1051 = AXIS2_PLACEMENT_3D('',#1052,#1053,#1054);
#1052 = CARTESIAN_POINT('',(1.110223024625E-16,-0.25,-2.));
#1053 = DIRECTION('',(0.,0.,-1.));
#1054 = DIRECTION('',(-1.110223024625E-16,1.,0.));
#1055 = ( GEOMETRIC_REPRESENTATION_CONTEXT(3) 
GLOBAL_UNCERTAINTY_ASSIGNED_CONTEXT((#1059)) 
GLOBAL_UNIT_ASSIGNED_CONTEXT((#1056,#1057,#1058)) REPRESENTATION_CONTEXT
('Context #1','3D Context with UNIT and UNCERTAINTY') );
#1056 = ( LENGTH_UNIT() NAMED_UNIT(*) SI_UNIT(.MILLI.,.METRE.) );
#1057 = ( NAMED_UNIT(*) PLANE_ANGLE_UNIT() SI_UNIT($,.RADIAN.) );
#1058 = ( NAMED_UNIT(*) SI_UNIT($,.STERADIAN.) SOLID_ANGLE_UNIT() );
#1059 = UNCERTAINTY_MEASURE_WITH_UNIT(LENGTH_MEASURE(1.E-05),#1056,
  'distance_accuracy_value','confusion accuracy');
#1060 = CONTEXT_DEPENDENT_SHAPE_REPRESENTATION(#1061,#1063);
#1061 = ( REPRESENTATION_RELATIONSHIP('','',#482,#10) 
REPRESENTATION_RELATIONSHIP_WITH_TRANSFORMATION(#1062) 
SHAPE_REPRESENTATION_RELATIONSHIP() );
#1062 = ITEM_DEFINED_TRANSFORMATION('','',#11,#19);
#1063 = PRODUCT_DEFINITION_SHAPE('Placement','Placement of an item',
  #1064);
#1064 = NEXT_ASSEMBLY_USAGE_OCCURRENCE('2','C1','',#5,#477,$);
#1065 = PRODUCT_RELATED_PRODUCT_CATEGORY('part',$,(#479));
#1066 = SHAPE_DEFINITION_REPRESENTATION(#1067,#1073);
#1067 = PRODUCT_DEFINITION_SHAPE('','',#1068);
#1068 = PRODUCT_DEFINITION('design','',#1069,#1072);
#1069 = PRODUCT_DEFINITION_FORMATION('','',#1070);
#1070 = PRODUCT('FanPinHeader_1x04_P2.54mm_Vertical',
  'FanPinHeader_1x04_P2.54mm_Vertical','',(#1071));
#1071 = PRODUCT_CONTEXT('',#2,'mechanical');
#1072 = PRODUCT_DEFINITION_CONTEXT('part definition',#2,'design');
#1073 = ADVANCED_BREP_SHAPE_REPRESENTATION('',(#11,#1074),#3730);
#1074 = MANIFOLD_SOLID_BREP('',#1075);
#1075 = CLOSED_SHELL('',(#1076,#1116,#1196,#1276,#1328,#1481,#1503,#1520
    ,#1673,#1685,#1718,#1742,#1768,#1785,#1816,#1841,#1865,#1882,#1913,
    #1937,#1961,#1978,#2009,#2033,#2057,#2074,#2105,#2129,#2153,#2170,
    #2201,#2225,#2249,#2266,#2297,#2321,#2345,#2362,#2393,#2417,#2441,
    #2458,#2489,#2513,#2537,#2554,#2585,#2609,#2633,#2650,#2681,#2713,
    #2737,#2762,#2774,#2805,#2829,#2853,#2870,#2901,#2925,#2949,#2966,
    #2997,#3021,#3045,#3062,#3093,#3117,#3141,#3158,#3189,#3213,#3237,
    #3254,#3285,#3309,#3333,#3350,#3381,#3405,#3429,#3446,#3477,#3501,
    #3525,#3542,#3573,#3590,#3606,#3622,#3634,#3646,#3658,#3670,#3682,
    #3694,#3706,#3718));
#1076 = ADVANCED_FACE('',(#1077),#1111,.F.);
#1077 = FACE_BOUND('',#1078,.F.);
#1078 = EDGE_LOOP('',(#1079,#1089,#1097,#1105));
#1079 = ORIENTED_EDGE('',*,*,#1080,.T.);
#1080 = EDGE_CURVE('',#1081,#1083,#1085,.T.);
#1081 = VERTEX_POINT('',#1082);
#1082 = CARTESIAN_POINT('',(8.91,2.54,0.));
#1083 = VERTEX_POINT('',#1084);
#1084 = CARTESIAN_POINT('',(8.91,2.54,2.5));
#1085 = LINE('',#1086,#1087);
#1086 = CARTESIAN_POINT('',(8.91,2.54,0.));
#1087 = VECTOR('',#1088,1.);
#1088 = DIRECTION('',(0.,0.,1.));
#1089 = ORIENTED_EDGE('',*,*,#1090,.T.);
#1090 = EDGE_CURVE('',#1083,#1091,#1093,.T.);
#1091 = VERTEX_POINT('',#1092);
#1092 = CARTESIAN_POINT('',(-1.29,2.54,2.5));
#1093 = LINE('',#1094,#1095);
#1094 = CARTESIAN_POINT('',(8.91,2.54,2.5));
#1095 = VECTOR('',#1096,1.);
#1096 = DIRECTION('',(-1.,1.224646799147E-16,0.));
#1097 = ORIENTED_EDGE('',*,*,#1098,.F.);
#1098 = EDGE_CURVE('',#1099,#1091,#1101,.T.);
#1099 = VERTEX_POINT('',#1100);
#1100 = CARTESIAN_POINT('',(-1.29,2.54,0.));
#1101 = LINE('',#1102,#1103);
#1102 = CARTESIAN_POINT('',(-1.29,2.54,0.));
#1103 = VECTOR('',#1104,1.);
#1104 = DIRECTION('',(0.,0.,1.));
#1105 = ORIENTED_EDGE('',*,*,#1106,.F.);
#1106 = EDGE_CURVE('',#1081,#1099,#1107,.T.);
#1107 = LINE('',#1108,#1109);
#1108 = CARTESIAN_POINT('',(8.91,2.54,0.));
#1109 = VECTOR('',#1110,1.);
#1110 = DIRECTION('',(-1.,1.224646799147E-16,0.));
#1111 = PLANE('',#1112);
#1112 = AXIS2_PLACEMENT_3D('',#1113,#1114,#1115);
#1113 = CARTESIAN_POINT('',(8.91,2.54,0.));
#1114 = DIRECTION('',(-1.224646799147E-16,-1.,0.));
#1115 = DIRECTION('',(-1.,1.224646799147E-16,0.));
#1116 = ADVANCED_FACE('',(#1117),#1191,.F.);
#1117 = FACE_BOUND('',#1118,.F.);
#1118 = EDGE_LOOP('',(#1119,#1129,#1137,#1145,#1154,#1160,#1161,#1169,
    #1177,#1185));
#1119 = ORIENTED_EDGE('',*,*,#1120,.F.);
#1120 = EDGE_CURVE('',#1121,#1123,#1125,.T.);
#1121 = VERTEX_POINT('',#1122);
#1122 = CARTESIAN_POINT('',(8.91,-3.3,0.));
#1123 = VERTEX_POINT('',#1124);
#1124 = CARTESIAN_POINT('',(8.91,-2.1,-6.827871601445E-16));
#1125 = LINE('',#1126,#1127);
#1126 = CARTESIAN_POINT('',(8.91,-3.3,0.));
#1127 = VECTOR('',#1128,1.);
#1128 = DIRECTION('',(1.224646799147E-16,1.,0.));
#1129 = ORIENTED_EDGE('',*,*,#1130,.T.);
#1130 = EDGE_CURVE('',#1121,#1131,#1133,.T.);
#1131 = VERTEX_POINT('',#1132);
#1132 = CARTESIAN_POINT('',(8.91,-3.3,2.5));
#1133 = LINE('',#1134,#1135);
#1134 = CARTESIAN_POINT('',(8.91,-3.3,0.));
#1135 = VECTOR('',#1136,1.);
#1136 = DIRECTION('',(0.,0.,1.));
#1137 = ORIENTED_EDGE('',*,*,#1138,.T.);
#1138 = EDGE_CURVE('',#1131,#1139,#1141,.T.);
#1139 = VERTEX_POINT('',#1140);
#1140 = CARTESIAN_POINT('',(8.91,-2.3,2.5));
#1141 = LINE('',#1142,#1143);
#1142 = CARTESIAN_POINT('',(8.91,-3.3,2.5));
#1143 = VECTOR('',#1144,1.);
#1144 = DIRECTION('',(1.224646799147E-16,1.,0.));
#1145 = ORIENTED_EDGE('',*,*,#1146,.F.);
#1146 = EDGE_CURVE('',#1147,#1139,#1149,.T.);
#1147 = VERTEX_POINT('',#1148);
#1148 = CARTESIAN_POINT('',(8.91,-1.3,2.5));
#1149 = CIRCLE('',#1150,0.5);
#1150 = AXIS2_PLACEMENT_3D('',#1151,#1152,#1153);
#1151 = CARTESIAN_POINT('',(8.91,-1.8,2.5));
#1152 = DIRECTION('',(-1.,2.22044604925E-16,1.110223024625E-16));
#1153 = DIRECTION('',(-2.22044604925E-16,-1.,-1.110223024625E-16));
#1154 = ORIENTED_EDGE('',*,*,#1155,.T.);
#1155 = EDGE_CURVE('',#1147,#1083,#1156,.T.);
#1156 = LINE('',#1157,#1158);
#1157 = CARTESIAN_POINT('',(8.91,-3.3,2.5));
#1158 = VECTOR('',#1159,1.);
#1159 = DIRECTION('',(1.224646799147E-16,1.,0.));
#1160 = ORIENTED_EDGE('',*,*,#1080,.F.);
#1161 = ORIENTED_EDGE('',*,*,#1162,.F.);
#1162 = EDGE_CURVE('',#1163,#1081,#1165,.T.);
#1163 = VERTEX_POINT('',#1164);
#1164 = CARTESIAN_POINT('',(8.91,1.34,-4.918287999089E-16));
#1165 = LINE('',#1166,#1167);
#1166 = CARTESIAN_POINT('',(8.91,-3.3,0.));
#1167 = VECTOR('',#1168,1.);
#1168 = DIRECTION('',(1.224646799147E-16,1.,0.));
#1169 = ORIENTED_EDGE('',*,*,#1170,.F.);
#1170 = EDGE_CURVE('',#1171,#1163,#1173,.T.);
#1171 = VERTEX_POINT('',#1172);
#1172 = CARTESIAN_POINT('',(8.91,1.34,0.5));
#1173 = LINE('',#1174,#1175);
#1174 = CARTESIAN_POINT('',(8.91,1.34,0.25));
#1175 = VECTOR('',#1176,1.);
#1176 = DIRECTION('',(1.359631073447E-32,1.110223024625E-16,-1.));
#1177 = ORIENTED_EDGE('',*,*,#1178,.F.);
#1178 = EDGE_CURVE('',#1179,#1171,#1181,.T.);
#1179 = VERTEX_POINT('',#1180);
#1180 = CARTESIAN_POINT('',(8.91,-2.1,0.5));
#1181 = LINE('',#1182,#1183);
#1182 = CARTESIAN_POINT('',(8.91,-2.7,0.5));
#1183 = VECTOR('',#1184,1.);
#1184 = DIRECTION('',(1.224646799147E-16,1.,1.110223024625E-16));
#1185 = ORIENTED_EDGE('',*,*,#1186,.F.);
#1186 = EDGE_CURVE('',#1123,#1179,#1187,.T.);
#1187 = LINE('',#1188,#1189);
#1188 = CARTESIAN_POINT('',(8.91,-2.1,-4.996003610813E-17));
#1189 = VECTOR('',#1190,1.);
#1190 = DIRECTION('',(-1.359631073447E-32,-1.110223024625E-16,1.));
#1191 = PLANE('',#1192);
#1192 = AXIS2_PLACEMENT_3D('',#1193,#1194,#1195);
#1193 = CARTESIAN_POINT('',(8.91,-3.3,0.));
#1194 = DIRECTION('',(-1.,1.224646799147E-16,0.));
#1195 = DIRECTION('',(1.224646799147E-16,1.,0.));
#1196 = ADVANCED_FACE('',(#1197),#1271,.F.);
#1197 = FACE_BOUND('',#1198,.F.);
#1198 = EDGE_LOOP('',(#1199,#1207,#1208,#1216,#1225,#1233,#1241,#1249,
    #1257,#1265));
#1199 = ORIENTED_EDGE('',*,*,#1200,.F.);
#1200 = EDGE_CURVE('',#1099,#1201,#1203,.T.);
#1201 = VERTEX_POINT('',#1202);
#1202 = CARTESIAN_POINT('',(-1.29,1.34,1.487698852998E-16));
#1203 = LINE('',#1204,#1205);
#1204 = CARTESIAN_POINT('',(-1.29,2.54,0.));
#1205 = VECTOR('',#1206,1.);
#1206 = DIRECTION('',(-1.224646799147E-16,-1.,0.));
#1207 = ORIENTED_EDGE('',*,*,#1098,.T.);
#1208 = ORIENTED_EDGE('',*,*,#1209,.T.);
#1209 = EDGE_CURVE('',#1091,#1210,#1212,.T.);
#1210 = VERTEX_POINT('',#1211);
#1211 = CARTESIAN_POINT('',(-1.29,-1.3,2.5));
#1212 = LINE('',#1213,#1214);
#1213 = CARTESIAN_POINT('',(-1.29,2.54,2.5));
#1214 = VECTOR('',#1215,1.);
#1215 = DIRECTION('',(-1.224646799147E-16,-1.,0.));
#1216 = ORIENTED_EDGE('',*,*,#1217,.T.);
#1217 = EDGE_CURVE('',#1210,#1218,#1220,.T.);
#1218 = VERTEX_POINT('',#1219);
#1219 = CARTESIAN_POINT('',(-1.29,-2.3,2.5));
#1220 = CIRCLE('',#1221,0.5);
#1221 = AXIS2_PLACEMENT_3D('',#1222,#1223,#1224);
#1222 = CARTESIAN_POINT('',(-1.29,-1.8,2.5));
#1223 = DIRECTION('',(-1.,2.22044604925E-16,1.110223024625E-16));
#1224 = DIRECTION('',(-2.22044604925E-16,-1.,-1.110223024625E-16));
#1225 = ORIENTED_EDGE('',*,*,#1226,.T.);
#1226 = EDGE_CURVE('',#1218,#1227,#1229,.T.);
#1227 = VERTEX_POINT('',#1228);
#1228 = CARTESIAN_POINT('',(-1.29,-3.3,2.5));
#1229 = LINE('',#1230,#1231);
#1230 = CARTESIAN_POINT('',(-1.29,2.54,2.5));
#1231 = VECTOR('',#1232,1.);
#1232 = DIRECTION('',(-1.224646799147E-16,-1.,0.));
#1233 = ORIENTED_EDGE('',*,*,#1234,.F.);
#1234 = EDGE_CURVE('',#1235,#1227,#1237,.T.);
#1235 = VERTEX_POINT('',#1236);
#1236 = CARTESIAN_POINT('',(-1.29,-3.3,0.));
#1237 = LINE('',#1238,#1239);
#1238 = CARTESIAN_POINT('',(-1.29,-3.3,0.));
#1239 = VECTOR('',#1240,1.);
#1240 = DIRECTION('',(0.,0.,1.));
#1241 = ORIENTED_EDGE('',*,*,#1242,.F.);
#1242 = EDGE_CURVE('',#1243,#1235,#1245,.T.);
#1243 = VERTEX_POINT('',#1244);
#1244 = CARTESIAN_POINT('',(-1.29,-2.1,-2.331468351713E-16));
#1245 = LINE('',#1246,#1247);
#1246 = CARTESIAN_POINT('',(-1.29,2.54,0.));
#1247 = VECTOR('',#1248,1.);
#1248 = DIRECTION('',(-1.224646799147E-16,-1.,0.));
#1249 = ORIENTED_EDGE('',*,*,#1250,.T.);
#1250 = EDGE_CURVE('',#1243,#1251,#1253,.T.);
#1251 = VERTEX_POINT('',#1252);
#1252 = CARTESIAN_POINT('',(-1.29,-2.1,0.5));
#1253 = LINE('',#1254,#1255);
#1254 = CARTESIAN_POINT('',(-1.29,-2.1,-2.331468351713E-16));
#1255 = VECTOR('',#1256,1.);
#1256 = DIRECTION('',(1.110223024625E-16,-1.110223024625E-16,1.));
#1257 = ORIENTED_EDGE('',*,*,#1258,.T.);
#1258 = EDGE_CURVE('',#1251,#1259,#1261,.T.);
#1259 = VERTEX_POINT('',#1260);
#1260 = CARTESIAN_POINT('',(-1.29,1.34,0.5));
#1261 = LINE('',#1262,#1263);
#1262 = CARTESIAN_POINT('',(-1.29,-2.1,0.5));
#1263 = VECTOR('',#1264,1.);
#1264 = DIRECTION('',(2.22044604925E-16,1.,1.110223024625E-16));
#1265 = ORIENTED_EDGE('',*,*,#1266,.T.);
#1266 = EDGE_CURVE('',#1259,#1201,#1267,.T.);
#1267 = LINE('',#1268,#1269);
#1268 = CARTESIAN_POINT('',(-1.29,1.34,0.5));
#1269 = VECTOR('',#1270,1.);
#1270 = DIRECTION('',(-1.110223024625E-16,1.110223024625E-16,-1.));
#1271 = PLANE('',#1272);
#1272 = AXIS2_PLACEMENT_3D('',#1273,#1274,#1275);
#1273 = CARTESIAN_POINT('',(-1.29,2.54,0.));
#1274 = DIRECTION('',(1.,-1.224646799147E-16,0.));
#1275 = DIRECTION('',(-1.224646799147E-16,-1.,0.));
#1276 = ADVANCED_FACE('',(#1277,#1288),#1323,.T.);
#1277 = FACE_BOUND('',#1278,.T.);
#1278 = EDGE_LOOP('',(#1279,#1280,#1281,#1287));
#1279 = ORIENTED_EDGE('',*,*,#1106,.F.);
#1280 = ORIENTED_EDGE('',*,*,#1162,.F.);
#1281 = ORIENTED_EDGE('',*,*,#1282,.F.);
#1282 = EDGE_CURVE('',#1201,#1163,#1283,.T.);
#1283 = LINE('',#1284,#1285);
#1284 = CARTESIAN_POINT('',(-1.29,1.34,1.487698852998E-16));
#1285 = VECTOR('',#1286,1.);
#1286 = DIRECTION('',(1.,-1.110223024625E-16,-1.110223024625E-16));
#1287 = ORIENTED_EDGE('',*,*,#1200,.F.);
#1288 = FACE_BOUND('',#1289,.T.);
#1289 = EDGE_LOOP('',(#1290,#1300,#1308,#1316));
#1290 = ORIENTED_EDGE('',*,*,#1291,.T.);
#1291 = EDGE_CURVE('',#1292,#1294,#1296,.T.);
#1292 = VERTEX_POINT('',#1293);
#1293 = CARTESIAN_POINT('',(5.554999991327,1.906620214849,0.));
#1294 = VERTEX_POINT('',#1295);
#1295 = CARTESIAN_POINT('',(5.554999991327,2.156620214849,0.));
#1296 = LINE('',#1297,#1298);
#1297 = CARTESIAN_POINT('',(5.554999991327,1.906620214849,0.));
#1298 = VECTOR('',#1299,1.);
#1299 = DIRECTION('',(1.224646799147E-16,1.,0.));
#1300 = ORIENTED_EDGE('',*,*,#1301,.T.);
#1301 = EDGE_CURVE('',#1294,#1302,#1304,.T.);
#1302 = VERTEX_POINT('',#1303);
#1303 = CARTESIAN_POINT('',(4.604999991327,2.156620214849,0.));
#1304 = LINE('',#1305,#1306);
#1305 = CARTESIAN_POINT('',(5.554999991327,2.156620214849,0.));
#1306 = VECTOR('',#1307,1.);
#1307 = DIRECTION('',(-1.,1.224646799147E-16,0.));
#1308 = ORIENTED_EDGE('',*,*,#1309,.T.);
#1309 = EDGE_CURVE('',#1302,#1310,#1312,.T.);
#1310 = VERTEX_POINT('',#1311);
#1311 = CARTESIAN_POINT('',(4.604999991327,1.906620214849,0.));
#1312 = LINE('',#1313,#1314);
#1313 = CARTESIAN_POINT('',(4.604999991327,2.156620214849,0.));
#1314 = VECTOR('',#1315,1.);
#1315 = DIRECTION('',(-1.224646799147E-16,-1.,0.));
#1316 = ORIENTED_EDGE('',*,*,#1317,.T.);
#1317 = EDGE_CURVE('',#1310,#1292,#1318,.T.);
#1318 = CIRCLE('',#1319,0.475);
#1319 = AXIS2_PLACEMENT_3D('',#1320,#1321,#1322);
#1320 = CARTESIAN_POINT('',(5.079999991327,1.906620214849,0.));
#1321 = DIRECTION('',(0.,0.,1.));
#1322 = DIRECTION('',(-1.,1.224646799147E-16,0.));
#1323 = PLANE('',#1324);
#1324 = AXIS2_PLACEMENT_3D('',#1325,#1326,#1327);
#1325 = CARTESIAN_POINT('',(8.91,2.54,0.));
#1326 = DIRECTION('',(0.,0.,-1.));
#1327 = DIRECTION('',(-1.,0.,0.));
#1328 = ADVANCED_FACE('',(#1329,#1340,#1374,#1408,#1442),#1476,.F.);
#1329 = FACE_BOUND('',#1330,.F.);
#1330 = EDGE_LOOP('',(#1331,#1332,#1333,#1339));
#1331 = ORIENTED_EDGE('',*,*,#1090,.F.);
#1332 = ORIENTED_EDGE('',*,*,#1155,.F.);
#1333 = ORIENTED_EDGE('',*,*,#1334,.F.);
#1334 = EDGE_CURVE('',#1210,#1147,#1335,.T.);
#1335 = LINE('',#1336,#1337);
#1336 = CARTESIAN_POINT('',(-1.29,-1.3,2.5));
#1337 = VECTOR('',#1338,1.);
#1338 = DIRECTION('',(1.,-1.110223024625E-16,-1.110223024625E-16));
#1339 = ORIENTED_EDGE('',*,*,#1209,.F.);
#1340 = FACE_BOUND('',#1341,.F.);
#1341 = EDGE_LOOP('',(#1342,#1352,#1360,#1368));
#1342 = ORIENTED_EDGE('',*,*,#1343,.F.);
#1343 = EDGE_CURVE('',#1344,#1346,#1348,.T.);
#1344 = VERTEX_POINT('',#1345);
#1345 = CARTESIAN_POINT('',(2.86,-0.32,2.5));
#1346 = VERTEX_POINT('',#1347);
#1347 = CARTESIAN_POINT('',(2.22,-0.32,2.5));
#1348 = LINE('',#1349,#1350);
#1349 = CARTESIAN_POINT('',(5.885,-0.32,2.5));
#1350 = VECTOR('',#1351,1.);
#1351 = DIRECTION('',(-1.,1.224646799147E-16,0.));
#1352 = ORIENTED_EDGE('',*,*,#1353,.F.);
#1353 = EDGE_CURVE('',#1354,#1344,#1356,.T.);
#1354 = VERTEX_POINT('',#1355);
#1355 = CARTESIAN_POINT('',(2.86,0.32,2.5));
#1356 = LINE('',#1357,#1358);
#1357 = CARTESIAN_POINT('',(2.86,1.43,2.5));
#1358 = VECTOR('',#1359,1.);
#1359 = DIRECTION('',(-1.224646799147E-16,-1.,-0.));
#1360 = ORIENTED_EDGE('',*,*,#1361,.F.);
#1361 = EDGE_CURVE('',#1362,#1354,#1364,.T.);
#1362 = VERTEX_POINT('',#1363);
#1363 = CARTESIAN_POINT('',(2.22,0.32,2.5));
#1364 = LINE('',#1365,#1366);
#1365 = CARTESIAN_POINT('',(5.565,0.32,2.5));
#1366 = VECTOR('',#1367,1.);
#1367 = DIRECTION('',(1.,-1.224646799147E-16,0.));
#1368 = ORIENTED_EDGE('',*,*,#1369,.F.);
#1369 = EDGE_CURVE('',#1346,#1362,#1370,.T.);
#1370 = LINE('',#1371,#1372);
#1371 = CARTESIAN_POINT('',(2.22,1.11,2.5));
#1372 = VECTOR('',#1373,1.);
#1373 = DIRECTION('',(1.224646799147E-16,1.,0.));
#1374 = FACE_BOUND('',#1375,.F.);
#1375 = EDGE_LOOP('',(#1376,#1386,#1394,#1402));
#1376 = ORIENTED_EDGE('',*,*,#1377,.F.);
#1377 = EDGE_CURVE('',#1378,#1380,#1382,.T.);
#1378 = VERTEX_POINT('',#1379);
#1379 = CARTESIAN_POINT('',(0.32,0.32,2.5));
#1380 = VERTEX_POINT('',#1381);
#1381 = CARTESIAN_POINT('',(0.32,-0.32,2.5));
#1382 = LINE('',#1383,#1384);
#1383 = CARTESIAN_POINT('',(0.32,1.43,2.5));
#1384 = VECTOR('',#1385,1.);
#1385 = DIRECTION('',(-1.224646799147E-16,-1.,-0.));
#1386 = ORIENTED_EDGE('',*,*,#1387,.F.);
#1387 = EDGE_CURVE('',#1388,#1378,#1390,.T.);
#1388 = VERTEX_POINT('',#1389);
#1389 = CARTESIAN_POINT('',(-0.32,0.32,2.5));
#1390 = LINE('',#1391,#1392);
#1391 = CARTESIAN_POINT('',(4.295,0.32,2.5));
#1392 = VECTOR('',#1393,1.);
#1393 = DIRECTION('',(1.,-1.224646799147E-16,0.));
#1394 = ORIENTED_EDGE('',*,*,#1395,.F.);
#1395 = EDGE_CURVE('',#1396,#1388,#1398,.T.);
#1396 = VERTEX_POINT('',#1397);
#1397 = CARTESIAN_POINT('',(-0.32,-0.32,2.5));
#1398 = LINE('',#1399,#1400);
#1399 = CARTESIAN_POINT('',(-0.32,1.11,2.5));
#1400 = VECTOR('',#1401,1.);
#1401 = DIRECTION('',(1.224646799147E-16,1.,0.));
#1402 = ORIENTED_EDGE('',*,*,#1403,.F.);
#1403 = EDGE_CURVE('',#1380,#1396,#1404,.T.);
#1404 = LINE('',#1405,#1406);
#1405 = CARTESIAN_POINT('',(4.615,-0.32,2.5));
#1406 = VECTOR('',#1407,1.);
#1407 = DIRECTION('',(-1.,1.224646799147E-16,0.));
#1408 = FACE_BOUND('',#1409,.F.);
#1409 = EDGE_LOOP('',(#1410,#1420,#1428,#1436));
#1410 = ORIENTED_EDGE('',*,*,#1411,.F.);
#1411 = EDGE_CURVE('',#1412,#1414,#1416,.T.);
#1412 = VERTEX_POINT('',#1413);
#1413 = CARTESIAN_POINT('',(4.76,-0.32,2.5));
#1414 = VERTEX_POINT('',#1415);
#1415 = CARTESIAN_POINT('',(4.76,0.32,2.5));
#1416 = LINE('',#1417,#1418);
#1417 = CARTESIAN_POINT('',(4.76,1.11,2.5));
#1418 = VECTOR('',#1419,1.);
#1419 = DIRECTION('',(1.224646799147E-16,1.,0.));
#1420 = ORIENTED_EDGE('',*,*,#1421,.F.);
#1421 = EDGE_CURVE('',#1422,#1412,#1424,.T.);
#1422 = VERTEX_POINT('',#1423);
#1423 = CARTESIAN_POINT('',(5.4,-0.32,2.5));
#1424 = LINE('',#1425,#1426);
#1425 = CARTESIAN_POINT('',(7.155,-0.32,2.5));
#1426 = VECTOR('',#1427,1.);
#1427 = DIRECTION('',(-1.,1.224646799147E-16,0.));
#1428 = ORIENTED_EDGE('',*,*,#1429,.F.);
#1429 = EDGE_CURVE('',#1430,#1422,#1432,.T.);
#1430 = VERTEX_POINT('',#1431);
#1431 = CARTESIAN_POINT('',(5.4,0.32,2.5));
#1432 = LINE('',#1433,#1434);
#1433 = CARTESIAN_POINT('',(5.4,1.43,2.5));
#1434 = VECTOR('',#1435,1.);
#1435 = DIRECTION('',(-1.224646799147E-16,-1.,-0.));
#1436 = ORIENTED_EDGE('',*,*,#1437,.F.);
#1437 = EDGE_CURVE('',#1414,#1430,#1438,.T.);
#1438 = LINE('',#1439,#1440);
#1439 = CARTESIAN_POINT('',(6.835,0.32,2.5));
#1440 = VECTOR('',#1441,1.);
#1441 = DIRECTION('',(1.,-1.224646799147E-16,0.));
#1442 = FACE_BOUND('',#1443,.F.);
#1443 = EDGE_LOOP('',(#1444,#1454,#1462,#1470));
#1444 = ORIENTED_EDGE('',*,*,#1445,.F.);
#1445 = EDGE_CURVE('',#1446,#1448,#1450,.T.);
#1446 = VERTEX_POINT('',#1447);
#1447 = CARTESIAN_POINT('',(7.94,-0.32,2.5));
#1448 = VERTEX_POINT('',#1449);
#1449 = CARTESIAN_POINT('',(7.3,-0.32,2.5));
#1450 = LINE('',#1451,#1452);
#1451 = CARTESIAN_POINT('',(8.425,-0.32,2.5));
#1452 = VECTOR('',#1453,1.);
#1453 = DIRECTION('',(-1.,1.224646799147E-16,0.));
#1454 = ORIENTED_EDGE('',*,*,#1455,.F.);
#1455 = EDGE_CURVE('',#1456,#1446,#1458,.T.);
#1456 = VERTEX_POINT('',#1457);
#1457 = CARTESIAN_POINT('',(7.94,0.32,2.5));
#1458 = LINE('',#1459,#1460);
#1459 = CARTESIAN_POINT('',(7.94,1.43,2.5));
#1460 = VECTOR('',#1461,1.);
#1461 = DIRECTION('',(-1.224646799147E-16,-1.,-0.));
#1462 = ORIENTED_EDGE('',*,*,#1463,.F.);
#1463 = EDGE_CURVE('',#1464,#1456,#1466,.T.);
#1464 = VERTEX_POINT('',#1465);
#1465 = CARTESIAN_POINT('',(7.3,0.32,2.5));
#1466 = LINE('',#1467,#1468);
#1467 = CARTESIAN_POINT('',(8.105,0.32,2.5));
#1468 = VECTOR('',#1469,1.);
#1469 = DIRECTION('',(1.,-1.224646799147E-16,0.));
#1470 = ORIENTED_EDGE('',*,*,#1471,.F.);
#1471 = EDGE_CURVE('',#1448,#1464,#1472,.T.);
#1472 = LINE('',#1473,#1474);
#1473 = CARTESIAN_POINT('',(7.3,1.11,2.5));
#1474 = VECTOR('',#1475,1.);
#1475 = DIRECTION('',(1.224646799147E-16,1.,0.));
#1476 = PLANE('',#1477);
#1477 = AXIS2_PLACEMENT_3D('',#1478,#1479,#1480);
#1478 = CARTESIAN_POINT('',(8.91,2.54,2.5));
#1479 = DIRECTION('',(0.,0.,-1.));
#1480 = DIRECTION('',(-1.,0.,0.));
#1481 = ADVANCED_FACE('',(#1482),#1498,.T.);
#1482 = FACE_BOUND('',#1483,.T.);
#1483 = EDGE_LOOP('',(#1484,#1490,#1491,#1497));
#1484 = ORIENTED_EDGE('',*,*,#1485,.T.);
#1485 = EDGE_CURVE('',#1243,#1123,#1486,.T.);
#1486 = LINE('',#1487,#1488);
#1487 = CARTESIAN_POINT('',(-1.29,-2.1,-2.331468351713E-16));
#1488 = VECTOR('',#1489,1.);
#1489 = DIRECTION('',(1.,-1.110223024625E-16,-1.110223024625E-16));
#1490 = ORIENTED_EDGE('',*,*,#1120,.F.);
#1491 = ORIENTED_EDGE('',*,*,#1492,.F.);
#1492 = EDGE_CURVE('',#1235,#1121,#1493,.T.);
#1493 = LINE('',#1494,#1495);
#1494 = CARTESIAN_POINT('',(-1.29,-3.3,0.));
#1495 = VECTOR('',#1496,1.);
#1496 = DIRECTION('',(1.,-1.224646799147E-16,0.));
#1497 = ORIENTED_EDGE('',*,*,#1242,.F.);
#1498 = PLANE('',#1499);
#1499 = AXIS2_PLACEMENT_3D('',#1500,#1501,#1502);
#1500 = CARTESIAN_POINT('',(8.91,2.54,0.));
#1501 = DIRECTION('',(0.,0.,-1.));
#1502 = DIRECTION('',(-1.,0.,0.));
#1503 = ADVANCED_FACE('',(#1504),#1515,.F.);
#1504 = FACE_BOUND('',#1505,.F.);
#1505 = EDGE_LOOP('',(#1506,#1507,#1508,#1509));
#1506 = ORIENTED_EDGE('',*,*,#1250,.F.);
#1507 = ORIENTED_EDGE('',*,*,#1485,.T.);
#1508 = ORIENTED_EDGE('',*,*,#1186,.T.);
#1509 = ORIENTED_EDGE('',*,*,#1510,.F.);
#1510 = EDGE_CURVE('',#1251,#1179,#1511,.T.);
#1511 = LINE('',#1512,#1513);
#1512 = CARTESIAN_POINT('',(-1.29,-2.1,0.5));
#1513 = VECTOR('',#1514,1.);
#1514 = DIRECTION('',(1.,-1.110223024625E-16,-1.110223024625E-16));
#1515 = PLANE('',#1516);
#1516 = AXIS2_PLACEMENT_3D('',#1517,#1518,#1519);
#1517 = CARTESIAN_POINT('',(-1.29,-2.1,-2.331468351713E-16));
#1518 = DIRECTION('',(-1.110223024625E-16,-1.,-1.110223024625E-16));
#1519 = DIRECTION('',(1.110223024625E-16,-1.110223024625E-16,1.));
#1520 = ADVANCED_FACE('',(#1521,#1532,#1566,#1600,#1634),#1668,.F.);
#1521 = FACE_BOUND('',#1522,.F.);
#1522 = EDGE_LOOP('',(#1523,#1524,#1525,#1526));
#1523 = ORIENTED_EDGE('',*,*,#1258,.F.);
#1524 = ORIENTED_EDGE('',*,*,#1510,.T.);
#1525 = ORIENTED_EDGE('',*,*,#1178,.T.);
#1526 = ORIENTED_EDGE('',*,*,#1527,.F.);
#1527 = EDGE_CURVE('',#1259,#1171,#1528,.T.);
#1528 = LINE('',#1529,#1530);
#1529 = CARTESIAN_POINT('',(-1.29,1.34,0.5));
#1530 = VECTOR('',#1531,1.);
#1531 = DIRECTION('',(1.,-1.110223024625E-16,-1.110223024625E-16));
#1532 = FACE_BOUND('',#1533,.F.);
#1533 = EDGE_LOOP('',(#1534,#1544,#1552,#1560));
#1534 = ORIENTED_EDGE('',*,*,#1535,.F.);
#1535 = EDGE_CURVE('',#1536,#1538,#1540,.T.);
#1536 = VERTEX_POINT('',#1537);
#1537 = CARTESIAN_POINT('',(0.32,-0.32,0.5));
#1538 = VERTEX_POINT('',#1539);
#1539 = CARTESIAN_POINT('',(0.32,0.32,0.5));
#1540 = LINE('',#1541,#1542);
#1541 = CARTESIAN_POINT('',(0.32,-0.89,0.5));
#1542 = VECTOR('',#1543,1.);
#1543 = DIRECTION('',(1.224646799147E-16,1.,1.110223024625E-16));
#1544 = ORIENTED_EDGE('',*,*,#1545,.F.);
#1545 = EDGE_CURVE('',#1546,#1536,#1548,.T.);
#1546 = VERTEX_POINT('',#1547);
#1547 = CARTESIAN_POINT('',(-0.32,-0.32,0.5));
#1548 = LINE('',#1549,#1550);
#1549 = CARTESIAN_POINT('',(-0.485,-0.32,0.5));
#1550 = VECTOR('',#1551,1.);
#1551 = DIRECTION('',(1.,-1.224646799147E-16,-1.110223024625E-16));
#1552 = ORIENTED_EDGE('',*,*,#1553,.F.);
#1553 = EDGE_CURVE('',#1554,#1546,#1556,.T.);
#1554 = VERTEX_POINT('',#1555);
#1555 = CARTESIAN_POINT('',(-0.32,0.32,0.5));
#1556 = LINE('',#1557,#1558);
#1557 = CARTESIAN_POINT('',(-0.32,-1.21,0.5));
#1558 = VECTOR('',#1559,1.);
#1559 = DIRECTION('',(-1.224646799147E-16,-1.,-1.110223024625E-16));
#1560 = ORIENTED_EDGE('',*,*,#1561,.F.);
#1561 = EDGE_CURVE('',#1538,#1554,#1562,.T.);
#1562 = LINE('',#1563,#1564);
#1563 = CARTESIAN_POINT('',(-0.805,0.32,0.5));
#1564 = VECTOR('',#1565,1.);
#1565 = DIRECTION('',(-1.,1.224646799147E-16,1.110223024625E-16));
#1566 = FACE_BOUND('',#1567,.F.);
#1567 = EDGE_LOOP('',(#1568,#1578,#1586,#1594));
#1568 = ORIENTED_EDGE('',*,*,#1569,.F.);
#1569 = EDGE_CURVE('',#1570,#1572,#1574,.T.);
#1570 = VERTEX_POINT('',#1571);
#1571 = CARTESIAN_POINT('',(2.22,-0.32,0.5));
#1572 = VERTEX_POINT('',#1573);
#1573 = CARTESIAN_POINT('',(2.86,-0.32,0.5));
#1574 = LINE('',#1575,#1576);
#1575 = CARTESIAN_POINT('',(0.785,-0.32,0.5));
#1576 = VECTOR('',#1577,1.);
#1577 = DIRECTION('',(1.,-1.224646799147E-16,-1.110223024625E-16));
#1578 = ORIENTED_EDGE('',*,*,#1579,.F.);
#1579 = EDGE_CURVE('',#1580,#1570,#1582,.T.);
#1580 = VERTEX_POINT('',#1581);
#1581 = CARTESIAN_POINT('',(2.22,0.32,0.5));
#1582 = LINE('',#1583,#1584);
#1583 = CARTESIAN_POINT('',(2.22,-1.21,0.5));
#1584 = VECTOR('',#1585,1.);
#1585 = DIRECTION('',(-1.224646799147E-16,-1.,-1.110223024625E-16));
#1586 = ORIENTED_EDGE('',*,*,#1587,.F.);
#1587 = EDGE_CURVE('',#1588,#1580,#1590,.T.);
#1588 = VERTEX_POINT('',#1589);
#1589 = CARTESIAN_POINT('',(2.86,0.32,0.5));
#1590 = LINE('',#1591,#1592);
#1591 = CARTESIAN_POINT('',(0.465,0.32,0.5));
#1592 = VECTOR('',#1593,1.);
#1593 = DIRECTION('',(-1.,1.224646799147E-16,1.110223024625E-16));
#1594 = ORIENTED_EDGE('',*,*,#1595,.F.);
#1595 = EDGE_CURVE('',#1572,#1588,#1596,.T.);
#1596 = LINE('',#1597,#1598);
#1597 = CARTESIAN_POINT('',(2.86,-0.89,0.5));
#1598 = VECTOR('',#1599,1.);
#1599 = DIRECTION('',(1.224646799147E-16,1.,1.110223024625E-16));
#1600 = FACE_BOUND('',#1601,.F.);
#1601 = EDGE_LOOP('',(#1602,#1612,#1620,#1628));
#1602 = ORIENTED_EDGE('',*,*,#1603,.F.);
#1603 = EDGE_CURVE('',#1604,#1606,#1608,.T.);
#1604 = VERTEX_POINT('',#1605);
#1605 = CARTESIAN_POINT('',(4.76,0.32,0.5));
#1606 = VERTEX_POINT('',#1607);
#1607 = CARTESIAN_POINT('',(4.76,-0.32,0.5));
#1608 = LINE('',#1609,#1610);
#1609 = CARTESIAN_POINT('',(4.76,-1.21,0.5));
#1610 = VECTOR('',#1611,1.);
#1611 = DIRECTION('',(-1.224646799147E-16,-1.,-1.110223024625E-16));
#1612 = ORIENTED_EDGE('',*,*,#1613,.F.);
#1613 = EDGE_CURVE('',#1614,#1604,#1616,.T.);
#1614 = VERTEX_POINT('',#1615);
#1615 = CARTESIAN_POINT('',(5.4,0.32,0.5));
#1616 = LINE('',#1617,#1618);
#1617 = CARTESIAN_POINT('',(1.735,0.32,0.5));
#1618 = VECTOR('',#1619,1.);
#1619 = DIRECTION('',(-1.,1.224646799147E-16,1.110223024625E-16));
#1620 = ORIENTED_EDGE('',*,*,#1621,.F.);
#1621 = EDGE_CURVE('',#1622,#1614,#1624,.T.);
#1622 = VERTEX_POINT('',#1623);
#1623 = CARTESIAN_POINT('',(5.4,-0.32,0.5));
#1624 = LINE('',#1625,#1626);
#1625 = CARTESIAN_POINT('',(5.4,-0.89,0.5));
#1626 = VECTOR('',#1627,1.);
#1627 = DIRECTION('',(1.224646799147E-16,1.,1.110223024625E-16));
#1628 = ORIENTED_EDGE('',*,*,#1629,.F.);
#1629 = EDGE_CURVE('',#1606,#1622,#1630,.T.);
#1630 = LINE('',#1631,#1632);
#1631 = CARTESIAN_POINT('',(2.055,-0.32,0.5));
#1632 = VECTOR('',#1633,1.);
#1633 = DIRECTION('',(1.,-1.224646799147E-16,-1.110223024625E-16));
#1634 = FACE_BOUND('',#1635,.F.);
#1635 = EDGE_LOOP('',(#1636,#1646,#1654,#1662));
#1636 = ORIENTED_EDGE('',*,*,#1637,.F.);
#1637 = EDGE_CURVE('',#1638,#1640,#1642,.T.);
#1638 = VERTEX_POINT('',#1639);
#1639 = CARTESIAN_POINT('',(7.3,-0.32,0.5));
#1640 = VERTEX_POINT('',#1641);
#1641 = CARTESIAN_POINT('',(7.94,-0.32,0.5));
#1642 = LINE('',#1643,#1644);
#1643 = CARTESIAN_POINT('',(3.325,-0.32,0.5));
#1644 = VECTOR('',#1645,1.);
#1645 = DIRECTION('',(1.,-1.224646799147E-16,-1.110223024625E-16));
#1646 = ORIENTED_EDGE('',*,*,#1647,.F.);
#1647 = EDGE_CURVE('',#1648,#1638,#1650,.T.);
#1648 = VERTEX_POINT('',#1649);
#1649 = CARTESIAN_POINT('',(7.3,0.32,0.5));
#1650 = LINE('',#1651,#1652);
#1651 = CARTESIAN_POINT('',(7.3,-1.21,0.5));
#1652 = VECTOR('',#1653,1.);
#1653 = DIRECTION('',(-1.224646799147E-16,-1.,-1.110223024625E-16));
#1654 = ORIENTED_EDGE('',*,*,#1655,.F.);
#1655 = EDGE_CURVE('',#1656,#1648,#1658,.T.);
#1656 = VERTEX_POINT('',#1657);
#1657 = CARTESIAN_POINT('',(7.94,0.32,0.5));
#1658 = LINE('',#1659,#1660);
#1659 = CARTESIAN_POINT('',(3.005,0.32,0.5));
#1660 = VECTOR('',#1661,1.);
#1661 = DIRECTION('',(-1.,1.224646799147E-16,1.110223024625E-16));
#1662 = ORIENTED_EDGE('',*,*,#1663,.F.);
#1663 = EDGE_CURVE('',#1640,#1656,#1664,.T.);
#1664 = LINE('',#1665,#1666);
#1665 = CARTESIAN_POINT('',(7.94,-0.89,0.5));
#1666 = VECTOR('',#1667,1.);
#1667 = DIRECTION('',(1.224646799147E-16,1.,1.110223024625E-16));
#1668 = PLANE('',#1669);
#1669 = AXIS2_PLACEMENT_3D('',#1670,#1671,#1672);
#1670 = CARTESIAN_POINT('',(-1.29,-2.1,0.5));
#1671 = DIRECTION('',(1.110223024625E-16,-1.110223024625E-16,1.));
#1672 = DIRECTION('',(2.22044604925E-16,1.,1.110223024625E-16));
#1673 = ADVANCED_FACE('',(#1674),#1680,.F.);
#1674 = FACE_BOUND('',#1675,.F.);
#1675 = EDGE_LOOP('',(#1676,#1677,#1678,#1679));
#1676 = ORIENTED_EDGE('',*,*,#1266,.F.);
#1677 = ORIENTED_EDGE('',*,*,#1527,.T.);
#1678 = ORIENTED_EDGE('',*,*,#1170,.T.);
#1679 = ORIENTED_EDGE('',*,*,#1282,.F.);
#1680 = PLANE('',#1681);
#1681 = AXIS2_PLACEMENT_3D('',#1682,#1683,#1684);
#1682 = CARTESIAN_POINT('',(-1.29,1.34,0.5));
#1683 = DIRECTION('',(1.110223024625E-16,1.,1.110223024625E-16));
#1684 = DIRECTION('',(-1.110223024625E-16,1.110223024625E-16,-1.));
#1685 = ADVANCED_FACE('',(#1686),#1713,.F.);
#1686 = FACE_BOUND('',#1687,.F.);
#1687 = EDGE_LOOP('',(#1688,#1689,#1690,#1691,#1699,#1707));
#1688 = ORIENTED_EDGE('',*,*,#1217,.F.);
#1689 = ORIENTED_EDGE('',*,*,#1334,.T.);
#1690 = ORIENTED_EDGE('',*,*,#1146,.T.);
#1691 = ORIENTED_EDGE('',*,*,#1692,.F.);
#1692 = EDGE_CURVE('',#1693,#1139,#1695,.T.);
#1693 = VERTEX_POINT('',#1694);
#1694 = CARTESIAN_POINT('',(5.08,-2.3,2.5));
#1695 = LINE('',#1696,#1697);
#1696 = CARTESIAN_POINT('',(-1.29,-2.3,2.5));
#1697 = VECTOR('',#1698,1.);
#1698 = DIRECTION('',(1.,-1.110223024625E-16,-1.110223024625E-16));
#1699 = ORIENTED_EDGE('',*,*,#1700,.F.);
#1700 = EDGE_CURVE('',#1701,#1693,#1703,.T.);
#1701 = VERTEX_POINT('',#1702);
#1702 = CARTESIAN_POINT('',(-2.816687638039E-16,-2.3,2.5));
#1703 = LINE('',#1704,#1705);
#1704 = CARTESIAN_POINT('',(-1.29,-2.3,2.5));
#1705 = VECTOR('',#1706,1.);
#1706 = DIRECTION('',(1.,-1.110223024625E-16,-1.110223024625E-16));
#1707 = ORIENTED_EDGE('',*,*,#1708,.F.);
#1708 = EDGE_CURVE('',#1218,#1701,#1709,.T.);
#1709 = LINE('',#1710,#1711);
#1710 = CARTESIAN_POINT('',(-1.29,-2.3,2.5));
#1711 = VECTOR('',#1712,1.);
#1712 = DIRECTION('',(1.,-1.110223024625E-16,-1.110223024625E-16));
#1713 = CYLINDRICAL_SURFACE('',#1714,0.5);
#1714 = AXIS2_PLACEMENT_3D('',#1715,#1716,#1717);
#1715 = CARTESIAN_POINT('',(-1.29,-1.8,2.5));
#1716 = DIRECTION('',(-1.,2.22044604925E-16,1.110223024625E-16));
#1717 = DIRECTION('',(-2.22044604925E-16,-1.,-1.110223024625E-16));
#1718 = ADVANCED_FACE('',(#1719),#1737,.F.);
#1719 = FACE_BOUND('',#1720,.F.);
#1720 = EDGE_LOOP('',(#1721,#1722,#1723,#1731));
#1721 = ORIENTED_EDGE('',*,*,#1692,.T.);
#1722 = ORIENTED_EDGE('',*,*,#1138,.F.);
#1723 = ORIENTED_EDGE('',*,*,#1724,.F.);
#1724 = EDGE_CURVE('',#1725,#1131,#1727,.T.);
#1725 = VERTEX_POINT('',#1726);
#1726 = CARTESIAN_POINT('',(5.08,-3.3,2.5));
#1727 = LINE('',#1728,#1729);
#1728 = CARTESIAN_POINT('',(-1.29,-3.3,2.5));
#1729 = VECTOR('',#1730,1.);
#1730 = DIRECTION('',(1.,-1.224646799147E-16,0.));
#1731 = ORIENTED_EDGE('',*,*,#1732,.T.);
#1732 = EDGE_CURVE('',#1725,#1693,#1733,.T.);
#1733 = LINE('',#1734,#1735);
#1734 = CARTESIAN_POINT('',(5.08,-3.3,2.5));
#1735 = VECTOR('',#1736,1.);
#1736 = DIRECTION('',(1.224646799147E-16,1.,0.));
#1737 = PLANE('',#1738);
#1738 = AXIS2_PLACEMENT_3D('',#1739,#1740,#1741);
#1739 = CARTESIAN_POINT('',(8.91,2.54,2.5));
#1740 = DIRECTION('',(0.,0.,-1.));
#1741 = DIRECTION('',(-1.,0.,0.));
#1742 = ADVANCED_FACE('',(#1743),#1763,.F.);
#1743 = FACE_BOUND('',#1744,.F.);
#1744 = EDGE_LOOP('',(#1745,#1746,#1754,#1760,#1761,#1762));
#1745 = ORIENTED_EDGE('',*,*,#1234,.T.);
#1746 = ORIENTED_EDGE('',*,*,#1747,.T.);
#1747 = EDGE_CURVE('',#1227,#1748,#1750,.T.);
#1748 = VERTEX_POINT('',#1749);
#1749 = CARTESIAN_POINT('',(-4.041334437186E-16,-3.3,2.5));
#1750 = LINE('',#1751,#1752);
#1751 = CARTESIAN_POINT('',(-1.29,-3.3,2.5));
#1752 = VECTOR('',#1753,1.);
#1753 = DIRECTION('',(1.,-1.224646799147E-16,0.));
#1754 = ORIENTED_EDGE('',*,*,#1755,.T.);
#1755 = EDGE_CURVE('',#1748,#1725,#1756,.T.);
#1756 = LINE('',#1757,#1758);
#1757 = CARTESIAN_POINT('',(-4.041334437186E-16,-3.3,2.5));
#1758 = VECTOR('',#1759,1.);
#1759 = DIRECTION('',(1.,-1.224646799147E-16,0.));
#1760 = ORIENTED_EDGE('',*,*,#1724,.T.);
#1761 = ORIENTED_EDGE('',*,*,#1130,.F.);
#1762 = ORIENTED_EDGE('',*,*,#1492,.F.);
#1763 = PLANE('',#1764);
#1764 = AXIS2_PLACEMENT_3D('',#1765,#1766,#1767);
#1765 = CARTESIAN_POINT('',(-1.29,-3.3,0.));
#1766 = DIRECTION('',(1.224646799147E-16,1.,0.));
#1767 = DIRECTION('',(1.,-1.224646799147E-16,0.));
#1768 = ADVANCED_FACE('',(#1769),#1780,.F.);
#1769 = FACE_BOUND('',#1770,.F.);
#1770 = EDGE_LOOP('',(#1771,#1772,#1773,#1779));
#1771 = ORIENTED_EDGE('',*,*,#1226,.F.);
#1772 = ORIENTED_EDGE('',*,*,#1708,.T.);
#1773 = ORIENTED_EDGE('',*,*,#1774,.T.);
#1774 = EDGE_CURVE('',#1701,#1748,#1775,.T.);
#1775 = LINE('',#1776,#1777);
#1776 = CARTESIAN_POINT('',(-2.816687638039E-16,-2.3,2.5));
#1777 = VECTOR('',#1778,1.);
#1778 = DIRECTION('',(-1.224646799147E-16,-1.,0.));
#1779 = ORIENTED_EDGE('',*,*,#1747,.F.);
#1780 = PLANE('',#1781);
#1781 = AXIS2_PLACEMENT_3D('',#1782,#1783,#1784);
#1782 = CARTESIAN_POINT('',(8.91,2.54,2.5));
#1783 = DIRECTION('',(0.,0.,-1.));
#1784 = DIRECTION('',(-1.,0.,0.));
#1785 = ADVANCED_FACE('',(#1786),#1811,.T.);
#1786 = FACE_BOUND('',#1787,.T.);
#1787 = EDGE_LOOP('',(#1788,#1796,#1804,#1810));
#1788 = ORIENTED_EDGE('',*,*,#1789,.T.);
#1789 = EDGE_CURVE('',#1292,#1790,#1792,.T.);
#1790 = VERTEX_POINT('',#1791);
#1791 = CARTESIAN_POINT('',(5.554999991327,1.906620214849,-2.3));
#1792 = LINE('',#1793,#1794);
#1793 = CARTESIAN_POINT('',(5.554999991327,1.906620214849,0.));
#1794 = VECTOR('',#1795,1.);
#1795 = DIRECTION('',(0.,0.,-1.));
#1796 = ORIENTED_EDGE('',*,*,#1797,.T.);
#1797 = EDGE_CURVE('',#1790,#1798,#1800,.T.);
#1798 = VERTEX_POINT('',#1799);
#1799 = CARTESIAN_POINT('',(5.554999991327,2.156620214849,-2.3));
#1800 = LINE('',#1801,#1802);
#1801 = CARTESIAN_POINT('',(5.554999991327,1.906620214849,-2.3));
#1802 = VECTOR('',#1803,1.);
#1803 = DIRECTION('',(1.224646799147E-16,1.,0.));
#1804 = ORIENTED_EDGE('',*,*,#1805,.F.);
#1805 = EDGE_CURVE('',#1294,#1798,#1806,.T.);
#1806 = LINE('',#1807,#1808);
#1807 = CARTESIAN_POINT('',(5.554999991327,2.156620214849,0.));
#1808 = VECTOR('',#1809,1.);
#1809 = DIRECTION('',(0.,0.,-1.));
#1810 = ORIENTED_EDGE('',*,*,#1291,.F.);
#1811 = PLANE('',#1812);
#1812 = AXIS2_PLACEMENT_3D('',#1813,#1814,#1815);
#1813 = CARTESIAN_POINT('',(5.554999991327,1.906620214849,0.));
#1814 = DIRECTION('',(1.,-1.224646799147E-16,0.));
#1815 = DIRECTION('',(1.224646799147E-16,1.,0.));
#1816 = ADVANCED_FACE('',(#1817),#1836,.T.);
#1817 = FACE_BOUND('',#1818,.T.);
#1818 = EDGE_LOOP('',(#1819,#1827,#1834,#1835));
#1819 = ORIENTED_EDGE('',*,*,#1820,.T.);
#1820 = EDGE_CURVE('',#1310,#1821,#1823,.T.);
#1821 = VERTEX_POINT('',#1822);
#1822 = CARTESIAN_POINT('',(4.604999991327,1.906620214849,-2.3));
#1823 = LINE('',#1824,#1825);
#1824 = CARTESIAN_POINT('',(4.604999991327,1.906620214849,0.));
#1825 = VECTOR('',#1826,1.);
#1826 = DIRECTION('',(0.,0.,-1.));
#1827 = ORIENTED_EDGE('',*,*,#1828,.T.);
#1828 = EDGE_CURVE('',#1821,#1790,#1829,.T.);
#1829 = CIRCLE('',#1830,0.475);
#1830 = AXIS2_PLACEMENT_3D('',#1831,#1832,#1833);
#1831 = CARTESIAN_POINT('',(5.079999991327,1.906620214849,-2.3));
#1832 = DIRECTION('',(0.,0.,1.));
#1833 = DIRECTION('',(-1.,1.224646799147E-16,0.));
#1834 = ORIENTED_EDGE('',*,*,#1789,.F.);
#1835 = ORIENTED_EDGE('',*,*,#1317,.F.);
#1836 = CYLINDRICAL_SURFACE('',#1837,0.475);
#1837 = AXIS2_PLACEMENT_3D('',#1838,#1839,#1840);
#1838 = CARTESIAN_POINT('',(5.079999991327,1.906620214849,0.));
#1839 = DIRECTION('',(0.,0.,1.));
#1840 = DIRECTION('',(-1.,1.224646799147E-16,0.));
#1841 = ADVANCED_FACE('',(#1842),#1860,.T.);
#1842 = FACE_BOUND('',#1843,.T.);
#1843 = EDGE_LOOP('',(#1844,#1852,#1858,#1859));
#1844 = ORIENTED_EDGE('',*,*,#1845,.T.);
#1845 = EDGE_CURVE('',#1302,#1846,#1848,.T.);
#1846 = VERTEX_POINT('',#1847);
#1847 = CARTESIAN_POINT('',(4.604999991327,2.156620214849,-2.3));
#1848 = LINE('',#1849,#1850);
#1849 = CARTESIAN_POINT('',(4.604999991327,2.156620214849,0.));
#1850 = VECTOR('',#1851,1.);
#1851 = DIRECTION('',(0.,0.,-1.));
#1852 = ORIENTED_EDGE('',*,*,#1853,.T.);
#1853 = EDGE_CURVE('',#1846,#1821,#1854,.T.);
#1854 = LINE('',#1855,#1856);
#1855 = CARTESIAN_POINT('',(4.604999991327,2.156620214849,-2.3));
#1856 = VECTOR('',#1857,1.);
#1857 = DIRECTION('',(-1.224646799147E-16,-1.,0.));
#1858 = ORIENTED_EDGE('',*,*,#1820,.F.);
#1859 = ORIENTED_EDGE('',*,*,#1309,.F.);
#1860 = PLANE('',#1861);
#1861 = AXIS2_PLACEMENT_3D('',#1862,#1863,#1864);
#1862 = CARTESIAN_POINT('',(4.604999991327,2.156620214849,0.));
#1863 = DIRECTION('',(-1.,1.224646799147E-16,0.));
#1864 = DIRECTION('',(-1.224646799147E-16,-1.,0.));
#1865 = ADVANCED_FACE('',(#1866),#1877,.T.);
#1866 = FACE_BOUND('',#1867,.T.);
#1867 = EDGE_LOOP('',(#1868,#1869,#1875,#1876));
#1868 = ORIENTED_EDGE('',*,*,#1805,.T.);
#1869 = ORIENTED_EDGE('',*,*,#1870,.T.);
#1870 = EDGE_CURVE('',#1798,#1846,#1871,.T.);
#1871 = LINE('',#1872,#1873);
#1872 = CARTESIAN_POINT('',(5.554999991327,2.156620214849,-2.3));
#1873 = VECTOR('',#1874,1.);
#1874 = DIRECTION('',(-1.,1.224646799147E-16,0.));
#1875 = ORIENTED_EDGE('',*,*,#1845,.F.);
#1876 = ORIENTED_EDGE('',*,*,#1301,.F.);
#1877 = PLANE('',#1878);
#1878 = AXIS2_PLACEMENT_3D('',#1879,#1880,#1881);
#1879 = CARTESIAN_POINT('',(5.554999991327,2.156620214849,0.));
#1880 = DIRECTION('',(1.224646799147E-16,1.,0.));
#1881 = DIRECTION('',(-1.,1.224646799147E-16,0.));
#1882 = ADVANCED_FACE('',(#1883),#1908,.T.);
#1883 = FACE_BOUND('',#1884,.T.);
#1884 = EDGE_LOOP('',(#1885,#1886,#1894,#1902));
#1885 = ORIENTED_EDGE('',*,*,#1343,.F.);
#1886 = ORIENTED_EDGE('',*,*,#1887,.T.);
#1887 = EDGE_CURVE('',#1344,#1888,#1890,.T.);
#1888 = VERTEX_POINT('',#1889);
#1889 = CARTESIAN_POINT('',(2.86,-0.32,9.85));
#1890 = LINE('',#1891,#1892);
#1891 = CARTESIAN_POINT('',(2.86,-0.32,-3.5));
#1892 = VECTOR('',#1893,1.);
#1893 = DIRECTION('',(0.,0.,1.));
#1894 = ORIENTED_EDGE('',*,*,#1895,.T.);
#1895 = EDGE_CURVE('',#1888,#1896,#1898,.T.);
#1896 = VERTEX_POINT('',#1897);
#1897 = CARTESIAN_POINT('',(2.22,-0.32,9.85));
#1898 = LINE('',#1899,#1900);
#1899 = CARTESIAN_POINT('',(2.86,-0.32,9.85));
#1900 = VECTOR('',#1901,1.);
#1901 = DIRECTION('',(-1.,1.224646799147E-16,0.));
#1902 = ORIENTED_EDGE('',*,*,#1903,.F.);
#1903 = EDGE_CURVE('',#1346,#1896,#1904,.T.);
#1904 = LINE('',#1905,#1906);
#1905 = CARTESIAN_POINT('',(2.22,-0.32,-3.5));
#1906 = VECTOR('',#1907,1.);
#1907 = DIRECTION('',(0.,0.,1.));
#1908 = PLANE('',#1909);
#1909 = AXIS2_PLACEMENT_3D('',#1910,#1911,#1912);
#1910 = CARTESIAN_POINT('',(2.86,-0.32,-3.5));
#1911 = DIRECTION('',(-1.224646799147E-16,-1.,0.));
#1912 = DIRECTION('',(-1.,1.224646799147E-16,0.));
#1913 = ADVANCED_FACE('',(#1914),#1932,.T.);
#1914 = FACE_BOUND('',#1915,.T.);
#1915 = EDGE_LOOP('',(#1916,#1917,#1925,#1931));
#1916 = ORIENTED_EDGE('',*,*,#1353,.F.);
#1917 = ORIENTED_EDGE('',*,*,#1918,.T.);
#1918 = EDGE_CURVE('',#1354,#1919,#1921,.T.);
#1919 = VERTEX_POINT('',#1920);
#1920 = CARTESIAN_POINT('',(2.86,0.32,9.85));
#1921 = LINE('',#1922,#1923);
#1922 = CARTESIAN_POINT('',(2.86,0.32,-3.5));
#1923 = VECTOR('',#1924,1.);
#1924 = DIRECTION('',(0.,0.,1.));
#1925 = ORIENTED_EDGE('',*,*,#1926,.T.);
#1926 = EDGE_CURVE('',#1919,#1888,#1927,.T.);
#1927 = LINE('',#1928,#1929);
#1928 = CARTESIAN_POINT('',(2.86,0.32,9.85));
#1929 = VECTOR('',#1930,1.);
#1930 = DIRECTION('',(-1.224646799147E-16,-1.,0.));
#1931 = ORIENTED_EDGE('',*,*,#1887,.F.);
#1932 = PLANE('',#1933);
#1933 = AXIS2_PLACEMENT_3D('',#1934,#1935,#1936);
#1934 = CARTESIAN_POINT('',(2.86,0.32,-3.5));
#1935 = DIRECTION('',(1.,-1.224646799147E-16,0.));
#1936 = DIRECTION('',(-1.224646799147E-16,-1.,0.));
#1937 = ADVANCED_FACE('',(#1938),#1956,.T.);
#1938 = FACE_BOUND('',#1939,.T.);
#1939 = EDGE_LOOP('',(#1940,#1941,#1942,#1950));
#1940 = ORIENTED_EDGE('',*,*,#1369,.F.);
#1941 = ORIENTED_EDGE('',*,*,#1903,.T.);
#1942 = ORIENTED_EDGE('',*,*,#1943,.T.);
#1943 = EDGE_CURVE('',#1896,#1944,#1946,.T.);
#1944 = VERTEX_POINT('',#1945);
#1945 = CARTESIAN_POINT('',(2.22,0.32,9.85));
#1946 = LINE('',#1947,#1948);
#1947 = CARTESIAN_POINT('',(2.22,-0.32,9.85));
#1948 = VECTOR('',#1949,1.);
#1949 = DIRECTION('',(1.224646799147E-16,1.,0.));
#1950 = ORIENTED_EDGE('',*,*,#1951,.F.);
#1951 = EDGE_CURVE('',#1362,#1944,#1952,.T.);
#1952 = LINE('',#1953,#1954);
#1953 = CARTESIAN_POINT('',(2.22,0.32,-3.5));
#1954 = VECTOR('',#1955,1.);
#1955 = DIRECTION('',(0.,0.,1.));
#1956 = PLANE('',#1957);
#1957 = AXIS2_PLACEMENT_3D('',#1958,#1959,#1960);
#1958 = CARTESIAN_POINT('',(2.22,-0.32,-3.5));
#1959 = DIRECTION('',(-1.,1.224646799147E-16,0.));
#1960 = DIRECTION('',(1.224646799147E-16,1.,0.));
#1961 = ADVANCED_FACE('',(#1962),#1973,.T.);
#1962 = FACE_BOUND('',#1963,.T.);
#1963 = EDGE_LOOP('',(#1964,#1965,#1966,#1972));
#1964 = ORIENTED_EDGE('',*,*,#1361,.F.);
#1965 = ORIENTED_EDGE('',*,*,#1951,.T.);
#1966 = ORIENTED_EDGE('',*,*,#1967,.T.);
#1967 = EDGE_CURVE('',#1944,#1919,#1968,.T.);
#1968 = LINE('',#1969,#1970);
#1969 = CARTESIAN_POINT('',(2.22,0.32,9.85));
#1970 = VECTOR('',#1971,1.);
#1971 = DIRECTION('',(1.,-1.224646799147E-16,0.));
#1972 = ORIENTED_EDGE('',*,*,#1918,.F.);
#1973 = PLANE('',#1974);
#1974 = AXIS2_PLACEMENT_3D('',#1975,#1976,#1977);
#1975 = CARTESIAN_POINT('',(2.22,0.32,-3.5));
#1976 = DIRECTION('',(1.224646799147E-16,1.,0.));
#1977 = DIRECTION('',(1.,-1.224646799147E-16,0.));
#1978 = ADVANCED_FACE('',(#1979),#2004,.T.);
#1979 = FACE_BOUND('',#1980,.T.);
#1980 = EDGE_LOOP('',(#1981,#1982,#1990,#1998));
#1981 = ORIENTED_EDGE('',*,*,#1377,.F.);
#1982 = ORIENTED_EDGE('',*,*,#1983,.T.);
#1983 = EDGE_CURVE('',#1378,#1984,#1986,.T.);
#1984 = VERTEX_POINT('',#1985);
#1985 = CARTESIAN_POINT('',(0.32,0.32,9.85));
#1986 = LINE('',#1987,#1988);
#1987 = CARTESIAN_POINT('',(0.32,0.32,-3.5));
#1988 = VECTOR('',#1989,1.);
#1989 = DIRECTION('',(0.,0.,1.));
#1990 = ORIENTED_EDGE('',*,*,#1991,.T.);
#1991 = EDGE_CURVE('',#1984,#1992,#1994,.T.);
#1992 = VERTEX_POINT('',#1993);
#1993 = CARTESIAN_POINT('',(0.32,-0.32,9.85));
#1994 = LINE('',#1995,#1996);
#1995 = CARTESIAN_POINT('',(0.32,0.32,9.85));
#1996 = VECTOR('',#1997,1.);
#1997 = DIRECTION('',(-1.224646799147E-16,-1.,0.));
#1998 = ORIENTED_EDGE('',*,*,#1999,.F.);
#1999 = EDGE_CURVE('',#1380,#1992,#2000,.T.);
#2000 = LINE('',#2001,#2002);
#2001 = CARTESIAN_POINT('',(0.32,-0.32,-3.5));
#2002 = VECTOR('',#2003,1.);
#2003 = DIRECTION('',(0.,0.,1.));
#2004 = PLANE('',#2005);
#2005 = AXIS2_PLACEMENT_3D('',#2006,#2007,#2008);
#2006 = CARTESIAN_POINT('',(0.32,0.32,-3.5));
#2007 = DIRECTION('',(1.,-1.224646799147E-16,0.));
#2008 = DIRECTION('',(-1.224646799147E-16,-1.,0.));
#2009 = ADVANCED_FACE('',(#2010),#2028,.T.);
#2010 = FACE_BOUND('',#2011,.T.);
#2011 = EDGE_LOOP('',(#2012,#2013,#2021,#2027));
#2012 = ORIENTED_EDGE('',*,*,#1387,.F.);
#2013 = ORIENTED_EDGE('',*,*,#2014,.T.);
#2014 = EDGE_CURVE('',#1388,#2015,#2017,.T.);
#2015 = VERTEX_POINT('',#2016);
#2016 = CARTESIAN_POINT('',(-0.32,0.32,9.85));
#2017 = LINE('',#2018,#2019);
#2018 = CARTESIAN_POINT('',(-0.32,0.32,-3.5));
#2019 = VECTOR('',#2020,1.);
#2020 = DIRECTION('',(0.,0.,1.));
#2021 = ORIENTED_EDGE('',*,*,#2022,.T.);
#2022 = EDGE_CURVE('',#2015,#1984,#2023,.T.);
#2023 = LINE('',#2024,#2025);
#2024 = CARTESIAN_POINT('',(-0.32,0.32,9.85));
#2025 = VECTOR('',#2026,1.);
#2026 = DIRECTION('',(1.,-1.224646799147E-16,0.));
#2027 = ORIENTED_EDGE('',*,*,#1983,.F.);
#2028 = PLANE('',#2029);
#2029 = AXIS2_PLACEMENT_3D('',#2030,#2031,#2032);
#2030 = CARTESIAN_POINT('',(-0.32,0.32,-3.5));
#2031 = DIRECTION('',(1.224646799147E-16,1.,0.));
#2032 = DIRECTION('',(1.,-1.224646799147E-16,0.));
#2033 = ADVANCED_FACE('',(#2034),#2052,.T.);
#2034 = FACE_BOUND('',#2035,.T.);
#2035 = EDGE_LOOP('',(#2036,#2037,#2038,#2046));
#2036 = ORIENTED_EDGE('',*,*,#1403,.F.);
#2037 = ORIENTED_EDGE('',*,*,#1999,.T.);
#2038 = ORIENTED_EDGE('',*,*,#2039,.T.);
#2039 = EDGE_CURVE('',#1992,#2040,#2042,.T.);
#2040 = VERTEX_POINT('',#2041);
#2041 = CARTESIAN_POINT('',(-0.32,-0.32,9.85));
#2042 = LINE('',#2043,#2044);
#2043 = CARTESIAN_POINT('',(0.32,-0.32,9.85));
#2044 = VECTOR('',#2045,1.);
#2045 = DIRECTION('',(-1.,1.224646799147E-16,0.));
#2046 = ORIENTED_EDGE('',*,*,#2047,.F.);
#2047 = EDGE_CURVE('',#1396,#2040,#2048,.T.);
#2048 = LINE('',#2049,#2050);
#2049 = CARTESIAN_POINT('',(-0.32,-0.32,-3.5));
#2050 = VECTOR('',#2051,1.);
#2051 = DIRECTION('',(0.,0.,1.));
#2052 = PLANE('',#2053);
#2053 = AXIS2_PLACEMENT_3D('',#2054,#2055,#2056);
#2054 = CARTESIAN_POINT('',(0.32,-0.32,-3.5));
#2055 = DIRECTION('',(-1.224646799147E-16,-1.,0.));
#2056 = DIRECTION('',(-1.,1.224646799147E-16,0.));
#2057 = ADVANCED_FACE('',(#2058),#2069,.T.);
#2058 = FACE_BOUND('',#2059,.T.);
#2059 = EDGE_LOOP('',(#2060,#2061,#2062,#2068));
#2060 = ORIENTED_EDGE('',*,*,#1395,.F.);
#2061 = ORIENTED_EDGE('',*,*,#2047,.T.);
#2062 = ORIENTED_EDGE('',*,*,#2063,.T.);
#2063 = EDGE_CURVE('',#2040,#2015,#2064,.T.);
#2064 = LINE('',#2065,#2066);
#2065 = CARTESIAN_POINT('',(-0.32,-0.32,9.85));
#2066 = VECTOR('',#2067,1.);
#2067 = DIRECTION('',(1.224646799147E-16,1.,0.));
#2068 = ORIENTED_EDGE('',*,*,#2014,.F.);
#2069 = PLANE('',#2070);
#2070 = AXIS2_PLACEMENT_3D('',#2071,#2072,#2073);
#2071 = CARTESIAN_POINT('',(-0.32,-0.32,-3.5));
#2072 = DIRECTION('',(-1.,1.224646799147E-16,0.));
#2073 = DIRECTION('',(1.224646799147E-16,1.,0.));
#2074 = ADVANCED_FACE('',(#2075),#2100,.T.);
#2075 = FACE_BOUND('',#2076,.T.);
#2076 = EDGE_LOOP('',(#2077,#2078,#2086,#2094));
#2077 = ORIENTED_EDGE('',*,*,#1411,.F.);
#2078 = ORIENTED_EDGE('',*,*,#2079,.T.);
#2079 = EDGE_CURVE('',#1412,#2080,#2082,.T.);
#2080 = VERTEX_POINT('',#2081);
#2081 = CARTESIAN_POINT('',(4.76,-0.32,9.85));
#2082 = LINE('',#2083,#2084);
#2083 = CARTESIAN_POINT('',(4.76,-0.32,-3.5));
#2084 = VECTOR('',#2085,1.);
#2085 = DIRECTION('',(0.,0.,1.));
#2086 = ORIENTED_EDGE('',*,*,#2087,.T.);
#2087 = EDGE_CURVE('',#2080,#2088,#2090,.T.);
#2088 = VERTEX_POINT('',#2089);
#2089 = CARTESIAN_POINT('',(4.76,0.32,9.85));
#2090 = LINE('',#2091,#2092);
#2091 = CARTESIAN_POINT('',(4.76,-0.32,9.85));
#2092 = VECTOR('',#2093,1.);
#2093 = DIRECTION('',(1.224646799147E-16,1.,0.));
#2094 = ORIENTED_EDGE('',*,*,#2095,.F.);
#2095 = EDGE_CURVE('',#1414,#2088,#2096,.T.);
#2096 = LINE('',#2097,#2098);
#2097 = CARTESIAN_POINT('',(4.76,0.32,-3.5));
#2098 = VECTOR('',#2099,1.);
#2099 = DIRECTION('',(0.,0.,1.));
#2100 = PLANE('',#2101);
#2101 = AXIS2_PLACEMENT_3D('',#2102,#2103,#2104);
#2102 = CARTESIAN_POINT('',(4.76,-0.32,-3.5));
#2103 = DIRECTION('',(-1.,1.224646799147E-16,0.));
#2104 = DIRECTION('',(1.224646799147E-16,1.,0.));
#2105 = ADVANCED_FACE('',(#2106),#2124,.T.);
#2106 = FACE_BOUND('',#2107,.T.);
#2107 = EDGE_LOOP('',(#2108,#2109,#2117,#2123));
#2108 = ORIENTED_EDGE('',*,*,#1421,.F.);
#2109 = ORIENTED_EDGE('',*,*,#2110,.T.);
#2110 = EDGE_CURVE('',#1422,#2111,#2113,.T.);
#2111 = VERTEX_POINT('',#2112);
#2112 = CARTESIAN_POINT('',(5.4,-0.32,9.85));
#2113 = LINE('',#2114,#2115);
#2114 = CARTESIAN_POINT('',(5.4,-0.32,-3.5));
#2115 = VECTOR('',#2116,1.);
#2116 = DIRECTION('',(0.,0.,1.));
#2117 = ORIENTED_EDGE('',*,*,#2118,.T.);
#2118 = EDGE_CURVE('',#2111,#2080,#2119,.T.);
#2119 = LINE('',#2120,#2121);
#2120 = CARTESIAN_POINT('',(5.4,-0.32,9.85));
#2121 = VECTOR('',#2122,1.);
#2122 = DIRECTION('',(-1.,1.224646799147E-16,0.));
#2123 = ORIENTED_EDGE('',*,*,#2079,.F.);
#2124 = PLANE('',#2125);
#2125 = AXIS2_PLACEMENT_3D('',#2126,#2127,#2128);
#2126 = CARTESIAN_POINT('',(5.4,-0.32,-3.5));
#2127 = DIRECTION('',(-1.224646799147E-16,-1.,0.));
#2128 = DIRECTION('',(-1.,1.224646799147E-16,0.));
#2129 = ADVANCED_FACE('',(#2130),#2148,.T.);
#2130 = FACE_BOUND('',#2131,.T.);
#2131 = EDGE_LOOP('',(#2132,#2133,#2134,#2142));
#2132 = ORIENTED_EDGE('',*,*,#1437,.F.);
#2133 = ORIENTED_EDGE('',*,*,#2095,.T.);
#2134 = ORIENTED_EDGE('',*,*,#2135,.T.);
#2135 = EDGE_CURVE('',#2088,#2136,#2138,.T.);
#2136 = VERTEX_POINT('',#2137);
#2137 = CARTESIAN_POINT('',(5.4,0.32,9.85));
#2138 = LINE('',#2139,#2140);
#2139 = CARTESIAN_POINT('',(4.76,0.32,9.85));
#2140 = VECTOR('',#2141,1.);
#2141 = DIRECTION('',(1.,-1.224646799147E-16,0.));
#2142 = ORIENTED_EDGE('',*,*,#2143,.F.);
#2143 = EDGE_CURVE('',#1430,#2136,#2144,.T.);
#2144 = LINE('',#2145,#2146);
#2145 = CARTESIAN_POINT('',(5.4,0.32,-3.5));
#2146 = VECTOR('',#2147,1.);
#2147 = DIRECTION('',(0.,0.,1.));
#2148 = PLANE('',#2149);
#2149 = AXIS2_PLACEMENT_3D('',#2150,#2151,#2152);
#2150 = CARTESIAN_POINT('',(4.76,0.32,-3.5));
#2151 = DIRECTION('',(1.224646799147E-16,1.,0.));
#2152 = DIRECTION('',(1.,-1.224646799147E-16,0.));
#2153 = ADVANCED_FACE('',(#2154),#2165,.T.);
#2154 = FACE_BOUND('',#2155,.T.);
#2155 = EDGE_LOOP('',(#2156,#2157,#2158,#2164));
#2156 = ORIENTED_EDGE('',*,*,#1429,.F.);
#2157 = ORIENTED_EDGE('',*,*,#2143,.T.);
#2158 = ORIENTED_EDGE('',*,*,#2159,.T.);
#2159 = EDGE_CURVE('',#2136,#2111,#2160,.T.);
#2160 = LINE('',#2161,#2162);
#2161 = CARTESIAN_POINT('',(5.4,0.32,9.85));
#2162 = VECTOR('',#2163,1.);
#2163 = DIRECTION('',(-1.224646799147E-16,-1.,0.));
#2164 = ORIENTED_EDGE('',*,*,#2110,.F.);
#2165 = PLANE('',#2166);
#2166 = AXIS2_PLACEMENT_3D('',#2167,#2168,#2169);
#2167 = CARTESIAN_POINT('',(5.4,0.32,-3.5));
#2168 = DIRECTION('',(1.,-1.224646799147E-16,0.));
#2169 = DIRECTION('',(-1.224646799147E-16,-1.,0.));
#2170 = ADVANCED_FACE('',(#2171),#2196,.T.);
#2171 = FACE_BOUND('',#2172,.T.);
#2172 = EDGE_LOOP('',(#2173,#2174,#2182,#2190));
#2173 = ORIENTED_EDGE('',*,*,#1445,.F.);
#2174 = ORIENTED_EDGE('',*,*,#2175,.T.);
#2175 = EDGE_CURVE('',#1446,#2176,#2178,.T.);
#2176 = VERTEX_POINT('',#2177);
#2177 = CARTESIAN_POINT('',(7.94,-0.32,9.85));
#2178 = LINE('',#2179,#2180);
#2179 = CARTESIAN_POINT('',(7.94,-0.32,-3.5));
#2180 = VECTOR('',#2181,1.);
#2181 = DIRECTION('',(0.,0.,1.));
#2182 = ORIENTED_EDGE('',*,*,#2183,.T.);
#2183 = EDGE_CURVE('',#2176,#2184,#2186,.T.);
#2184 = VERTEX_POINT('',#2185);
#2185 = CARTESIAN_POINT('',(7.3,-0.32,9.85));
#2186 = LINE('',#2187,#2188);
#2187 = CARTESIAN_POINT('',(7.94,-0.32,9.85));
#2188 = VECTOR('',#2189,1.);
#2189 = DIRECTION('',(-1.,1.224646799147E-16,0.));
#2190 = ORIENTED_EDGE('',*,*,#2191,.F.);
#2191 = EDGE_CURVE('',#1448,#2184,#2192,.T.);
#2192 = LINE('',#2193,#2194);
#2193 = CARTESIAN_POINT('',(7.3,-0.32,-3.5));
#2194 = VECTOR('',#2195,1.);
#2195 = DIRECTION('',(0.,0.,1.));
#2196 = PLANE('',#2197);
#2197 = AXIS2_PLACEMENT_3D('',#2198,#2199,#2200);
#2198 = CARTESIAN_POINT('',(7.94,-0.32,-3.5));
#2199 = DIRECTION('',(-1.224646799147E-16,-1.,0.));
#2200 = DIRECTION('',(-1.,1.224646799147E-16,0.));
#2201 = ADVANCED_FACE('',(#2202),#2220,.T.);
#2202 = FACE_BOUND('',#2203,.T.);
#2203 = EDGE_LOOP('',(#2204,#2205,#2206,#2214));
#2204 = ORIENTED_EDGE('',*,*,#1471,.F.);
#2205 = ORIENTED_EDGE('',*,*,#2191,.T.);
#2206 = ORIENTED_EDGE('',*,*,#2207,.T.);
#2207 = EDGE_CURVE('',#2184,#2208,#2210,.T.);
#2208 = VERTEX_POINT('',#2209);
#2209 = CARTESIAN_POINT('',(7.3,0.32,9.85));
#2210 = LINE('',#2211,#2212);
#2211 = CARTESIAN_POINT('',(7.3,-0.32,9.85));
#2212 = VECTOR('',#2213,1.);
#2213 = DIRECTION('',(1.224646799147E-16,1.,0.));
#2214 = ORIENTED_EDGE('',*,*,#2215,.F.);
#2215 = EDGE_CURVE('',#1464,#2208,#2216,.T.);
#2216 = LINE('',#2217,#2218);
#2217 = CARTESIAN_POINT('',(7.3,0.32,-3.5));
#2218 = VECTOR('',#2219,1.);
#2219 = DIRECTION('',(0.,0.,1.));
#2220 = PLANE('',#2221);
#2221 = AXIS2_PLACEMENT_3D('',#2222,#2223,#2224);
#2222 = CARTESIAN_POINT('',(7.3,-0.32,-3.5));
#2223 = DIRECTION('',(-1.,1.224646799147E-16,0.));
#2224 = DIRECTION('',(1.224646799147E-16,1.,0.));
#2225 = ADVANCED_FACE('',(#2226),#2244,.T.);
#2226 = FACE_BOUND('',#2227,.T.);
#2227 = EDGE_LOOP('',(#2228,#2229,#2230,#2238));
#2228 = ORIENTED_EDGE('',*,*,#1463,.F.);
#2229 = ORIENTED_EDGE('',*,*,#2215,.T.);
#2230 = ORIENTED_EDGE('',*,*,#2231,.T.);
#2231 = EDGE_CURVE('',#2208,#2232,#2234,.T.);
#2232 = VERTEX_POINT('',#2233);
#2233 = CARTESIAN_POINT('',(7.94,0.32,9.85));
#2234 = LINE('',#2235,#2236);
#2235 = CARTESIAN_POINT('',(7.3,0.32,9.85));
#2236 = VECTOR('',#2237,1.);
#2237 = DIRECTION('',(1.,-1.224646799147E-16,0.));
#2238 = ORIENTED_EDGE('',*,*,#2239,.F.);
#2239 = EDGE_CURVE('',#1456,#2232,#2240,.T.);
#2240 = LINE('',#2241,#2242);
#2241 = CARTESIAN_POINT('',(7.94,0.32,-3.5));
#2242 = VECTOR('',#2243,1.);
#2243 = DIRECTION('',(0.,0.,1.));
#2244 = PLANE('',#2245);
#2245 = AXIS2_PLACEMENT_3D('',#2246,#2247,#2248);
#2246 = CARTESIAN_POINT('',(7.3,0.32,-3.5));
#2247 = DIRECTION('',(1.224646799147E-16,1.,0.));
#2248 = DIRECTION('',(1.,-1.224646799147E-16,0.));
#2249 = ADVANCED_FACE('',(#2250),#2261,.T.);
#2250 = FACE_BOUND('',#2251,.T.);
#2251 = EDGE_LOOP('',(#2252,#2253,#2254,#2260));
#2252 = ORIENTED_EDGE('',*,*,#1455,.F.);
#2253 = ORIENTED_EDGE('',*,*,#2239,.T.);
#2254 = ORIENTED_EDGE('',*,*,#2255,.T.);
#2255 = EDGE_CURVE('',#2232,#2176,#2256,.T.);
#2256 = LINE('',#2257,#2258);
#2257 = CARTESIAN_POINT('',(7.94,0.32,9.85));
#2258 = VECTOR('',#2259,1.);
#2259 = DIRECTION('',(-1.224646799147E-16,-1.,0.));
#2260 = ORIENTED_EDGE('',*,*,#2175,.F.);
#2261 = PLANE('',#2262);
#2262 = AXIS2_PLACEMENT_3D('',#2263,#2264,#2265);
#2263 = CARTESIAN_POINT('',(7.94,0.32,-3.5));
#2264 = DIRECTION('',(1.,-1.224646799147E-16,0.));
#2265 = DIRECTION('',(-1.224646799147E-16,-1.,0.));
#2266 = ADVANCED_FACE('',(#2267),#2292,.T.);
#2267 = FACE_BOUND('',#2268,.T.);
#2268 = EDGE_LOOP('',(#2269,#2279,#2285,#2286));
#2269 = ORIENTED_EDGE('',*,*,#2270,.F.);
#2270 = EDGE_CURVE('',#2271,#2273,#2275,.T.);
#2271 = VERTEX_POINT('',#2272);
#2272 = CARTESIAN_POINT('',(0.32,0.32,-3.35));
#2273 = VERTEX_POINT('',#2274);
#2274 = CARTESIAN_POINT('',(0.32,-0.32,-3.35));
#2275 = LINE('',#2276,#2277);
#2276 = CARTESIAN_POINT('',(0.32,0.32,-3.35));
#2277 = VECTOR('',#2278,1.);
#2278 = DIRECTION('',(-1.224646799147E-16,-1.,0.));
#2279 = ORIENTED_EDGE('',*,*,#2280,.T.);
#2280 = EDGE_CURVE('',#2271,#1538,#2281,.T.);
#2281 = LINE('',#2282,#2283);
#2282 = CARTESIAN_POINT('',(0.32,0.32,-3.5));
#2283 = VECTOR('',#2284,1.);
#2284 = DIRECTION('',(0.,0.,1.));
#2285 = ORIENTED_EDGE('',*,*,#1535,.F.);
#2286 = ORIENTED_EDGE('',*,*,#2287,.F.);
#2287 = EDGE_CURVE('',#2273,#1536,#2288,.T.);
#2288 = LINE('',#2289,#2290);
#2289 = CARTESIAN_POINT('',(0.32,-0.32,-3.5));
#2290 = VECTOR('',#2291,1.);
#2291 = DIRECTION('',(0.,0.,1.));
#2292 = PLANE('',#2293);
#2293 = AXIS2_PLACEMENT_3D('',#2294,#2295,#2296);
#2294 = CARTESIAN_POINT('',(0.32,0.32,-3.5));
#2295 = DIRECTION('',(1.,-1.224646799147E-16,0.));
#2296 = DIRECTION('',(-1.224646799147E-16,-1.,0.));
#2297 = ADVANCED_FACE('',(#2298),#2316,.T.);
#2298 = FACE_BOUND('',#2299,.T.);
#2299 = EDGE_LOOP('',(#2300,#2308,#2309,#2310));
#2300 = ORIENTED_EDGE('',*,*,#2301,.F.);
#2301 = EDGE_CURVE('',#2273,#2302,#2304,.T.);
#2302 = VERTEX_POINT('',#2303);
#2303 = CARTESIAN_POINT('',(-0.32,-0.32,-3.35));
#2304 = LINE('',#2305,#2306);
#2305 = CARTESIAN_POINT('',(0.32,-0.32,-3.35));
#2306 = VECTOR('',#2307,1.);
#2307 = DIRECTION('',(-1.,1.224646799147E-16,0.));
#2308 = ORIENTED_EDGE('',*,*,#2287,.T.);
#2309 = ORIENTED_EDGE('',*,*,#1545,.F.);
#2310 = ORIENTED_EDGE('',*,*,#2311,.F.);
#2311 = EDGE_CURVE('',#2302,#1546,#2312,.T.);
#2312 = LINE('',#2313,#2314);
#2313 = CARTESIAN_POINT('',(-0.32,-0.32,-3.5));
#2314 = VECTOR('',#2315,1.);
#2315 = DIRECTION('',(0.,0.,1.));
#2316 = PLANE('',#2317);
#2317 = AXIS2_PLACEMENT_3D('',#2318,#2319,#2320);
#2318 = CARTESIAN_POINT('',(0.32,-0.32,-3.5));
#2319 = DIRECTION('',(-1.224646799147E-16,-1.,0.));
#2320 = DIRECTION('',(-1.,1.224646799147E-16,0.));
#2321 = ADVANCED_FACE('',(#2322),#2340,.T.);
#2322 = FACE_BOUND('',#2323,.T.);
#2323 = EDGE_LOOP('',(#2324,#2332,#2338,#2339));
#2324 = ORIENTED_EDGE('',*,*,#2325,.F.);
#2325 = EDGE_CURVE('',#2326,#2271,#2328,.T.);
#2326 = VERTEX_POINT('',#2327);
#2327 = CARTESIAN_POINT('',(-0.32,0.32,-3.35));
#2328 = LINE('',#2329,#2330);
#2329 = CARTESIAN_POINT('',(-0.32,0.32,-3.35));
#2330 = VECTOR('',#2331,1.);
#2331 = DIRECTION('',(1.,-1.224646799147E-16,0.));
#2332 = ORIENTED_EDGE('',*,*,#2333,.T.);
#2333 = EDGE_CURVE('',#2326,#1554,#2334,.T.);
#2334 = LINE('',#2335,#2336);
#2335 = CARTESIAN_POINT('',(-0.32,0.32,-3.5));
#2336 = VECTOR('',#2337,1.);
#2337 = DIRECTION('',(0.,0.,1.));
#2338 = ORIENTED_EDGE('',*,*,#1561,.F.);
#2339 = ORIENTED_EDGE('',*,*,#2280,.F.);
#2340 = PLANE('',#2341);
#2341 = AXIS2_PLACEMENT_3D('',#2342,#2343,#2344);
#2342 = CARTESIAN_POINT('',(-0.32,0.32,-3.5));
#2343 = DIRECTION('',(1.224646799147E-16,1.,0.));
#2344 = DIRECTION('',(1.,-1.224646799147E-16,0.));
#2345 = ADVANCED_FACE('',(#2346),#2357,.T.);
#2346 = FACE_BOUND('',#2347,.T.);
#2347 = EDGE_LOOP('',(#2348,#2354,#2355,#2356));
#2348 = ORIENTED_EDGE('',*,*,#2349,.F.);
#2349 = EDGE_CURVE('',#2302,#2326,#2350,.T.);
#2350 = LINE('',#2351,#2352);
#2351 = CARTESIAN_POINT('',(-0.32,-0.32,-3.35));
#2352 = VECTOR('',#2353,1.);
#2353 = DIRECTION('',(1.224646799147E-16,1.,0.));
#2354 = ORIENTED_EDGE('',*,*,#2311,.T.);
#2355 = ORIENTED_EDGE('',*,*,#1553,.F.);
#2356 = ORIENTED_EDGE('',*,*,#2333,.F.);
#2357 = PLANE('',#2358);
#2358 = AXIS2_PLACEMENT_3D('',#2359,#2360,#2361);
#2359 = CARTESIAN_POINT('',(-0.32,-0.32,-3.5));
#2360 = DIRECTION('',(-1.,1.224646799147E-16,0.));
#2361 = DIRECTION('',(1.224646799147E-16,1.,0.));
#2362 = ADVANCED_FACE('',(#2363),#2388,.T.);
#2363 = FACE_BOUND('',#2364,.T.);
#2364 = EDGE_LOOP('',(#2365,#2375,#2381,#2382));
#2365 = ORIENTED_EDGE('',*,*,#2366,.F.);
#2366 = EDGE_CURVE('',#2367,#2369,#2371,.T.);
#2367 = VERTEX_POINT('',#2368);
#2368 = CARTESIAN_POINT('',(2.86,-0.32,-3.35));
#2369 = VERTEX_POINT('',#2370);
#2370 = CARTESIAN_POINT('',(2.22,-0.32,-3.35));
#2371 = LINE('',#2372,#2373);
#2372 = CARTESIAN_POINT('',(2.86,-0.32,-3.35));
#2373 = VECTOR('',#2374,1.);
#2374 = DIRECTION('',(-1.,1.224646799147E-16,0.));
#2375 = ORIENTED_EDGE('',*,*,#2376,.T.);
#2376 = EDGE_CURVE('',#2367,#1572,#2377,.T.);
#2377 = LINE('',#2378,#2379);
#2378 = CARTESIAN_POINT('',(2.86,-0.32,-3.5));
#2379 = VECTOR('',#2380,1.);
#2380 = DIRECTION('',(0.,0.,1.));
#2381 = ORIENTED_EDGE('',*,*,#1569,.F.);
#2382 = ORIENTED_EDGE('',*,*,#2383,.F.);
#2383 = EDGE_CURVE('',#2369,#1570,#2384,.T.);
#2384 = LINE('',#2385,#2386);
#2385 = CARTESIAN_POINT('',(2.22,-0.32,-3.5));
#2386 = VECTOR('',#2387,1.);
#2387 = DIRECTION('',(0.,0.,1.));
#2388 = PLANE('',#2389);
#2389 = AXIS2_PLACEMENT_3D('',#2390,#2391,#2392);
#2390 = CARTESIAN_POINT('',(2.86,-0.32,-3.5));
#2391 = DIRECTION('',(-1.224646799147E-16,-1.,0.));
#2392 = DIRECTION('',(-1.,1.224646799147E-16,0.));
#2393 = ADVANCED_FACE('',(#2394),#2412,.T.);
#2394 = FACE_BOUND('',#2395,.T.);
#2395 = EDGE_LOOP('',(#2396,#2404,#2405,#2406));
#2396 = ORIENTED_EDGE('',*,*,#2397,.F.);
#2397 = EDGE_CURVE('',#2369,#2398,#2400,.T.);
#2398 = VERTEX_POINT('',#2399);
#2399 = CARTESIAN_POINT('',(2.22,0.32,-3.35));
#2400 = LINE('',#2401,#2402);
#2401 = CARTESIAN_POINT('',(2.22,-0.32,-3.35));
#2402 = VECTOR('',#2403,1.);
#2403 = DIRECTION('',(1.224646799147E-16,1.,0.));
#2404 = ORIENTED_EDGE('',*,*,#2383,.T.);
#2405 = ORIENTED_EDGE('',*,*,#1579,.F.);
#2406 = ORIENTED_EDGE('',*,*,#2407,.F.);
#2407 = EDGE_CURVE('',#2398,#1580,#2408,.T.);
#2408 = LINE('',#2409,#2410);
#2409 = CARTESIAN_POINT('',(2.22,0.32,-3.5));
#2410 = VECTOR('',#2411,1.);
#2411 = DIRECTION('',(0.,0.,1.));
#2412 = PLANE('',#2413);
#2413 = AXIS2_PLACEMENT_3D('',#2414,#2415,#2416);
#2414 = CARTESIAN_POINT('',(2.22,-0.32,-3.5));
#2415 = DIRECTION('',(-1.,1.224646799147E-16,0.));
#2416 = DIRECTION('',(1.224646799147E-16,1.,0.));
#2417 = ADVANCED_FACE('',(#2418),#2436,.T.);
#2418 = FACE_BOUND('',#2419,.T.);
#2419 = EDGE_LOOP('',(#2420,#2428,#2434,#2435));
#2420 = ORIENTED_EDGE('',*,*,#2421,.F.);
#2421 = EDGE_CURVE('',#2422,#2367,#2424,.T.);
#2422 = VERTEX_POINT('',#2423);
#2423 = CARTESIAN_POINT('',(2.86,0.32,-3.35));
#2424 = LINE('',#2425,#2426);
#2425 = CARTESIAN_POINT('',(2.86,0.32,-3.35));
#2426 = VECTOR('',#2427,1.);
#2427 = DIRECTION('',(-1.224646799147E-16,-1.,0.));
#2428 = ORIENTED_EDGE('',*,*,#2429,.T.);
#2429 = EDGE_CURVE('',#2422,#1588,#2430,.T.);
#2430 = LINE('',#2431,#2432);
#2431 = CARTESIAN_POINT('',(2.86,0.32,-3.5));
#2432 = VECTOR('',#2433,1.);
#2433 = DIRECTION('',(0.,0.,1.));
#2434 = ORIENTED_EDGE('',*,*,#1595,.F.);
#2435 = ORIENTED_EDGE('',*,*,#2376,.F.);
#2436 = PLANE('',#2437);
#2437 = AXIS2_PLACEMENT_3D('',#2438,#2439,#2440);
#2438 = CARTESIAN_POINT('',(2.86,0.32,-3.5));
#2439 = DIRECTION('',(1.,-1.224646799147E-16,0.));
#2440 = DIRECTION('',(-1.224646799147E-16,-1.,0.));
#2441 = ADVANCED_FACE('',(#2442),#2453,.T.);
#2442 = FACE_BOUND('',#2443,.T.);
#2443 = EDGE_LOOP('',(#2444,#2450,#2451,#2452));
#2444 = ORIENTED_EDGE('',*,*,#2445,.F.);
#2445 = EDGE_CURVE('',#2398,#2422,#2446,.T.);
#2446 = LINE('',#2447,#2448);
#2447 = CARTESIAN_POINT('',(2.22,0.32,-3.35));
#2448 = VECTOR('',#2449,1.);
#2449 = DIRECTION('',(1.,-1.224646799147E-16,0.));
#2450 = ORIENTED_EDGE('',*,*,#2407,.T.);
#2451 = ORIENTED_EDGE('',*,*,#1587,.F.);
#2452 = ORIENTED_EDGE('',*,*,#2429,.F.);
#2453 = PLANE('',#2454);
#2454 = AXIS2_PLACEMENT_3D('',#2455,#2456,#2457);
#2455 = CARTESIAN_POINT('',(2.22,0.32,-3.5));
#2456 = DIRECTION('',(1.224646799147E-16,1.,0.));
#2457 = DIRECTION('',(1.,-1.224646799147E-16,0.));
#2458 = ADVANCED_FACE('',(#2459),#2484,.T.);
#2459 = FACE_BOUND('',#2460,.T.);
#2460 = EDGE_LOOP('',(#2461,#2471,#2477,#2478));
#2461 = ORIENTED_EDGE('',*,*,#2462,.F.);
#2462 = EDGE_CURVE('',#2463,#2465,#2467,.T.);
#2463 = VERTEX_POINT('',#2464);
#2464 = CARTESIAN_POINT('',(4.76,-0.32,-3.35));
#2465 = VERTEX_POINT('',#2466);
#2466 = CARTESIAN_POINT('',(4.76,0.32,-3.35));
#2467 = LINE('',#2468,#2469);
#2468 = CARTESIAN_POINT('',(4.76,-0.32,-3.35));
#2469 = VECTOR('',#2470,1.);
#2470 = DIRECTION('',(1.224646799147E-16,1.,0.));
#2471 = ORIENTED_EDGE('',*,*,#2472,.T.);
#2472 = EDGE_CURVE('',#2463,#1606,#2473,.T.);
#2473 = LINE('',#2474,#2475);
#2474 = CARTESIAN_POINT('',(4.76,-0.32,-3.5));
#2475 = VECTOR('',#2476,1.);
#2476 = DIRECTION('',(0.,0.,1.));
#2477 = ORIENTED_EDGE('',*,*,#1603,.F.);
#2478 = ORIENTED_EDGE('',*,*,#2479,.F.);
#2479 = EDGE_CURVE('',#2465,#1604,#2480,.T.);
#2480 = LINE('',#2481,#2482);
#2481 = CARTESIAN_POINT('',(4.76,0.32,-3.5));
#2482 = VECTOR('',#2483,1.);
#2483 = DIRECTION('',(0.,0.,1.));
#2484 = PLANE('',#2485);
#2485 = AXIS2_PLACEMENT_3D('',#2486,#2487,#2488);
#2486 = CARTESIAN_POINT('',(4.76,-0.32,-3.5));
#2487 = DIRECTION('',(-1.,1.224646799147E-16,0.));
#2488 = DIRECTION('',(1.224646799147E-16,1.,0.));
#2489 = ADVANCED_FACE('',(#2490),#2508,.T.);
#2490 = FACE_BOUND('',#2491,.T.);
#2491 = EDGE_LOOP('',(#2492,#2500,#2501,#2502));
#2492 = ORIENTED_EDGE('',*,*,#2493,.F.);
#2493 = EDGE_CURVE('',#2465,#2494,#2496,.T.);
#2494 = VERTEX_POINT('',#2495);
#2495 = CARTESIAN_POINT('',(5.4,0.32,-3.35));
#2496 = LINE('',#2497,#2498);
#2497 = CARTESIAN_POINT('',(4.76,0.32,-3.35));
#2498 = VECTOR('',#2499,1.);
#2499 = DIRECTION('',(1.,-1.224646799147E-16,0.));
#2500 = ORIENTED_EDGE('',*,*,#2479,.T.);
#2501 = ORIENTED_EDGE('',*,*,#1613,.F.);
#2502 = ORIENTED_EDGE('',*,*,#2503,.F.);
#2503 = EDGE_CURVE('',#2494,#1614,#2504,.T.);
#2504 = LINE('',#2505,#2506);
#2505 = CARTESIAN_POINT('',(5.4,0.32,-3.5));
#2506 = VECTOR('',#2507,1.);
#2507 = DIRECTION('',(0.,0.,1.));
#2508 = PLANE('',#2509);
#2509 = AXIS2_PLACEMENT_3D('',#2510,#2511,#2512);
#2510 = CARTESIAN_POINT('',(4.76,0.32,-3.5));
#2511 = DIRECTION('',(1.224646799147E-16,1.,0.));
#2512 = DIRECTION('',(1.,-1.224646799147E-16,0.));
#2513 = ADVANCED_FACE('',(#2514),#2532,.T.);
#2514 = FACE_BOUND('',#2515,.T.);
#2515 = EDGE_LOOP('',(#2516,#2524,#2530,#2531));
#2516 = ORIENTED_EDGE('',*,*,#2517,.F.);
#2517 = EDGE_CURVE('',#2518,#2463,#2520,.T.);
#2518 = VERTEX_POINT('',#2519);
#2519 = CARTESIAN_POINT('',(5.4,-0.32,-3.35));
#2520 = LINE('',#2521,#2522);
#2521 = CARTESIAN_POINT('',(5.4,-0.32,-3.35));
#2522 = VECTOR('',#2523,1.);
#2523 = DIRECTION('',(-1.,1.224646799147E-16,0.));
#2524 = ORIENTED_EDGE('',*,*,#2525,.T.);
#2525 = EDGE_CURVE('',#2518,#1622,#2526,.T.);
#2526 = LINE('',#2527,#2528);
#2527 = CARTESIAN_POINT('',(5.4,-0.32,-3.5));
#2528 = VECTOR('',#2529,1.);
#2529 = DIRECTION('',(0.,0.,1.));
#2530 = ORIENTED_EDGE('',*,*,#1629,.F.);
#2531 = ORIENTED_EDGE('',*,*,#2472,.F.);
#2532 = PLANE('',#2533);
#2533 = AXIS2_PLACEMENT_3D('',#2534,#2535,#2536);
#2534 = CARTESIAN_POINT('',(5.4,-0.32,-3.5));
#2535 = DIRECTION('',(-1.224646799147E-16,-1.,0.));
#2536 = DIRECTION('',(-1.,1.224646799147E-16,0.));
#2537 = ADVANCED_FACE('',(#2538),#2549,.T.);
#2538 = FACE_BOUND('',#2539,.T.);
#2539 = EDGE_LOOP('',(#2540,#2546,#2547,#2548));
#2540 = ORIENTED_EDGE('',*,*,#2541,.F.);
#2541 = EDGE_CURVE('',#2494,#2518,#2542,.T.);
#2542 = LINE('',#2543,#2544);
#2543 = CARTESIAN_POINT('',(5.4,0.32,-3.35));
#2544 = VECTOR('',#2545,1.);
#2545 = DIRECTION('',(-1.224646799147E-16,-1.,0.));
#2546 = ORIENTED_EDGE('',*,*,#2503,.T.);
#2547 = ORIENTED_EDGE('',*,*,#1621,.F.);
#2548 = ORIENTED_EDGE('',*,*,#2525,.F.);
#2549 = PLANE('',#2550);
#2550 = AXIS2_PLACEMENT_3D('',#2551,#2552,#2553);
#2551 = CARTESIAN_POINT('',(5.4,0.32,-3.5));
#2552 = DIRECTION('',(1.,-1.224646799147E-16,0.));
#2553 = DIRECTION('',(-1.224646799147E-16,-1.,0.));
#2554 = ADVANCED_FACE('',(#2555),#2580,.T.);
#2555 = FACE_BOUND('',#2556,.T.);
#2556 = EDGE_LOOP('',(#2557,#2567,#2573,#2574));
#2557 = ORIENTED_EDGE('',*,*,#2558,.F.);
#2558 = EDGE_CURVE('',#2559,#2561,#2563,.T.);
#2559 = VERTEX_POINT('',#2560);
#2560 = CARTESIAN_POINT('',(7.94,-0.32,-3.35));
#2561 = VERTEX_POINT('',#2562);
#2562 = CARTESIAN_POINT('',(7.3,-0.32,-3.35));
#2563 = LINE('',#2564,#2565);
#2564 = CARTESIAN_POINT('',(7.94,-0.32,-3.35));
#2565 = VECTOR('',#2566,1.);
#2566 = DIRECTION('',(-1.,1.224646799147E-16,0.));
#2567 = ORIENTED_EDGE('',*,*,#2568,.T.);
#2568 = EDGE_CURVE('',#2559,#1640,#2569,.T.);
#2569 = LINE('',#2570,#2571);
#2570 = CARTESIAN_POINT('',(7.94,-0.32,-3.5));
#2571 = VECTOR('',#2572,1.);
#2572 = DIRECTION('',(0.,0.,1.));
#2573 = ORIENTED_EDGE('',*,*,#1637,.F.);
#2574 = ORIENTED_EDGE('',*,*,#2575,.F.);
#2575 = EDGE_CURVE('',#2561,#1638,#2576,.T.);
#2576 = LINE('',#2577,#2578);
#2577 = CARTESIAN_POINT('',(7.3,-0.32,-3.5));
#2578 = VECTOR('',#2579,1.);
#2579 = DIRECTION('',(0.,0.,1.));
#2580 = PLANE('',#2581);
#2581 = AXIS2_PLACEMENT_3D('',#2582,#2583,#2584);
#2582 = CARTESIAN_POINT('',(7.94,-0.32,-3.5));
#2583 = DIRECTION('',(-1.224646799147E-16,-1.,0.));
#2584 = DIRECTION('',(-1.,1.224646799147E-16,0.));
#2585 = ADVANCED_FACE('',(#2586),#2604,.T.);
#2586 = FACE_BOUND('',#2587,.T.);
#2587 = EDGE_LOOP('',(#2588,#2596,#2602,#2603));
#2588 = ORIENTED_EDGE('',*,*,#2589,.F.);
#2589 = EDGE_CURVE('',#2590,#2559,#2592,.T.);
#2590 = VERTEX_POINT('',#2591);
#2591 = CARTESIAN_POINT('',(7.94,0.32,-3.35));
#2592 = LINE('',#2593,#2594);
#2593 = CARTESIAN_POINT('',(7.94,0.32,-3.35));
#2594 = VECTOR('',#2595,1.);
#2595 = DIRECTION('',(-1.224646799147E-16,-1.,0.));
#2596 = ORIENTED_EDGE('',*,*,#2597,.T.);
#2597 = EDGE_CURVE('',#2590,#1656,#2598,.T.);
#2598 = LINE('',#2599,#2600);
#2599 = CARTESIAN_POINT('',(7.94,0.32,-3.5));
#2600 = VECTOR('',#2601,1.);
#2601 = DIRECTION('',(0.,0.,1.));
#2602 = ORIENTED_EDGE('',*,*,#1663,.F.);
#2603 = ORIENTED_EDGE('',*,*,#2568,.F.);
#2604 = PLANE('',#2605);
#2605 = AXIS2_PLACEMENT_3D('',#2606,#2607,#2608);
#2606 = CARTESIAN_POINT('',(7.94,0.32,-3.5));
#2607 = DIRECTION('',(1.,-1.224646799147E-16,0.));
#2608 = DIRECTION('',(-1.224646799147E-16,-1.,0.));
#2609 = ADVANCED_FACE('',(#2610),#2628,.T.);
#2610 = FACE_BOUND('',#2611,.T.);
#2611 = EDGE_LOOP('',(#2612,#2620,#2626,#2627));
#2612 = ORIENTED_EDGE('',*,*,#2613,.F.);
#2613 = EDGE_CURVE('',#2614,#2590,#2616,.T.);
#2614 = VERTEX_POINT('',#2615);
#2615 = CARTESIAN_POINT('',(7.3,0.32,-3.35));
#2616 = LINE('',#2617,#2618);
#2617 = CARTESIAN_POINT('',(7.3,0.32,-3.35));
#2618 = VECTOR('',#2619,1.);
#2619 = DIRECTION('',(1.,-1.224646799147E-16,0.));
#2620 = ORIENTED_EDGE('',*,*,#2621,.T.);
#2621 = EDGE_CURVE('',#2614,#1648,#2622,.T.);
#2622 = LINE('',#2623,#2624);
#2623 = CARTESIAN_POINT('',(7.3,0.32,-3.5));
#2624 = VECTOR('',#2625,1.);
#2625 = DIRECTION('',(0.,0.,1.));
#2626 = ORIENTED_EDGE('',*,*,#1655,.F.);
#2627 = ORIENTED_EDGE('',*,*,#2597,.F.);
#2628 = PLANE('',#2629);
#2629 = AXIS2_PLACEMENT_3D('',#2630,#2631,#2632);
#2630 = CARTESIAN_POINT('',(7.3,0.32,-3.5));
#2631 = DIRECTION('',(1.224646799147E-16,1.,0.));
#2632 = DIRECTION('',(1.,-1.224646799147E-16,0.));
#2633 = ADVANCED_FACE('',(#2634),#2645,.T.);
#2634 = FACE_BOUND('',#2635,.T.);
#2635 = EDGE_LOOP('',(#2636,#2642,#2643,#2644));
#2636 = ORIENTED_EDGE('',*,*,#2637,.F.);
#2637 = EDGE_CURVE('',#2561,#2614,#2638,.T.);
#2638 = LINE('',#2639,#2640);
#2639 = CARTESIAN_POINT('',(7.3,-0.32,-3.35));
#2640 = VECTOR('',#2641,1.);
#2641 = DIRECTION('',(1.224646799147E-16,1.,0.));
#2642 = ORIENTED_EDGE('',*,*,#2575,.T.);
#2643 = ORIENTED_EDGE('',*,*,#1647,.F.);
#2644 = ORIENTED_EDGE('',*,*,#2621,.F.);
#2645 = PLANE('',#2646);
#2646 = AXIS2_PLACEMENT_3D('',#2647,#2648,#2649);
#2647 = CARTESIAN_POINT('',(7.3,-0.32,-3.5));
#2648 = DIRECTION('',(-1.,1.224646799147E-16,0.));
#2649 = DIRECTION('',(1.224646799147E-16,1.,0.));
#2650 = ADVANCED_FACE('',(#2651),#2676,.F.);
#2651 = FACE_BOUND('',#2652,.F.);
#2652 = EDGE_LOOP('',(#2653,#2654,#2662,#2670));
#2653 = ORIENTED_EDGE('',*,*,#1700,.T.);
#2654 = ORIENTED_EDGE('',*,*,#2655,.T.);
#2655 = EDGE_CURVE('',#1693,#2656,#2658,.T.);
#2656 = VERTEX_POINT('',#2657);
#2657 = CARTESIAN_POINT('',(5.08,-2.3,5.5));
#2658 = LINE('',#2659,#2660);
#2659 = CARTESIAN_POINT('',(5.08,-2.3,2.5));
#2660 = VECTOR('',#2661,1.);
#2661 = DIRECTION('',(0.,0.,1.));
#2662 = ORIENTED_EDGE('',*,*,#2663,.F.);
#2663 = EDGE_CURVE('',#2664,#2656,#2666,.T.);
#2664 = VERTEX_POINT('',#2665);
#2665 = CARTESIAN_POINT('',(9.992007221626E-17,-2.3,5.5));
#2666 = LINE('',#2667,#2668);
#2667 = CARTESIAN_POINT('',(9.992007221626E-17,-2.3,5.5));
#2668 = VECTOR('',#2669,1.);
#2669 = DIRECTION('',(1.,-1.110223024625E-16,-1.110223024625E-16));
#2670 = ORIENTED_EDGE('',*,*,#2671,.F.);
#2671 = EDGE_CURVE('',#1701,#2664,#2672,.T.);
#2672 = LINE('',#2673,#2674);
#2673 = CARTESIAN_POINT('',(-2.816687638039E-16,-2.3,2.5));
#2674 = VECTOR('',#2675,1.);
#2675 = DIRECTION('',(0.,0.,1.));
#2676 = PLANE('',#2677);
#2677 = AXIS2_PLACEMENT_3D('',#2678,#2679,#2680);
#2678 = CARTESIAN_POINT('',(5.08,-2.3,2.5));
#2679 = DIRECTION('',(-1.224646799147E-16,-1.,0.));
#2680 = DIRECTION('',(-1.,1.224646799147E-16,0.));
#2681 = ADVANCED_FACE('',(#2682),#2708,.F.);
#2682 = FACE_BOUND('',#2683,.F.);
#2683 = EDGE_LOOP('',(#2684,#2692,#2700,#2706,#2707));
#2684 = ORIENTED_EDGE('',*,*,#2685,.T.);
#2685 = EDGE_CURVE('',#1725,#2686,#2688,.T.);
#2686 = VERTEX_POINT('',#2687);
#2687 = CARTESIAN_POINT('',(5.08,-3.3,7.5));
#2688 = LINE('',#2689,#2690);
#2689 = CARTESIAN_POINT('',(5.08,-3.3,2.5));
#2690 = VECTOR('',#2691,1.);
#2691 = DIRECTION('',(0.,0.,1.));
#2692 = ORIENTED_EDGE('',*,*,#2693,.T.);
#2693 = EDGE_CURVE('',#2686,#2694,#2696,.T.);
#2694 = VERTEX_POINT('',#2695);
#2695 = CARTESIAN_POINT('',(5.08,-2.3,7.5));
#2696 = LINE('',#2697,#2698);
#2697 = CARTESIAN_POINT('',(5.08,-3.3,7.5));
#2698 = VECTOR('',#2699,1.);
#2699 = DIRECTION('',(1.224646799147E-16,1.,0.));
#2700 = ORIENTED_EDGE('',*,*,#2701,.F.);
#2701 = EDGE_CURVE('',#2656,#2694,#2702,.T.);
#2702 = LINE('',#2703,#2704);
#2703 = CARTESIAN_POINT('',(5.08,-2.3,2.5));
#2704 = VECTOR('',#2705,1.);
#2705 = DIRECTION('',(0.,0.,1.));
#2706 = ORIENTED_EDGE('',*,*,#2655,.F.);
#2707 = ORIENTED_EDGE('',*,*,#1732,.F.);
#2708 = PLANE('',#2709);
#2709 = AXIS2_PLACEMENT_3D('',#2710,#2711,#2712);
#2710 = CARTESIAN_POINT('',(5.08,-3.3,2.5));
#2711 = DIRECTION('',(-1.,1.224646799147E-16,0.));
#2712 = DIRECTION('',(1.224646799147E-16,1.,0.));
#2713 = ADVANCED_FACE('',(#2714),#2732,.F.);
#2714 = FACE_BOUND('',#2715,.F.);
#2715 = EDGE_LOOP('',(#2716,#2724,#2730,#2731));
#2716 = ORIENTED_EDGE('',*,*,#2717,.T.);
#2717 = EDGE_CURVE('',#1748,#2718,#2720,.T.);
#2718 = VERTEX_POINT('',#2719);
#2719 = CARTESIAN_POINT('',(-4.041334437186E-16,-3.3,7.5));
#2720 = LINE('',#2721,#2722);
#2721 = CARTESIAN_POINT('',(-4.041334437186E-16,-3.3,2.5));
#2722 = VECTOR('',#2723,1.);
#2723 = DIRECTION('',(0.,0.,1.));
#2724 = ORIENTED_EDGE('',*,*,#2725,.T.);
#2725 = EDGE_CURVE('',#2718,#2686,#2726,.T.);
#2726 = LINE('',#2727,#2728);
#2727 = CARTESIAN_POINT('',(-4.041334437186E-16,-3.3,7.5));
#2728 = VECTOR('',#2729,1.);
#2729 = DIRECTION('',(1.,-1.224646799147E-16,0.));
#2730 = ORIENTED_EDGE('',*,*,#2685,.F.);
#2731 = ORIENTED_EDGE('',*,*,#1755,.F.);
#2732 = PLANE('',#2733);
#2733 = AXIS2_PLACEMENT_3D('',#2734,#2735,#2736);
#2734 = CARTESIAN_POINT('',(-4.041334437186E-16,-3.3,2.5));
#2735 = DIRECTION('',(1.224646799147E-16,1.,0.));
#2736 = DIRECTION('',(1.,-1.224646799147E-16,0.));
#2737 = ADVANCED_FACE('',(#2738),#2757,.F.);
#2738 = FACE_BOUND('',#2739,.F.);
#2739 = EDGE_LOOP('',(#2740,#2741,#2749,#2755,#2756));
#2740 = ORIENTED_EDGE('',*,*,#2671,.T.);
#2741 = ORIENTED_EDGE('',*,*,#2742,.T.);
#2742 = EDGE_CURVE('',#2664,#2743,#2745,.T.);
#2743 = VERTEX_POINT('',#2744);
#2744 = CARTESIAN_POINT('',(2.01479566687E-17,-2.3,7.5));
#2745 = LINE('',#2746,#2747);
#2746 = CARTESIAN_POINT('',(-2.816687638039E-16,-2.3,2.5));
#2747 = VECTOR('',#2748,1.);
#2748 = DIRECTION('',(0.,0.,1.));
#2749 = ORIENTED_EDGE('',*,*,#2750,.T.);
#2750 = EDGE_CURVE('',#2743,#2718,#2751,.T.);
#2751 = LINE('',#2752,#2753);
#2752 = CARTESIAN_POINT('',(-2.816687638039E-16,-2.3,7.5));
#2753 = VECTOR('',#2754,1.);
#2754 = DIRECTION('',(-1.224646799147E-16,-1.,0.));
#2755 = ORIENTED_EDGE('',*,*,#2717,.F.);
#2756 = ORIENTED_EDGE('',*,*,#1774,.F.);
#2757 = PLANE('',#2758);
#2758 = AXIS2_PLACEMENT_3D('',#2759,#2760,#2761);
#2759 = CARTESIAN_POINT('',(-2.816687638039E-16,-2.3,2.5));
#2760 = DIRECTION('',(1.,-1.224646799147E-16,0.));
#2761 = DIRECTION('',(-1.224646799147E-16,-1.,0.));
#2762 = ADVANCED_FACE('',(#2763),#2769,.T.);
#2763 = FACE_BOUND('',#2764,.F.);
#2764 = EDGE_LOOP('',(#2765,#2766,#2767,#2768));
#2765 = ORIENTED_EDGE('',*,*,#1853,.T.);
#2766 = ORIENTED_EDGE('',*,*,#1828,.T.);
#2767 = ORIENTED_EDGE('',*,*,#1797,.T.);
#2768 = ORIENTED_EDGE('',*,*,#1870,.T.);
#2769 = PLANE('',#2770);
#2770 = AXIS2_PLACEMENT_3D('',#2771,#2772,#2773);
#2771 = CARTESIAN_POINT('',(4.604999991327,2.156620214849,-2.3));
#2772 = DIRECTION('',(0.,0.,-1.));
#2773 = DIRECTION('',(-1.,0.,0.));
#2774 = ADVANCED_FACE('',(#2775),#2800,.T.);
#2775 = FACE_BOUND('',#2776,.F.);
#2776 = EDGE_LOOP('',(#2777,#2785,#2786,#2794));
#2777 = ORIENTED_EDGE('',*,*,#2778,.F.);
#2778 = EDGE_CURVE('',#1888,#2779,#2781,.T.);
#2779 = VERTEX_POINT('',#2780);
#2780 = CARTESIAN_POINT('',(2.71,-0.17,10.));
#2781 = LINE('',#2782,#2783);
#2782 = CARTESIAN_POINT('',(2.703333333333,-0.163333333333,
    10.006666666667));
#2783 = VECTOR('',#2784,1.);
#2784 = DIRECTION('',(-0.57735026919,0.57735026919,0.57735026919));
#2785 = ORIENTED_EDGE('',*,*,#1895,.T.);
#2786 = ORIENTED_EDGE('',*,*,#2787,.T.);
#2787 = EDGE_CURVE('',#1896,#2788,#2790,.T.);
#2788 = VERTEX_POINT('',#2789);
#2789 = CARTESIAN_POINT('',(2.37,-0.17,10.));
#2790 = LINE('',#2791,#2792);
#2791 = CARTESIAN_POINT('',(2.376666666667,-0.163333333333,
    10.006666666667));
#2792 = VECTOR('',#2793,1.);
#2793 = DIRECTION('',(0.57735026919,0.57735026919,0.57735026919));
#2794 = ORIENTED_EDGE('',*,*,#2795,.F.);
#2795 = EDGE_CURVE('',#2779,#2788,#2796,.T.);
#2796 = LINE('',#2797,#2798);
#2797 = CARTESIAN_POINT('',(2.86,-0.17,10.));
#2798 = VECTOR('',#2799,1.);
#2799 = DIRECTION('',(-1.,1.224646799147E-16,0.));
#2800 = PLANE('',#2801);
#2801 = AXIS2_PLACEMENT_3D('',#2802,#2803,#2804);
#2802 = CARTESIAN_POINT('',(2.86,-0.245,9.925));
#2803 = DIRECTION('',(-8.486049187864E-17,-0.707106781187,0.707106781187
    ));
#2804 = DIRECTION('',(1.,-1.212377692196E-16,-1.22691069515E-18));
#2805 = ADVANCED_FACE('',(#2806),#2824,.T.);
#2806 = FACE_BOUND('',#2807,.F.);
#2807 = EDGE_LOOP('',(#2808,#2816,#2817,#2818));
#2808 = ORIENTED_EDGE('',*,*,#2809,.F.);
#2809 = EDGE_CURVE('',#1919,#2810,#2812,.T.);
#2810 = VERTEX_POINT('',#2811);
#2811 = CARTESIAN_POINT('',(2.71,0.17,10.));
#2812 = LINE('',#2813,#2814);
#2813 = CARTESIAN_POINT('',(2.703333333333,0.163333333333,
    10.006666666667));
#2814 = VECTOR('',#2815,1.);
#2815 = DIRECTION('',(-0.57735026919,-0.57735026919,0.57735026919));
#2816 = ORIENTED_EDGE('',*,*,#1926,.T.);
#2817 = ORIENTED_EDGE('',*,*,#2778,.T.);
#2818 = ORIENTED_EDGE('',*,*,#2819,.F.);
#2819 = EDGE_CURVE('',#2810,#2779,#2820,.T.);
#2820 = LINE('',#2821,#2822);
#2821 = CARTESIAN_POINT('',(2.71,0.32,10.));
#2822 = VECTOR('',#2823,1.);
#2823 = DIRECTION('',(-1.224646799147E-16,-1.,0.));
#2824 = PLANE('',#2825);
#2825 = AXIS2_PLACEMENT_3D('',#2826,#2827,#2828);
#2826 = CARTESIAN_POINT('',(2.785,0.32,9.925));
#2827 = DIRECTION('',(0.707106781187,-8.659560562349E-17,0.707106781187)
  );
#2828 = DIRECTION('',(1.224646799147E-16,1.,-2.105272540809E-29));
#2829 = ADVANCED_FACE('',(#2830),#2848,.T.);
#2830 = FACE_BOUND('',#2831,.F.);
#2831 = EDGE_LOOP('',(#2832,#2833,#2834,#2842));
#2832 = ORIENTED_EDGE('',*,*,#2787,.F.);
#2833 = ORIENTED_EDGE('',*,*,#1943,.T.);
#2834 = ORIENTED_EDGE('',*,*,#2835,.T.);
#2835 = EDGE_CURVE('',#1944,#2836,#2838,.T.);
#2836 = VERTEX_POINT('',#2837);
#2837 = CARTESIAN_POINT('',(2.37,0.17,10.));
#2838 = LINE('',#2839,#2840);
#2839 = CARTESIAN_POINT('',(2.376666666667,0.163333333333,
    10.006666666667));
#2840 = VECTOR('',#2841,1.);
#2841 = DIRECTION('',(0.57735026919,-0.57735026919,0.57735026919));
#2842 = ORIENTED_EDGE('',*,*,#2843,.F.);
#2843 = EDGE_CURVE('',#2788,#2836,#2844,.T.);
#2844 = LINE('',#2845,#2846);
#2845 = CARTESIAN_POINT('',(2.37,-0.32,10.));
#2846 = VECTOR('',#2847,1.);
#2847 = DIRECTION('',(1.224646799147E-16,1.,0.));
#2848 = PLANE('',#2849);
#2849 = AXIS2_PLACEMENT_3D('',#2850,#2851,#2852);
#2850 = CARTESIAN_POINT('',(2.295,-0.32,9.925));
#2851 = DIRECTION('',(-0.707106781187,8.659560562349E-17,0.707106781187)
  );
#2852 = DIRECTION('',(-1.224646799147E-16,-1.,-2.105272540809E-29));
#2853 = ADVANCED_FACE('',(#2854),#2865,.T.);
#2854 = FACE_BOUND('',#2855,.F.);
#2855 = EDGE_LOOP('',(#2856,#2857,#2858,#2859));
#2856 = ORIENTED_EDGE('',*,*,#2835,.F.);
#2857 = ORIENTED_EDGE('',*,*,#1967,.T.);
#2858 = ORIENTED_EDGE('',*,*,#2809,.T.);
#2859 = ORIENTED_EDGE('',*,*,#2860,.F.);
#2860 = EDGE_CURVE('',#2836,#2810,#2861,.T.);
#2861 = LINE('',#2862,#2863);
#2862 = CARTESIAN_POINT('',(2.22,0.17,10.));
#2863 = VECTOR('',#2864,1.);
#2864 = DIRECTION('',(1.,-1.224646799147E-16,0.));
#2865 = PLANE('',#2866);
#2866 = AXIS2_PLACEMENT_3D('',#2867,#2868,#2869);
#2867 = CARTESIAN_POINT('',(2.22,0.245,9.925));
#2868 = DIRECTION('',(8.486049187864E-17,0.707106781187,0.707106781187)
  );
#2869 = DIRECTION('',(-1.,1.212377692196E-16,-1.22691069515E-18));
#2870 = ADVANCED_FACE('',(#2871),#2896,.T.);
#2871 = FACE_BOUND('',#2872,.F.);
#2872 = EDGE_LOOP('',(#2873,#2881,#2882,#2890));
#2873 = ORIENTED_EDGE('',*,*,#2874,.F.);
#2874 = EDGE_CURVE('',#1984,#2875,#2877,.T.);
#2875 = VERTEX_POINT('',#2876);
#2876 = CARTESIAN_POINT('',(0.17,0.17,10.));
#2877 = LINE('',#2878,#2879);
#2878 = CARTESIAN_POINT('',(0.163333333333,0.163333333333,
    10.006666666667));
#2879 = VECTOR('',#2880,1.);
#2880 = DIRECTION('',(-0.57735026919,-0.57735026919,0.57735026919));
#2881 = ORIENTED_EDGE('',*,*,#1991,.T.);
#2882 = ORIENTED_EDGE('',*,*,#2883,.T.);
#2883 = EDGE_CURVE('',#1992,#2884,#2886,.T.);
#2884 = VERTEX_POINT('',#2885);
#2885 = CARTESIAN_POINT('',(0.17,-0.17,10.));
#2886 = LINE('',#2887,#2888);
#2887 = CARTESIAN_POINT('',(0.163333333333,-0.163333333333,
    10.006666666667));
#2888 = VECTOR('',#2889,1.);
#2889 = DIRECTION('',(-0.57735026919,0.57735026919,0.57735026919));
#2890 = ORIENTED_EDGE('',*,*,#2891,.F.);
#2891 = EDGE_CURVE('',#2875,#2884,#2892,.T.);
#2892 = LINE('',#2893,#2894);
#2893 = CARTESIAN_POINT('',(0.17,0.32,10.));
#2894 = VECTOR('',#2895,1.);
#2895 = DIRECTION('',(-1.224646799147E-16,-1.,0.));
#2896 = PLANE('',#2897);
#2897 = AXIS2_PLACEMENT_3D('',#2898,#2899,#2900);
#2898 = CARTESIAN_POINT('',(0.245,0.32,9.925));
#2899 = DIRECTION('',(0.707106781187,-8.486049187864E-17,0.707106781187)
  );
#2900 = DIRECTION('',(1.212377692196E-16,1.,-1.22691069515E-18));
#2901 = ADVANCED_FACE('',(#2902),#2920,.T.);
#2902 = FACE_BOUND('',#2903,.F.);
#2903 = EDGE_LOOP('',(#2904,#2912,#2913,#2914));
#2904 = ORIENTED_EDGE('',*,*,#2905,.F.);
#2905 = EDGE_CURVE('',#2015,#2906,#2908,.T.);
#2906 = VERTEX_POINT('',#2907);
#2907 = CARTESIAN_POINT('',(-0.17,0.17,10.));
#2908 = LINE('',#2909,#2910);
#2909 = CARTESIAN_POINT('',(-0.163333333333,0.163333333333,
    10.006666666667));
#2910 = VECTOR('',#2911,1.);
#2911 = DIRECTION('',(0.57735026919,-0.57735026919,0.57735026919));
#2912 = ORIENTED_EDGE('',*,*,#2022,.T.);
#2913 = ORIENTED_EDGE('',*,*,#2874,.T.);
#2914 = ORIENTED_EDGE('',*,*,#2915,.F.);
#2915 = EDGE_CURVE('',#2906,#2875,#2916,.T.);
#2916 = LINE('',#2917,#2918);
#2917 = CARTESIAN_POINT('',(-0.32,0.17,10.));
#2918 = VECTOR('',#2919,1.);
#2919 = DIRECTION('',(1.,-1.224646799147E-16,0.));
#2920 = PLANE('',#2921);
#2921 = AXIS2_PLACEMENT_3D('',#2922,#2923,#2924);
#2922 = CARTESIAN_POINT('',(-0.32,0.245,9.925));
#2923 = DIRECTION('',(8.486049187864E-17,0.707106781187,0.707106781187)
  );
#2924 = DIRECTION('',(-1.,1.212377692196E-16,-1.22691069515E-18));
#2925 = ADVANCED_FACE('',(#2926),#2944,.T.);
#2926 = FACE_BOUND('',#2927,.F.);
#2927 = EDGE_LOOP('',(#2928,#2929,#2930,#2938));
#2928 = ORIENTED_EDGE('',*,*,#2883,.F.);
#2929 = ORIENTED_EDGE('',*,*,#2039,.T.);
#2930 = ORIENTED_EDGE('',*,*,#2931,.T.);
#2931 = EDGE_CURVE('',#2040,#2932,#2934,.T.);
#2932 = VERTEX_POINT('',#2933);
#2933 = CARTESIAN_POINT('',(-0.17,-0.17,10.));
#2934 = LINE('',#2935,#2936);
#2935 = CARTESIAN_POINT('',(-0.163333333333,-0.163333333333,
    10.006666666667));
#2936 = VECTOR('',#2937,1.);
#2937 = DIRECTION('',(0.57735026919,0.57735026919,0.57735026919));
#2938 = ORIENTED_EDGE('',*,*,#2939,.F.);
#2939 = EDGE_CURVE('',#2884,#2932,#2940,.T.);
#2940 = LINE('',#2941,#2942);
#2941 = CARTESIAN_POINT('',(0.32,-0.17,10.));
#2942 = VECTOR('',#2943,1.);
#2943 = DIRECTION('',(-1.,1.224646799147E-16,0.));
#2944 = PLANE('',#2945);
#2945 = AXIS2_PLACEMENT_3D('',#2946,#2947,#2948);
#2946 = CARTESIAN_POINT('',(0.32,-0.245,9.925));
#2947 = DIRECTION('',(-8.486049187864E-17,-0.707106781187,0.707106781187
    ));
#2948 = DIRECTION('',(1.,-1.212377692196E-16,-1.22691069515E-18));
#2949 = ADVANCED_FACE('',(#2950),#2961,.T.);
#2950 = FACE_BOUND('',#2951,.F.);
#2951 = EDGE_LOOP('',(#2952,#2953,#2954,#2955));
#2952 = ORIENTED_EDGE('',*,*,#2931,.F.);
#2953 = ORIENTED_EDGE('',*,*,#2063,.T.);
#2954 = ORIENTED_EDGE('',*,*,#2905,.T.);
#2955 = ORIENTED_EDGE('',*,*,#2956,.F.);
#2956 = EDGE_CURVE('',#2932,#2906,#2957,.T.);
#2957 = LINE('',#2958,#2959);
#2958 = CARTESIAN_POINT('',(-0.17,-0.32,10.));
#2959 = VECTOR('',#2960,1.);
#2960 = DIRECTION('',(1.224646799147E-16,1.,0.));
#2961 = PLANE('',#2962);
#2962 = AXIS2_PLACEMENT_3D('',#2963,#2964,#2965);
#2963 = CARTESIAN_POINT('',(-0.245,-0.32,9.925));
#2964 = DIRECTION('',(-0.707106781187,8.486049187864E-17,0.707106781187)
  );
#2965 = DIRECTION('',(-1.212377692196E-16,-1.,-1.22691069515E-18));
#2966 = ADVANCED_FACE('',(#2967),#2992,.T.);
#2967 = FACE_BOUND('',#2968,.F.);
#2968 = EDGE_LOOP('',(#2969,#2977,#2978,#2986));
#2969 = ORIENTED_EDGE('',*,*,#2970,.F.);
#2970 = EDGE_CURVE('',#2080,#2971,#2973,.T.);
#2971 = VERTEX_POINT('',#2972);
#2972 = CARTESIAN_POINT('',(4.91,-0.17,10.));
#2973 = LINE('',#2974,#2975);
#2974 = CARTESIAN_POINT('',(4.916666666667,-0.163333333333,
    10.006666666667));
#2975 = VECTOR('',#2976,1.);
#2976 = DIRECTION('',(0.57735026919,0.57735026919,0.57735026919));
#2977 = ORIENTED_EDGE('',*,*,#2087,.T.);
#2978 = ORIENTED_EDGE('',*,*,#2979,.T.);
#2979 = EDGE_CURVE('',#2088,#2980,#2982,.T.);
#2980 = VERTEX_POINT('',#2981);
#2981 = CARTESIAN_POINT('',(4.91,0.17,10.));
#2982 = LINE('',#2983,#2984);
#2983 = CARTESIAN_POINT('',(4.916666666667,0.163333333333,
    10.006666666667));
#2984 = VECTOR('',#2985,1.);
#2985 = DIRECTION('',(0.57735026919,-0.57735026919,0.57735026919));
#2986 = ORIENTED_EDGE('',*,*,#2987,.F.);
#2987 = EDGE_CURVE('',#2971,#2980,#2988,.T.);
#2988 = LINE('',#2989,#2990);
#2989 = CARTESIAN_POINT('',(4.91,-0.32,10.));
#2990 = VECTOR('',#2991,1.);
#2991 = DIRECTION('',(1.224646799147E-16,1.,0.));
#2992 = PLANE('',#2993);
#2993 = AXIS2_PLACEMENT_3D('',#2994,#2995,#2996);
#2994 = CARTESIAN_POINT('',(4.835,-0.32,9.925));
#2995 = DIRECTION('',(-0.707106781187,8.659560562349E-17,0.707106781187)
  );
#2996 = DIRECTION('',(-1.224646799147E-16,-1.,-2.105272540809E-29));
#2997 = ADVANCED_FACE('',(#2998),#3016,.T.);
#2998 = FACE_BOUND('',#2999,.F.);
#2999 = EDGE_LOOP('',(#3000,#3008,#3009,#3010));
#3000 = ORIENTED_EDGE('',*,*,#3001,.F.);
#3001 = EDGE_CURVE('',#2111,#3002,#3004,.T.);
#3002 = VERTEX_POINT('',#3003);
#3003 = CARTESIAN_POINT('',(5.25,-0.17,10.));
#3004 = LINE('',#3005,#3006);
#3005 = CARTESIAN_POINT('',(5.243333333333,-0.163333333333,
    10.006666666667));
#3006 = VECTOR('',#3007,1.);
#3007 = DIRECTION('',(-0.57735026919,0.57735026919,0.57735026919));
#3008 = ORIENTED_EDGE('',*,*,#2118,.T.);
#3009 = ORIENTED_EDGE('',*,*,#2970,.T.);
#3010 = ORIENTED_EDGE('',*,*,#3011,.F.);
#3011 = EDGE_CURVE('',#3002,#2971,#3012,.T.);
#3012 = LINE('',#3013,#3014);
#3013 = CARTESIAN_POINT('',(5.4,-0.17,10.));
#3014 = VECTOR('',#3015,1.);
#3015 = DIRECTION('',(-1.,1.224646799147E-16,0.));
#3016 = PLANE('',#3017);
#3017 = AXIS2_PLACEMENT_3D('',#3018,#3019,#3020);
#3018 = CARTESIAN_POINT('',(5.4,-0.245,9.925));
#3019 = DIRECTION('',(-8.486049187864E-17,-0.707106781187,0.707106781187
    ));
#3020 = DIRECTION('',(1.,-1.212377692196E-16,-1.22691069515E-18));
#3021 = ADVANCED_FACE('',(#3022),#3040,.T.);
#3022 = FACE_BOUND('',#3023,.F.);
#3023 = EDGE_LOOP('',(#3024,#3025,#3026,#3034));
#3024 = ORIENTED_EDGE('',*,*,#2979,.F.);
#3025 = ORIENTED_EDGE('',*,*,#2135,.T.);
#3026 = ORIENTED_EDGE('',*,*,#3027,.T.);
#3027 = EDGE_CURVE('',#2136,#3028,#3030,.T.);
#3028 = VERTEX_POINT('',#3029);
#3029 = CARTESIAN_POINT('',(5.25,0.17,10.));
#3030 = LINE('',#3031,#3032);
#3031 = CARTESIAN_POINT('',(5.243333333333,0.163333333333,
    10.006666666667));
#3032 = VECTOR('',#3033,1.);
#3033 = DIRECTION('',(-0.57735026919,-0.57735026919,0.57735026919));
#3034 = ORIENTED_EDGE('',*,*,#3035,.F.);
#3035 = EDGE_CURVE('',#2980,#3028,#3036,.T.);
#3036 = LINE('',#3037,#3038);
#3037 = CARTESIAN_POINT('',(4.76,0.17,10.));
#3038 = VECTOR('',#3039,1.);
#3039 = DIRECTION('',(1.,-1.224646799147E-16,0.));
#3040 = PLANE('',#3041);
#3041 = AXIS2_PLACEMENT_3D('',#3042,#3043,#3044);
#3042 = CARTESIAN_POINT('',(4.76,0.245,9.925));
#3043 = DIRECTION('',(8.486049187864E-17,0.707106781187,0.707106781187)
  );
#3044 = DIRECTION('',(-1.,1.212377692196E-16,-1.22691069515E-18));
#3045 = ADVANCED_FACE('',(#3046),#3057,.T.);
#3046 = FACE_BOUND('',#3047,.F.);
#3047 = EDGE_LOOP('',(#3048,#3049,#3050,#3051));
#3048 = ORIENTED_EDGE('',*,*,#3027,.F.);
#3049 = ORIENTED_EDGE('',*,*,#2159,.T.);
#3050 = ORIENTED_EDGE('',*,*,#3001,.T.);
#3051 = ORIENTED_EDGE('',*,*,#3052,.F.);
#3052 = EDGE_CURVE('',#3028,#3002,#3053,.T.);
#3053 = LINE('',#3054,#3055);
#3054 = CARTESIAN_POINT('',(5.25,0.32,10.));
#3055 = VECTOR('',#3056,1.);
#3056 = DIRECTION('',(-1.224646799147E-16,-1.,0.));
#3057 = PLANE('',#3058);
#3058 = AXIS2_PLACEMENT_3D('',#3059,#3060,#3061);
#3059 = CARTESIAN_POINT('',(5.325,0.32,9.925));
#3060 = DIRECTION('',(0.707106781187,-8.659560562349E-17,0.707106781187)
  );
#3061 = DIRECTION('',(1.224646799147E-16,1.,-2.105272540809E-29));
#3062 = ADVANCED_FACE('',(#3063),#3088,.T.);
#3063 = FACE_BOUND('',#3064,.F.);
#3064 = EDGE_LOOP('',(#3065,#3073,#3074,#3082));
#3065 = ORIENTED_EDGE('',*,*,#3066,.F.);
#3066 = EDGE_CURVE('',#2176,#3067,#3069,.T.);
#3067 = VERTEX_POINT('',#3068);
#3068 = CARTESIAN_POINT('',(7.79,-0.17,10.));
#3069 = LINE('',#3070,#3071);
#3070 = CARTESIAN_POINT('',(7.783333333333,-0.163333333333,
    10.006666666667));
#3071 = VECTOR('',#3072,1.);
#3072 = DIRECTION('',(-0.57735026919,0.57735026919,0.57735026919));
#3073 = ORIENTED_EDGE('',*,*,#2183,.T.);
#3074 = ORIENTED_EDGE('',*,*,#3075,.T.);
#3075 = EDGE_CURVE('',#2184,#3076,#3078,.T.);
#3076 = VERTEX_POINT('',#3077);
#3077 = CARTESIAN_POINT('',(7.45,-0.17,10.));
#3078 = LINE('',#3079,#3080);
#3079 = CARTESIAN_POINT('',(7.456666666667,-0.163333333333,
    10.006666666667));
#3080 = VECTOR('',#3081,1.);
#3081 = DIRECTION('',(0.57735026919,0.57735026919,0.57735026919));
#3082 = ORIENTED_EDGE('',*,*,#3083,.F.);
#3083 = EDGE_CURVE('',#3067,#3076,#3084,.T.);
#3084 = LINE('',#3085,#3086);
#3085 = CARTESIAN_POINT('',(7.94,-0.17,10.));
#3086 = VECTOR('',#3087,1.);
#3087 = DIRECTION('',(-1.,1.224646799147E-16,0.));
#3088 = PLANE('',#3089);
#3089 = AXIS2_PLACEMENT_3D('',#3090,#3091,#3092);
#3090 = CARTESIAN_POINT('',(7.94,-0.245,9.925));
#3091 = DIRECTION('',(-8.486049187864E-17,-0.707106781187,0.707106781187
    ));
#3092 = DIRECTION('',(1.,-1.212377692196E-16,-1.22691069515E-18));
#3093 = ADVANCED_FACE('',(#3094),#3112,.T.);
#3094 = FACE_BOUND('',#3095,.F.);
#3095 = EDGE_LOOP('',(#3096,#3097,#3098,#3106));
#3096 = ORIENTED_EDGE('',*,*,#3075,.F.);
#3097 = ORIENTED_EDGE('',*,*,#2207,.T.);
#3098 = ORIENTED_EDGE('',*,*,#3099,.T.);
#3099 = EDGE_CURVE('',#2208,#3100,#3102,.T.);
#3100 = VERTEX_POINT('',#3101);
#3101 = CARTESIAN_POINT('',(7.45,0.17,10.));
#3102 = LINE('',#3103,#3104);
#3103 = CARTESIAN_POINT('',(7.456666666667,0.163333333333,
    10.006666666667));
#3104 = VECTOR('',#3105,1.);
#3105 = DIRECTION('',(0.57735026919,-0.57735026919,0.57735026919));
#3106 = ORIENTED_EDGE('',*,*,#3107,.F.);
#3107 = EDGE_CURVE('',#3076,#3100,#3108,.T.);
#3108 = LINE('',#3109,#3110);
#3109 = CARTESIAN_POINT('',(7.45,-0.32,10.));
#3110 = VECTOR('',#3111,1.);
#3111 = DIRECTION('',(1.224646799147E-16,1.,0.));
#3112 = PLANE('',#3113);
#3113 = AXIS2_PLACEMENT_3D('',#3114,#3115,#3116);
#3114 = CARTESIAN_POINT('',(7.375,-0.32,9.925));
#3115 = DIRECTION('',(-0.707106781187,8.659560562349E-17,0.707106781187)
  );
#3116 = DIRECTION('',(-1.224646799147E-16,-1.,-2.105272540809E-29));
#3117 = ADVANCED_FACE('',(#3118),#3136,.T.);
#3118 = FACE_BOUND('',#3119,.F.);
#3119 = EDGE_LOOP('',(#3120,#3121,#3122,#3130));
#3120 = ORIENTED_EDGE('',*,*,#3099,.F.);
#3121 = ORIENTED_EDGE('',*,*,#2231,.T.);
#3122 = ORIENTED_EDGE('',*,*,#3123,.T.);
#3123 = EDGE_CURVE('',#2232,#3124,#3126,.T.);
#3124 = VERTEX_POINT('',#3125);
#3125 = CARTESIAN_POINT('',(7.79,0.17,10.));
#3126 = LINE('',#3127,#3128);
#3127 = CARTESIAN_POINT('',(7.783333333333,0.163333333333,
    10.006666666667));
#3128 = VECTOR('',#3129,1.);
#3129 = DIRECTION('',(-0.57735026919,-0.57735026919,0.57735026919));
#3130 = ORIENTED_EDGE('',*,*,#3131,.F.);
#3131 = EDGE_CURVE('',#3100,#3124,#3132,.T.);
#3132 = LINE('',#3133,#3134);
#3133 = CARTESIAN_POINT('',(7.3,0.17,10.));
#3134 = VECTOR('',#3135,1.);
#3135 = DIRECTION('',(1.,-1.224646799147E-16,0.));
#3136 = PLANE('',#3137);
#3137 = AXIS2_PLACEMENT_3D('',#3138,#3139,#3140);
#3138 = CARTESIAN_POINT('',(7.3,0.245,9.925));
#3139 = DIRECTION('',(8.486049187864E-17,0.707106781187,0.707106781187)
  );
#3140 = DIRECTION('',(-1.,1.212377692196E-16,-1.22691069515E-18));
#3141 = ADVANCED_FACE('',(#3142),#3153,.T.);
#3142 = FACE_BOUND('',#3143,.F.);
#3143 = EDGE_LOOP('',(#3144,#3145,#3146,#3147));
#3144 = ORIENTED_EDGE('',*,*,#3123,.F.);
#3145 = ORIENTED_EDGE('',*,*,#2255,.T.);
#3146 = ORIENTED_EDGE('',*,*,#3066,.T.);
#3147 = ORIENTED_EDGE('',*,*,#3148,.F.);
#3148 = EDGE_CURVE('',#3124,#3067,#3149,.T.);
#3149 = LINE('',#3150,#3151);
#3150 = CARTESIAN_POINT('',(7.79,0.32,10.));
#3151 = VECTOR('',#3152,1.);
#3152 = DIRECTION('',(-1.224646799147E-16,-1.,0.));
#3153 = PLANE('',#3154);
#3154 = AXIS2_PLACEMENT_3D('',#3155,#3156,#3157);
#3155 = CARTESIAN_POINT('',(7.865,0.32,9.925));
#3156 = DIRECTION('',(0.707106781187,-8.659560562349E-17,0.707106781187)
  );
#3157 = DIRECTION('',(1.224646799147E-16,1.,-2.105272540809E-29));
#3158 = ADVANCED_FACE('',(#3159),#3184,.F.);
#3159 = FACE_BOUND('',#3160,.T.);
#3160 = EDGE_LOOP('',(#3161,#3169,#3170,#3178));
#3161 = ORIENTED_EDGE('',*,*,#3162,.T.);
#3162 = EDGE_CURVE('',#3163,#2271,#3165,.T.);
#3163 = VERTEX_POINT('',#3164);
#3164 = CARTESIAN_POINT('',(0.17,0.17,-3.5));
#3165 = LINE('',#3166,#3167);
#3166 = CARTESIAN_POINT('',(0.163333333333,0.163333333333,
    -3.506666666667));
#3167 = VECTOR('',#3168,1.);
#3168 = DIRECTION('',(0.57735026919,0.57735026919,0.57735026919));
#3169 = ORIENTED_EDGE('',*,*,#2270,.T.);
#3170 = ORIENTED_EDGE('',*,*,#3171,.T.);
#3171 = EDGE_CURVE('',#2273,#3172,#3174,.T.);
#3172 = VERTEX_POINT('',#3173);
#3173 = CARTESIAN_POINT('',(0.17,-0.17,-3.5));
#3174 = LINE('',#3175,#3176);
#3175 = CARTESIAN_POINT('',(0.163333333333,-0.163333333333,
    -3.506666666667));
#3176 = VECTOR('',#3177,1.);
#3177 = DIRECTION('',(-0.57735026919,0.57735026919,-0.57735026919));
#3178 = ORIENTED_EDGE('',*,*,#3179,.F.);
#3179 = EDGE_CURVE('',#3163,#3172,#3180,.T.);
#3180 = LINE('',#3181,#3182);
#3181 = CARTESIAN_POINT('',(0.17,0.32,-3.5));
#3182 = VECTOR('',#3183,1.);
#3183 = DIRECTION('',(-1.224646799147E-16,-1.,0.));
#3184 = PLANE('',#3185);
#3185 = AXIS2_PLACEMENT_3D('',#3186,#3187,#3188);
#3186 = CARTESIAN_POINT('',(0.245,0.32,-3.425));
#3187 = DIRECTION('',(-0.707106781187,8.659560562349E-17,0.707106781187)
  );
#3188 = DIRECTION('',(1.224646799147E-16,1.,2.105272540809E-29));
#3189 = ADVANCED_FACE('',(#3190),#3208,.F.);
#3190 = FACE_BOUND('',#3191,.T.);
#3191 = EDGE_LOOP('',(#3192,#3193,#3194,#3202));
#3192 = ORIENTED_EDGE('',*,*,#3171,.F.);
#3193 = ORIENTED_EDGE('',*,*,#2301,.T.);
#3194 = ORIENTED_EDGE('',*,*,#3195,.T.);
#3195 = EDGE_CURVE('',#2302,#3196,#3198,.T.);
#3196 = VERTEX_POINT('',#3197);
#3197 = CARTESIAN_POINT('',(-0.17,-0.17,-3.5));
#3198 = LINE('',#3199,#3200);
#3199 = CARTESIAN_POINT('',(-0.163333333333,-0.163333333333,
    -3.506666666667));
#3200 = VECTOR('',#3201,1.);
#3201 = DIRECTION('',(0.57735026919,0.57735026919,-0.57735026919));
#3202 = ORIENTED_EDGE('',*,*,#3203,.F.);
#3203 = EDGE_CURVE('',#3172,#3196,#3204,.T.);
#3204 = LINE('',#3205,#3206);
#3205 = CARTESIAN_POINT('',(0.32,-0.17,-3.5));
#3206 = VECTOR('',#3207,1.);
#3207 = DIRECTION('',(-1.,1.224646799147E-16,0.));
#3208 = PLANE('',#3209);
#3209 = AXIS2_PLACEMENT_3D('',#3210,#3211,#3212);
#3210 = CARTESIAN_POINT('',(0.32,-0.245,-3.425));
#3211 = DIRECTION('',(8.659560562349E-17,0.707106781187,0.707106781187)
  );
#3212 = DIRECTION('',(1.,-1.224646799147E-16,2.105272540809E-29));
#3213 = ADVANCED_FACE('',(#3214),#3232,.F.);
#3214 = FACE_BOUND('',#3215,.F.);
#3215 = EDGE_LOOP('',(#3216,#3224,#3230,#3231));
#3216 = ORIENTED_EDGE('',*,*,#3217,.F.);
#3217 = EDGE_CURVE('',#3218,#2326,#3220,.T.);
#3218 = VERTEX_POINT('',#3219);
#3219 = CARTESIAN_POINT('',(-0.17,0.17,-3.5));
#3220 = LINE('',#3221,#3222);
#3221 = CARTESIAN_POINT('',(-0.163333333333,0.163333333333,
    -3.506666666667));
#3222 = VECTOR('',#3223,1.);
#3223 = DIRECTION('',(-0.57735026919,0.57735026919,0.57735026919));
#3224 = ORIENTED_EDGE('',*,*,#3225,.T.);
#3225 = EDGE_CURVE('',#3218,#3163,#3226,.T.);
#3226 = LINE('',#3227,#3228);
#3227 = CARTESIAN_POINT('',(-0.32,0.17,-3.5));
#3228 = VECTOR('',#3229,1.);
#3229 = DIRECTION('',(1.,-1.224646799147E-16,0.));
#3230 = ORIENTED_EDGE('',*,*,#3162,.T.);
#3231 = ORIENTED_EDGE('',*,*,#2325,.F.);
#3232 = PLANE('',#3233);
#3233 = AXIS2_PLACEMENT_3D('',#3234,#3235,#3236);
#3234 = CARTESIAN_POINT('',(-0.32,0.245,-3.425));
#3235 = DIRECTION('',(-8.659560562349E-17,-0.707106781187,0.707106781187
    ));
#3236 = DIRECTION('',(1.,-1.224646799147E-16,-2.105272540809E-29));
#3237 = ADVANCED_FACE('',(#3238),#3249,.F.);
#3238 = FACE_BOUND('',#3239,.F.);
#3239 = EDGE_LOOP('',(#3240,#3241,#3247,#3248));
#3240 = ORIENTED_EDGE('',*,*,#3195,.T.);
#3241 = ORIENTED_EDGE('',*,*,#3242,.T.);
#3242 = EDGE_CURVE('',#3196,#3218,#3243,.T.);
#3243 = LINE('',#3244,#3245);
#3244 = CARTESIAN_POINT('',(-0.17,-0.32,-3.5));
#3245 = VECTOR('',#3246,1.);
#3246 = DIRECTION('',(1.224646799147E-16,1.,0.));
#3247 = ORIENTED_EDGE('',*,*,#3217,.T.);
#3248 = ORIENTED_EDGE('',*,*,#2349,.F.);
#3249 = PLANE('',#3250);
#3250 = AXIS2_PLACEMENT_3D('',#3251,#3252,#3253);
#3251 = CARTESIAN_POINT('',(-0.245,-0.32,-3.425));
#3252 = DIRECTION('',(0.707106781187,-8.659560562349E-17,0.707106781187)
  );
#3253 = DIRECTION('',(1.224646799147E-16,1.,-2.105272540809E-29));
#3254 = ADVANCED_FACE('',(#3255),#3280,.F.);
#3255 = FACE_BOUND('',#3256,.T.);
#3256 = EDGE_LOOP('',(#3257,#3265,#3266,#3274));
#3257 = ORIENTED_EDGE('',*,*,#3258,.F.);
#3258 = EDGE_CURVE('',#2367,#3259,#3261,.T.);
#3259 = VERTEX_POINT('',#3260);
#3260 = CARTESIAN_POINT('',(2.71,-0.17,-3.5));
#3261 = LINE('',#3262,#3263);
#3262 = CARTESIAN_POINT('',(2.703333333333,-0.163333333333,
    -3.506666666667));
#3263 = VECTOR('',#3264,1.);
#3264 = DIRECTION('',(-0.57735026919,0.57735026919,-0.57735026919));
#3265 = ORIENTED_EDGE('',*,*,#2366,.T.);
#3266 = ORIENTED_EDGE('',*,*,#3267,.T.);
#3267 = EDGE_CURVE('',#2369,#3268,#3270,.T.);
#3268 = VERTEX_POINT('',#3269);
#3269 = CARTESIAN_POINT('',(2.37,-0.17,-3.5));
#3270 = LINE('',#3271,#3272);
#3271 = CARTESIAN_POINT('',(2.376666666667,-0.163333333333,
    -3.506666666667));
#3272 = VECTOR('',#3273,1.);
#3273 = DIRECTION('',(0.57735026919,0.57735026919,-0.57735026919));
#3274 = ORIENTED_EDGE('',*,*,#3275,.F.);
#3275 = EDGE_CURVE('',#3259,#3268,#3276,.T.);
#3276 = LINE('',#3277,#3278);
#3277 = CARTESIAN_POINT('',(2.86,-0.17,-3.5));
#3278 = VECTOR('',#3279,1.);
#3279 = DIRECTION('',(-1.,1.224646799147E-16,0.));
#3280 = PLANE('',#3281);
#3281 = AXIS2_PLACEMENT_3D('',#3282,#3283,#3284);
#3282 = CARTESIAN_POINT('',(2.86,-0.245,-3.425));
#3283 = DIRECTION('',(8.659560562349E-17,0.707106781187,0.707106781187)
  );
#3284 = DIRECTION('',(1.,-1.224646799147E-16,2.105272540809E-29));
#3285 = ADVANCED_FACE('',(#3286),#3304,.F.);
#3286 = FACE_BOUND('',#3287,.F.);
#3287 = EDGE_LOOP('',(#3288,#3289,#3297,#3303));
#3288 = ORIENTED_EDGE('',*,*,#3267,.T.);
#3289 = ORIENTED_EDGE('',*,*,#3290,.T.);
#3290 = EDGE_CURVE('',#3268,#3291,#3293,.T.);
#3291 = VERTEX_POINT('',#3292);
#3292 = CARTESIAN_POINT('',(2.37,0.17,-3.5));
#3293 = LINE('',#3294,#3295);
#3294 = CARTESIAN_POINT('',(2.37,-0.32,-3.5));
#3295 = VECTOR('',#3296,1.);
#3296 = DIRECTION('',(1.224646799147E-16,1.,0.));
#3297 = ORIENTED_EDGE('',*,*,#3298,.T.);
#3298 = EDGE_CURVE('',#3291,#2398,#3299,.T.);
#3299 = LINE('',#3300,#3301);
#3300 = CARTESIAN_POINT('',(2.376666666667,0.163333333333,
    -3.506666666667));
#3301 = VECTOR('',#3302,1.);
#3302 = DIRECTION('',(-0.57735026919,0.57735026919,0.57735026919));
#3303 = ORIENTED_EDGE('',*,*,#2397,.F.);
#3304 = PLANE('',#3305);
#3305 = AXIS2_PLACEMENT_3D('',#3306,#3307,#3308);
#3306 = CARTESIAN_POINT('',(2.295,-0.32,-3.425));
#3307 = DIRECTION('',(0.707106781187,-8.659560562349E-17,0.707106781187)
  );
#3308 = DIRECTION('',(1.224646799147E-16,1.,-2.105272540809E-29));
#3309 = ADVANCED_FACE('',(#3310),#3328,.F.);
#3310 = FACE_BOUND('',#3311,.T.);
#3311 = EDGE_LOOP('',(#3312,#3320,#3321,#3322));
#3312 = ORIENTED_EDGE('',*,*,#3313,.T.);
#3313 = EDGE_CURVE('',#3314,#2422,#3316,.T.);
#3314 = VERTEX_POINT('',#3315);
#3315 = CARTESIAN_POINT('',(2.71,0.17,-3.5));
#3316 = LINE('',#3317,#3318);
#3317 = CARTESIAN_POINT('',(2.703333333333,0.163333333333,
    -3.506666666667));
#3318 = VECTOR('',#3319,1.);
#3319 = DIRECTION('',(0.57735026919,0.57735026919,0.57735026919));
#3320 = ORIENTED_EDGE('',*,*,#2421,.T.);
#3321 = ORIENTED_EDGE('',*,*,#3258,.T.);
#3322 = ORIENTED_EDGE('',*,*,#3323,.F.);
#3323 = EDGE_CURVE('',#3314,#3259,#3324,.T.);
#3324 = LINE('',#3325,#3326);
#3325 = CARTESIAN_POINT('',(2.71,0.32,-3.5));
#3326 = VECTOR('',#3327,1.);
#3327 = DIRECTION('',(-1.224646799147E-16,-1.,0.));
#3328 = PLANE('',#3329);
#3329 = AXIS2_PLACEMENT_3D('',#3330,#3331,#3332);
#3330 = CARTESIAN_POINT('',(2.785,0.32,-3.425));
#3331 = DIRECTION('',(-0.707106781187,8.659560562349E-17,0.707106781187)
  );
#3332 = DIRECTION('',(1.224646799147E-16,1.,2.105272540809E-29));
#3333 = ADVANCED_FACE('',(#3334),#3345,.F.);
#3334 = FACE_BOUND('',#3335,.F.);
#3335 = EDGE_LOOP('',(#3336,#3337,#3343,#3344));
#3336 = ORIENTED_EDGE('',*,*,#3298,.F.);
#3337 = ORIENTED_EDGE('',*,*,#3338,.T.);
#3338 = EDGE_CURVE('',#3291,#3314,#3339,.T.);
#3339 = LINE('',#3340,#3341);
#3340 = CARTESIAN_POINT('',(2.22,0.17,-3.5));
#3341 = VECTOR('',#3342,1.);
#3342 = DIRECTION('',(1.,-1.224646799147E-16,0.));
#3343 = ORIENTED_EDGE('',*,*,#3313,.T.);
#3344 = ORIENTED_EDGE('',*,*,#2445,.F.);
#3345 = PLANE('',#3346);
#3346 = AXIS2_PLACEMENT_3D('',#3347,#3348,#3349);
#3347 = CARTESIAN_POINT('',(2.22,0.245,-3.425));
#3348 = DIRECTION('',(-8.659560562349E-17,-0.707106781187,0.707106781187
    ));
#3349 = DIRECTION('',(1.,-1.224646799147E-16,-2.105272540809E-29));
#3350 = ADVANCED_FACE('',(#3351),#3376,.F.);
#3351 = FACE_BOUND('',#3352,.F.);
#3352 = EDGE_LOOP('',(#3353,#3361,#3369,#3375));
#3353 = ORIENTED_EDGE('',*,*,#3354,.T.);
#3354 = EDGE_CURVE('',#2463,#3355,#3357,.T.);
#3355 = VERTEX_POINT('',#3356);
#3356 = CARTESIAN_POINT('',(4.91,-0.17,-3.5));
#3357 = LINE('',#3358,#3359);
#3358 = CARTESIAN_POINT('',(4.916666666667,-0.163333333333,
    -3.506666666667));
#3359 = VECTOR('',#3360,1.);
#3360 = DIRECTION('',(0.57735026919,0.57735026919,-0.57735026919));
#3361 = ORIENTED_EDGE('',*,*,#3362,.T.);
#3362 = EDGE_CURVE('',#3355,#3363,#3365,.T.);
#3363 = VERTEX_POINT('',#3364);
#3364 = CARTESIAN_POINT('',(4.91,0.17,-3.5));
#3365 = LINE('',#3366,#3367);
#3366 = CARTESIAN_POINT('',(4.91,-0.32,-3.5));
#3367 = VECTOR('',#3368,1.);
#3368 = DIRECTION('',(1.224646799147E-16,1.,0.));
#3369 = ORIENTED_EDGE('',*,*,#3370,.T.);
#3370 = EDGE_CURVE('',#3363,#2465,#3371,.T.);
#3371 = LINE('',#3372,#3373);
#3372 = CARTESIAN_POINT('',(4.916666666667,0.163333333333,
    -3.506666666667));
#3373 = VECTOR('',#3374,1.);
#3374 = DIRECTION('',(-0.57735026919,0.57735026919,0.57735026919));
#3375 = ORIENTED_EDGE('',*,*,#2462,.F.);
#3376 = PLANE('',#3377);
#3377 = AXIS2_PLACEMENT_3D('',#3378,#3379,#3380);
#3378 = CARTESIAN_POINT('',(4.835,-0.32,-3.425));
#3379 = DIRECTION('',(0.707106781187,-8.659560562349E-17,0.707106781187)
  );
#3380 = DIRECTION('',(1.224646799147E-16,1.,-2.105272540809E-29));
#3381 = ADVANCED_FACE('',(#3382),#3400,.F.);
#3382 = FACE_BOUND('',#3383,.F.);
#3383 = EDGE_LOOP('',(#3384,#3385,#3393,#3399));
#3384 = ORIENTED_EDGE('',*,*,#3370,.F.);
#3385 = ORIENTED_EDGE('',*,*,#3386,.T.);
#3386 = EDGE_CURVE('',#3363,#3387,#3389,.T.);
#3387 = VERTEX_POINT('',#3388);
#3388 = CARTESIAN_POINT('',(5.25,0.17,-3.5));
#3389 = LINE('',#3390,#3391);
#3390 = CARTESIAN_POINT('',(4.76,0.17,-3.5));
#3391 = VECTOR('',#3392,1.);
#3392 = DIRECTION('',(1.,-1.224646799147E-16,0.));
#3393 = ORIENTED_EDGE('',*,*,#3394,.T.);
#3394 = EDGE_CURVE('',#3387,#2494,#3395,.T.);
#3395 = LINE('',#3396,#3397);
#3396 = CARTESIAN_POINT('',(5.243333333333,0.163333333333,
    -3.506666666667));
#3397 = VECTOR('',#3398,1.);
#3398 = DIRECTION('',(0.57735026919,0.57735026919,0.57735026919));
#3399 = ORIENTED_EDGE('',*,*,#2493,.F.);
#3400 = PLANE('',#3401);
#3401 = AXIS2_PLACEMENT_3D('',#3402,#3403,#3404);
#3402 = CARTESIAN_POINT('',(4.76,0.245,-3.425));
#3403 = DIRECTION('',(-8.659560562349E-17,-0.707106781187,0.707106781187
    ));
#3404 = DIRECTION('',(1.,-1.224646799147E-16,-2.105272540809E-29));
#3405 = ADVANCED_FACE('',(#3406),#3424,.F.);
#3406 = FACE_BOUND('',#3407,.T.);
#3407 = EDGE_LOOP('',(#3408,#3416,#3417,#3418));
#3408 = ORIENTED_EDGE('',*,*,#3409,.F.);
#3409 = EDGE_CURVE('',#2518,#3410,#3412,.T.);
#3410 = VERTEX_POINT('',#3411);
#3411 = CARTESIAN_POINT('',(5.25,-0.17,-3.5));
#3412 = LINE('',#3413,#3414);
#3413 = CARTESIAN_POINT('',(5.243333333333,-0.163333333333,
    -3.506666666667));
#3414 = VECTOR('',#3415,1.);
#3415 = DIRECTION('',(-0.57735026919,0.57735026919,-0.57735026919));
#3416 = ORIENTED_EDGE('',*,*,#2517,.T.);
#3417 = ORIENTED_EDGE('',*,*,#3354,.T.);
#3418 = ORIENTED_EDGE('',*,*,#3419,.F.);
#3419 = EDGE_CURVE('',#3410,#3355,#3420,.T.);
#3420 = LINE('',#3421,#3422);
#3421 = CARTESIAN_POINT('',(5.4,-0.17,-3.5));
#3422 = VECTOR('',#3423,1.);
#3423 = DIRECTION('',(-1.,1.224646799147E-16,0.));
#3424 = PLANE('',#3425);
#3425 = AXIS2_PLACEMENT_3D('',#3426,#3427,#3428);
#3426 = CARTESIAN_POINT('',(5.4,-0.245,-3.425));
#3427 = DIRECTION('',(8.659560562349E-17,0.707106781187,0.707106781187)
  );
#3428 = DIRECTION('',(1.,-1.224646799147E-16,2.105272540809E-29));
#3429 = ADVANCED_FACE('',(#3430),#3441,.F.);
#3430 = FACE_BOUND('',#3431,.T.);
#3431 = EDGE_LOOP('',(#3432,#3433,#3434,#3435));
#3432 = ORIENTED_EDGE('',*,*,#3394,.T.);
#3433 = ORIENTED_EDGE('',*,*,#2541,.T.);
#3434 = ORIENTED_EDGE('',*,*,#3409,.T.);
#3435 = ORIENTED_EDGE('',*,*,#3436,.F.);
#3436 = EDGE_CURVE('',#3387,#3410,#3437,.T.);
#3437 = LINE('',#3438,#3439);
#3438 = CARTESIAN_POINT('',(5.25,0.32,-3.5));
#3439 = VECTOR('',#3440,1.);
#3440 = DIRECTION('',(-1.224646799147E-16,-1.,0.));
#3441 = PLANE('',#3442);
#3442 = AXIS2_PLACEMENT_3D('',#3443,#3444,#3445);
#3443 = CARTESIAN_POINT('',(5.325,0.32,-3.425));
#3444 = DIRECTION('',(-0.707106781187,8.659560562349E-17,0.707106781187)
  );
#3445 = DIRECTION('',(1.224646799147E-16,1.,2.105272540809E-29));
#3446 = ADVANCED_FACE('',(#3447),#3472,.F.);
#3447 = FACE_BOUND('',#3448,.T.);
#3448 = EDGE_LOOP('',(#3449,#3457,#3458,#3466));
#3449 = ORIENTED_EDGE('',*,*,#3450,.F.);
#3450 = EDGE_CURVE('',#2559,#3451,#3453,.T.);
#3451 = VERTEX_POINT('',#3452);
#3452 = CARTESIAN_POINT('',(7.79,-0.17,-3.5));
#3453 = LINE('',#3454,#3455);
#3454 = CARTESIAN_POINT('',(7.783333333333,-0.163333333333,
    -3.506666666667));
#3455 = VECTOR('',#3456,1.);
#3456 = DIRECTION('',(-0.57735026919,0.57735026919,-0.57735026919));
#3457 = ORIENTED_EDGE('',*,*,#2558,.T.);
#3458 = ORIENTED_EDGE('',*,*,#3459,.T.);
#3459 = EDGE_CURVE('',#2561,#3460,#3462,.T.);
#3460 = VERTEX_POINT('',#3461);
#3461 = CARTESIAN_POINT('',(7.45,-0.17,-3.5));
#3462 = LINE('',#3463,#3464);
#3463 = CARTESIAN_POINT('',(7.456666666667,-0.163333333333,
    -3.506666666667));
#3464 = VECTOR('',#3465,1.);
#3465 = DIRECTION('',(0.57735026919,0.57735026919,-0.57735026919));
#3466 = ORIENTED_EDGE('',*,*,#3467,.F.);
#3467 = EDGE_CURVE('',#3451,#3460,#3468,.T.);
#3468 = LINE('',#3469,#3470);
#3469 = CARTESIAN_POINT('',(7.94,-0.17,-3.5));
#3470 = VECTOR('',#3471,1.);
#3471 = DIRECTION('',(-1.,1.224646799147E-16,0.));
#3472 = PLANE('',#3473);
#3473 = AXIS2_PLACEMENT_3D('',#3474,#3475,#3476);
#3474 = CARTESIAN_POINT('',(7.94,-0.245,-3.425));
#3475 = DIRECTION('',(8.659560562349E-17,0.707106781187,0.707106781187)
  );
#3476 = DIRECTION('',(1.,-1.224646799147E-16,2.105272540809E-29));
#3477 = ADVANCED_FACE('',(#3478),#3496,.F.);
#3478 = FACE_BOUND('',#3479,.T.);
#3479 = EDGE_LOOP('',(#3480,#3488,#3489,#3490));
#3480 = ORIENTED_EDGE('',*,*,#3481,.T.);
#3481 = EDGE_CURVE('',#3482,#2590,#3484,.T.);
#3482 = VERTEX_POINT('',#3483);
#3483 = CARTESIAN_POINT('',(7.79,0.17,-3.5));
#3484 = LINE('',#3485,#3486);
#3485 = CARTESIAN_POINT('',(7.783333333333,0.163333333333,
    -3.506666666667));
#3486 = VECTOR('',#3487,1.);
#3487 = DIRECTION('',(0.57735026919,0.57735026919,0.57735026919));
#3488 = ORIENTED_EDGE('',*,*,#2589,.T.);
#3489 = ORIENTED_EDGE('',*,*,#3450,.T.);
#3490 = ORIENTED_EDGE('',*,*,#3491,.F.);
#3491 = EDGE_CURVE('',#3482,#3451,#3492,.T.);
#3492 = LINE('',#3493,#3494);
#3493 = CARTESIAN_POINT('',(7.79,0.32,-3.5));
#3494 = VECTOR('',#3495,1.);
#3495 = DIRECTION('',(-1.224646799147E-16,-1.,0.));
#3496 = PLANE('',#3497);
#3497 = AXIS2_PLACEMENT_3D('',#3498,#3499,#3500);
#3498 = CARTESIAN_POINT('',(7.865,0.32,-3.425));
#3499 = DIRECTION('',(-0.707106781187,8.659560562349E-17,0.707106781187)
  );
#3500 = DIRECTION('',(1.224646799147E-16,1.,2.105272540809E-29));
#3501 = ADVANCED_FACE('',(#3502),#3520,.F.);
#3502 = FACE_BOUND('',#3503,.F.);
#3503 = EDGE_LOOP('',(#3504,#3512,#3518,#3519));
#3504 = ORIENTED_EDGE('',*,*,#3505,.F.);
#3505 = EDGE_CURVE('',#3506,#2614,#3508,.T.);
#3506 = VERTEX_POINT('',#3507);
#3507 = CARTESIAN_POINT('',(7.45,0.17,-3.5));
#3508 = LINE('',#3509,#3510);
#3509 = CARTESIAN_POINT('',(7.456666666667,0.163333333333,
    -3.506666666667));
#3510 = VECTOR('',#3511,1.);
#3511 = DIRECTION('',(-0.57735026919,0.57735026919,0.57735026919));
#3512 = ORIENTED_EDGE('',*,*,#3513,.T.);
#3513 = EDGE_CURVE('',#3506,#3482,#3514,.T.);
#3514 = LINE('',#3515,#3516);
#3515 = CARTESIAN_POINT('',(7.3,0.17,-3.5));
#3516 = VECTOR('',#3517,1.);
#3517 = DIRECTION('',(1.,-1.224646799147E-16,0.));
#3518 = ORIENTED_EDGE('',*,*,#3481,.T.);
#3519 = ORIENTED_EDGE('',*,*,#2613,.F.);
#3520 = PLANE('',#3521);
#3521 = AXIS2_PLACEMENT_3D('',#3522,#3523,#3524);
#3522 = CARTESIAN_POINT('',(7.3,0.245,-3.425));
#3523 = DIRECTION('',(-8.659560562349E-17,-0.707106781187,0.707106781187
    ));
#3524 = DIRECTION('',(1.,-1.224646799147E-16,-2.105272540809E-29));
#3525 = ADVANCED_FACE('',(#3526),#3537,.F.);
#3526 = FACE_BOUND('',#3527,.F.);
#3527 = EDGE_LOOP('',(#3528,#3529,#3535,#3536));
#3528 = ORIENTED_EDGE('',*,*,#3459,.T.);
#3529 = ORIENTED_EDGE('',*,*,#3530,.T.);
#3530 = EDGE_CURVE('',#3460,#3506,#3531,.T.);
#3531 = LINE('',#3532,#3533);
#3532 = CARTESIAN_POINT('',(7.45,-0.32,-3.5));
#3533 = VECTOR('',#3534,1.);
#3534 = DIRECTION('',(1.224646799147E-16,1.,0.));
#3535 = ORIENTED_EDGE('',*,*,#3505,.T.);
#3536 = ORIENTED_EDGE('',*,*,#2637,.F.);
#3537 = PLANE('',#3538);
#3538 = AXIS2_PLACEMENT_3D('',#3539,#3540,#3541);
#3539 = CARTESIAN_POINT('',(7.375,-0.32,-3.425));
#3540 = DIRECTION('',(0.707106781187,-8.659560562349E-17,0.707106781187)
  );
#3541 = DIRECTION('',(1.224646799147E-16,1.,-2.105272540809E-29));
#3542 = ADVANCED_FACE('',(#3543),#3568,.F.);
#3543 = FACE_BOUND('',#3544,.F.);
#3544 = EDGE_LOOP('',(#3545,#3546,#3554,#3562));
#3545 = ORIENTED_EDGE('',*,*,#2663,.T.);
#3546 = ORIENTED_EDGE('',*,*,#3547,.T.);
#3547 = EDGE_CURVE('',#2656,#3548,#3550,.T.);
#3548 = VERTEX_POINT('',#3549);
#3549 = CARTESIAN_POINT('',(5.08,-1.15,6.5));
#3550 = LINE('',#3551,#3552);
#3551 = CARTESIAN_POINT('',(5.08,-2.3,5.5));
#3552 = VECTOR('',#3553,1.);
#3553 = DIRECTION('',(2.404065568008E-16,0.754605522164,0.656178714925)
  );
#3554 = ORIENTED_EDGE('',*,*,#3555,.F.);
#3555 = EDGE_CURVE('',#3556,#3548,#3558,.T.);
#3556 = VERTEX_POINT('',#3557);
#3557 = CARTESIAN_POINT('',(4.662936703426E-16,-1.15,6.5));
#3558 = LINE('',#3559,#3560);
#3559 = CARTESIAN_POINT('',(4.662936703426E-16,-1.15,6.5));
#3560 = VECTOR('',#3561,1.);
#3561 = DIRECTION('',(1.,-1.110223024625E-16,-1.110223024625E-16));
#3562 = ORIENTED_EDGE('',*,*,#3563,.F.);
#3563 = EDGE_CURVE('',#2664,#3556,#3564,.T.);
#3564 = LINE('',#3565,#3566);
#3565 = CARTESIAN_POINT('',(9.992007221626E-17,-2.3,5.5));
#3566 = VECTOR('',#3567,1.);
#3567 = DIRECTION('',(2.404065568008E-16,0.754605522164,0.656178714925)
  );
#3568 = PLANE('',#3569);
#3569 = AXIS2_PLACEMENT_3D('',#3570,#3571,#3572);
#3570 = CARTESIAN_POINT('',(9.992007221626E-17,-2.3,5.5));
#3571 = DIRECTION('',(1.092757076367E-17,-0.656178714925,0.754605522164)
  );
#3572 = DIRECTION('',(2.404065568008E-16,0.754605522164,0.656178714925)
  );
#3573 = ADVANCED_FACE('',(#3574),#3585,.F.);
#3574 = FACE_BOUND('',#3575,.F.);
#3575 = EDGE_LOOP('',(#3576,#3577,#3578,#3584));
#3576 = ORIENTED_EDGE('',*,*,#2725,.F.);
#3577 = ORIENTED_EDGE('',*,*,#2750,.F.);
#3578 = ORIENTED_EDGE('',*,*,#3579,.T.);
#3579 = EDGE_CURVE('',#2743,#2694,#3580,.T.);
#3580 = LINE('',#3581,#3582);
#3581 = CARTESIAN_POINT('',(3.219646771413E-16,-2.3,7.5));
#3582 = VECTOR('',#3583,1.);
#3583 = DIRECTION('',(1.,-1.110223024625E-16,-1.110223024625E-16));
#3584 = ORIENTED_EDGE('',*,*,#2693,.F.);
#3585 = PLANE('',#3586);
#3586 = AXIS2_PLACEMENT_3D('',#3587,#3588,#3589);
#3587 = CARTESIAN_POINT('',(-4.041334437186E-16,-3.3,7.5));
#3588 = DIRECTION('',(0.,0.,-1.));
#3589 = DIRECTION('',(-1.,0.,0.));
#3590 = ADVANCED_FACE('',(#3591),#3601,.F.);
#3591 = FACE_BOUND('',#3592,.F.);
#3592 = EDGE_LOOP('',(#3593,#3594,#3600));
#3593 = ORIENTED_EDGE('',*,*,#2701,.T.);
#3594 = ORIENTED_EDGE('',*,*,#3595,.F.);
#3595 = EDGE_CURVE('',#3548,#2694,#3596,.T.);
#3596 = LINE('',#3597,#3598);
#3597 = CARTESIAN_POINT('',(5.08,-1.15,6.5));
#3598 = VECTOR('',#3599,1.);
#3599 = DIRECTION('',(-9.470561328515E-17,-0.754605522164,0.656178714925
    ));
#3600 = ORIENTED_EDGE('',*,*,#3547,.F.);
#3601 = PLANE('',#3602);
#3602 = AXIS2_PLACEMENT_3D('',#3603,#3604,#3605);
#3603 = CARTESIAN_POINT('',(5.08,-2.3,7.5));
#3604 = DIRECTION('',(-1.,2.22044604925E-16,1.110223024625E-16));
#3605 = DIRECTION('',(-2.22044604925E-16,-1.,0.));
#3606 = ADVANCED_FACE('',(#3607),#3617,.T.);
#3607 = FACE_BOUND('',#3608,.T.);
#3608 = EDGE_LOOP('',(#3609,#3610,#3616));
#3609 = ORIENTED_EDGE('',*,*,#2742,.T.);
#3610 = ORIENTED_EDGE('',*,*,#3611,.F.);
#3611 = EDGE_CURVE('',#3556,#2743,#3612,.T.);
#3612 = LINE('',#3613,#3614);
#3613 = CARTESIAN_POINT('',(4.662936703426E-16,-1.15,6.5));
#3614 = VECTOR('',#3615,1.);
#3615 = DIRECTION('',(-9.470561328515E-17,-0.754605522164,0.656178714925
    ));
#3616 = ORIENTED_EDGE('',*,*,#3563,.F.);
#3617 = PLANE('',#3618);
#3618 = AXIS2_PLACEMENT_3D('',#3619,#3620,#3621);
#3619 = CARTESIAN_POINT('',(3.219646771413E-16,-2.3,7.5));
#3620 = DIRECTION('',(-1.,2.22044604925E-16,1.110223024625E-16));
#3621 = DIRECTION('',(-2.22044604925E-16,-1.,0.));
#3622 = ADVANCED_FACE('',(#3623),#3629,.T.);
#3623 = FACE_BOUND('',#3624,.T.);
#3624 = EDGE_LOOP('',(#3625,#3626,#3627,#3628));
#3625 = ORIENTED_EDGE('',*,*,#2795,.F.);
#3626 = ORIENTED_EDGE('',*,*,#2819,.F.);
#3627 = ORIENTED_EDGE('',*,*,#2860,.F.);
#3628 = ORIENTED_EDGE('',*,*,#2843,.F.);
#3629 = PLANE('',#3630);
#3630 = AXIS2_PLACEMENT_3D('',#3631,#3632,#3633);
#3631 = CARTESIAN_POINT('',(2.86,-0.32,10.));
#3632 = DIRECTION('',(0.,0.,1.));
#3633 = DIRECTION('',(1.,0.,-0.));
#3634 = ADVANCED_FACE('',(#3635),#3641,.T.);
#3635 = FACE_BOUND('',#3636,.T.);
#3636 = EDGE_LOOP('',(#3637,#3638,#3639,#3640));
#3637 = ORIENTED_EDGE('',*,*,#2939,.F.);
#3638 = ORIENTED_EDGE('',*,*,#2891,.F.);
#3639 = ORIENTED_EDGE('',*,*,#2915,.F.);
#3640 = ORIENTED_EDGE('',*,*,#2956,.F.);
#3641 = PLANE('',#3642);
#3642 = AXIS2_PLACEMENT_3D('',#3643,#3644,#3645);
#3643 = CARTESIAN_POINT('',(0.32,-0.32,10.));
#3644 = DIRECTION('',(0.,0.,1.));
#3645 = DIRECTION('',(1.,0.,-0.));
#3646 = ADVANCED_FACE('',(#3647),#3653,.T.);
#3647 = FACE_BOUND('',#3648,.T.);
#3648 = EDGE_LOOP('',(#3649,#3650,#3651,#3652));
#3649 = ORIENTED_EDGE('',*,*,#3011,.F.);
#3650 = ORIENTED_EDGE('',*,*,#3052,.F.);
#3651 = ORIENTED_EDGE('',*,*,#3035,.F.);
#3652 = ORIENTED_EDGE('',*,*,#2987,.F.);
#3653 = PLANE('',#3654);
#3654 = AXIS2_PLACEMENT_3D('',#3655,#3656,#3657);
#3655 = CARTESIAN_POINT('',(5.4,-0.32,10.));
#3656 = DIRECTION('',(0.,0.,1.));
#3657 = DIRECTION('',(1.,0.,-0.));
#3658 = ADVANCED_FACE('',(#3659),#3665,.T.);
#3659 = FACE_BOUND('',#3660,.T.);
#3660 = EDGE_LOOP('',(#3661,#3662,#3663,#3664));
#3661 = ORIENTED_EDGE('',*,*,#3083,.F.);
#3662 = ORIENTED_EDGE('',*,*,#3148,.F.);
#3663 = ORIENTED_EDGE('',*,*,#3131,.F.);
#3664 = ORIENTED_EDGE('',*,*,#3107,.F.);
#3665 = PLANE('',#3666);
#3666 = AXIS2_PLACEMENT_3D('',#3667,#3668,#3669);
#3667 = CARTESIAN_POINT('',(7.94,-0.32,10.));
#3668 = DIRECTION('',(0.,0.,1.));
#3669 = DIRECTION('',(1.,0.,-0.));
#3670 = ADVANCED_FACE('',(#3671),#3677,.F.);
#3671 = FACE_BOUND('',#3672,.F.);
#3672 = EDGE_LOOP('',(#3673,#3674,#3675,#3676));
#3673 = ORIENTED_EDGE('',*,*,#3203,.F.);
#3674 = ORIENTED_EDGE('',*,*,#3179,.F.);
#3675 = ORIENTED_EDGE('',*,*,#3225,.F.);
#3676 = ORIENTED_EDGE('',*,*,#3242,.F.);
#3677 = PLANE('',#3678);
#3678 = AXIS2_PLACEMENT_3D('',#3679,#3680,#3681);
#3679 = CARTESIAN_POINT('',(0.32,-0.32,-3.5));
#3680 = DIRECTION('',(0.,0.,1.));
#3681 = DIRECTION('',(1.,0.,-0.));
#3682 = ADVANCED_FACE('',(#3683),#3689,.F.);
#3683 = FACE_BOUND('',#3684,.F.);
#3684 = EDGE_LOOP('',(#3685,#3686,#3687,#3688));
#3685 = ORIENTED_EDGE('',*,*,#3275,.F.);
#3686 = ORIENTED_EDGE('',*,*,#3323,.F.);
#3687 = ORIENTED_EDGE('',*,*,#3338,.F.);
#3688 = ORIENTED_EDGE('',*,*,#3290,.F.);
#3689 = PLANE('',#3690);
#3690 = AXIS2_PLACEMENT_3D('',#3691,#3692,#3693);
#3691 = CARTESIAN_POINT('',(2.86,-0.32,-3.5));
#3692 = DIRECTION('',(0.,0.,1.));
#3693 = DIRECTION('',(1.,0.,-0.));
#3694 = ADVANCED_FACE('',(#3695),#3701,.F.);
#3695 = FACE_BOUND('',#3696,.F.);
#3696 = EDGE_LOOP('',(#3697,#3698,#3699,#3700));
#3697 = ORIENTED_EDGE('',*,*,#3419,.F.);
#3698 = ORIENTED_EDGE('',*,*,#3436,.F.);
#3699 = ORIENTED_EDGE('',*,*,#3386,.F.);
#3700 = ORIENTED_EDGE('',*,*,#3362,.F.);
#3701 = PLANE('',#3702);
#3702 = AXIS2_PLACEMENT_3D('',#3703,#3704,#3705);
#3703 = CARTESIAN_POINT('',(5.4,-0.32,-3.5));
#3704 = DIRECTION('',(0.,0.,1.));
#3705 = DIRECTION('',(1.,0.,-0.));
#3706 = ADVANCED_FACE('',(#3707),#3713,.F.);
#3707 = FACE_BOUND('',#3708,.F.);
#3708 = EDGE_LOOP('',(#3709,#3710,#3711,#3712));
#3709 = ORIENTED_EDGE('',*,*,#3467,.F.);
#3710 = ORIENTED_EDGE('',*,*,#3491,.F.);
#3711 = ORIENTED_EDGE('',*,*,#3513,.F.);
#3712 = ORIENTED_EDGE('',*,*,#3530,.F.);
#3713 = PLANE('',#3714);
#3714 = AXIS2_PLACEMENT_3D('',#3715,#3716,#3717);
#3715 = CARTESIAN_POINT('',(7.94,-0.32,-3.5));
#3716 = DIRECTION('',(0.,0.,1.));
#3717 = DIRECTION('',(1.,0.,-0.));
#3718 = ADVANCED_FACE('',(#3719),#3725,.F.);
#3719 = FACE_BOUND('',#3720,.F.);
#3720 = EDGE_LOOP('',(#3721,#3722,#3723,#3724));
#3721 = ORIENTED_EDGE('',*,*,#3555,.T.);
#3722 = ORIENTED_EDGE('',*,*,#3595,.T.);
#3723 = ORIENTED_EDGE('',*,*,#3579,.F.);
#3724 = ORIENTED_EDGE('',*,*,#3611,.F.);
#3725 = PLANE('',#3726);
#3726 = AXIS2_PLACEMENT_3D('',#3727,#3728,#3729);
#3727 = CARTESIAN_POINT('',(4.662936703426E-16,-1.15,6.5));
#3728 = DIRECTION('',(-1.566285142793E-16,-0.656178714925,
    -0.754605522164));
#3729 = DIRECTION('',(-9.470561328515E-17,-0.754605522164,0.656178714925
    ));
#3730 = ( GEOMETRIC_REPRESENTATION_CONTEXT(3) 
GLOBAL_UNCERTAINTY_ASSIGNED_CONTEXT((#3734)) 
GLOBAL_UNIT_ASSIGNED_CONTEXT((#3731,#3732,#3733)) REPRESENTATION_CONTEXT
('Context #1','3D Context with UNIT and UNCERTAINTY') );
#3731 = ( LENGTH_UNIT() NAMED_UNIT(*) SI_UNIT(.MILLI.,.METRE.) );
#3732 = ( NAMED_UNIT(*) PLANE_ANGLE_UNIT() SI_UNIT($,.RADIAN.) );
#3733 = ( NAMED_UNIT(*) SI_UNIT($,.STERADIAN.) SOLID_ANGLE_UNIT() );
#3734 = UNCERTAINTY_MEASURE_WITH_UNIT(LENGTH_MEASURE(1.E-07),#3731,
  'distance_accuracy_value','confusion accuracy');
#3735 = CONTEXT_DEPENDENT_SHAPE_REPRESENTATION(#3736,#3738);
#3736 = ( REPRESENTATION_RELATIONSHIP('','',#1073,#10) 
REPRESENTATION_RELATIONSHIP_WITH_TRANSFORMATION(#3737) 
SHAPE_REPRESENTATION_RELATIONSHIP() );
#3737 = ITEM_DEFINED_TRANSFORMATION('','',#11,#23);
#3738 = PRODUCT_DEFINITION_SHAPE('Placement','Placement of an item',
  #3739);
#3739 = NEXT_ASSEMBLY_USAGE_OCCURRENCE('3','J1','',#5,#1068,$);
#3740 = PRODUCT_RELATED_PRODUCT_CATEGORY('part',$,(#1070));
#3741 = CONTEXT_DEPENDENT_SHAPE_REPRESENTATION(#3742,#3744);
#3742 = ( REPRESENTATION_RELATIONSHIP('','',#76,#10) 
REPRESENTATION_RELATIONSHIP_WITH_TRANSFORMATION(#3743) 
SHAPE_REPRESENTATION_RELATIONSHIP() );
#3743 = ITEM_DEFINED_TRANSFORMATION('','',#11,#27);
#3744 = PRODUCT_DEFINITION_SHAPE('Placement','Placement of an item',
  #3745);
#3745 = NEXT_ASSEMBLY_USAGE_OCCURRENCE('4','R4','',#5,#71,$);
#3746 = CONTEXT_DEPENDENT_SHAPE_REPRESENTATION(#3747,#3749);
#3747 = ( REPRESENTATION_RELATIONSHIP('','',#482,#10) 
REPRESENTATION_RELATIONSHIP_WITH_TRANSFORMATION(#3748) 
SHAPE_REPRESENTATION_RELATIONSHIP() );
#3748 = ITEM_DEFINED_TRANSFORMATION('','',#11,#31);
#3749 = PRODUCT_DEFINITION_SHAPE('Placement','Placement of an item',
  #3750);
#3750 = NEXT_ASSEMBLY_USAGE_OCCURRENCE('5','C4','',#5,#477,$);
#3751 = CONTEXT_DEPENDENT_SHAPE_REPRESENTATION(#3752,#3754);
#3752 = ( REPRESENTATION_RELATIONSHIP('','',#76,#10) 
REPRESENTATION_RELATIONSHIP_WITH_TRANSFORMATION(#3753) 
SHAPE_REPRESENTATION_RELATIONSHIP() );
#3753 = ITEM_DEFINED_TRANSFORMATION('','',#11,#35);
#3754 = PRODUCT_DEFINITION_SHAPE('Placement','Placement of an item',
  #3755);
#3755 = NEXT_ASSEMBLY_USAGE_OCCURRENCE('6','R2','',#5,#71,$);
#3756 = CONTEXT_DEPENDENT_SHAPE_REPRESENTATION(#3757,#3759);
#3757 = ( REPRESENTATION_RELATIONSHIP('','',#482,#10) 
REPRESENTATION_RELATIONSHIP_WITH_TRANSFORMATION(#3758) 
SHAPE_REPRESENTATION_RELATIONSHIP() );
#3758 = ITEM_DEFINED_TRANSFORMATION('','',#11,#39);
#3759 = PRODUCT_DEFINITION_SHAPE('Placement','Placement of an item',
  #3760);
#3760 = NEXT_ASSEMBLY_USAGE_OCCURRENCE('7','C2','',#5,#477,$);
#3761 = CONTEXT_DEPENDENT_SHAPE_REPRESENTATION(#3762,#3764);
#3762 = ( REPRESENTATION_RELATIONSHIP('','',#76,#10) 
REPRESENTATION_RELATIONSHIP_WITH_TRANSFORMATION(#3763) 
SHAPE_REPRESENTATION_RELATIONSHIP() );
#3763 = ITEM_DEFINED_TRANSFORMATION('','',#11,#43);
#3764 = PRODUCT_DEFINITION_SHAPE('Placement','Placement of an item',
  #3765);
#3765 = NEXT_ASSEMBLY_USAGE_OCCURRENCE('8','R3','',#5,#71,$);
#3766 = CONTEXT_DEPENDENT_SHAPE_REPRESENTATION(#3767,#3769);
#3767 = ( REPRESENTATION_RELATIONSHIP('','',#482,#10) 
REPRESENTATION_RELATIONSHIP_WITH_TRANSFORMATION(#3768) 
SHAPE_REPRESENTATION_RELATIONSHIP() );
#3768 = ITEM_DEFINED_TRANSFORMATION('','',#11,#47);
#3769 = PRODUCT_DEFINITION_SHAPE('Placement','Placement of an item',
  #3770);
#3770 = NEXT_ASSEMBLY_USAGE_OCCURRENCE('9','C3','',#5,#477,$);
#3771 = CONTEXT_DEPENDENT_SHAPE_REPRESENTATION(#3772,#3774);
#3772 = ( REPRESENTATION_RELATIONSHIP('','',#76,#10) 
REPRESENTATION_RELATIONSHIP_WITH_TRANSFORMATION(#3773) 
SHAPE_REPRESENTATION_RELATIONSHIP() );
#3773 = ITEM_DEFINED_TRANSFORMATION('','',#11,#51);
#3774 = PRODUCT_DEFINITION_SHAPE('Placement','Placement of an item',
  #3775);
#3775 = NEXT_ASSEMBLY_USAGE_OCCURRENCE('10','R5','',#5,#71,$);
#3776 = SHAPE_DEFINITION_REPRESENTATION(#3777,#3783);
#3777 = PRODUCT_DEFINITION_SHAPE('','',#3778);
#3778 = PRODUCT_DEFINITION('design','',#3779,#3782);
#3779 = PRODUCT_DEFINITION_FORMATION('','',#3780);
#3780 = PRODUCT('DIP-16_W7.62mm','DIP-16_W7.62mm','',(#3781));
#3781 = PRODUCT_CONTEXT('',#2,'mechanical');
#3782 = PRODUCT_DEFINITION_CONTEXT('part definition',#2,'design');
#3783 = ADVANCED_BREP_SHAPE_REPRESENTATION('',(#11,#3784),#12788);
#3784 = MANIFOLD_SOLID_BREP('',#3785);
#3785 = CLOSED_SHELL('',(#3786,#3826,#3983,#4006,#4157,#4174,#4204,#4234
    ,#4265,#4296,#4327,#4358,#4389,#4420,#4451,#4482,#4513,#4544,#4575,
    #4606,#4637,#4668,#4699,#4722,#4746,#4776,#4807,#4838,#4869,#4900,
    #4931,#4962,#4993,#5024,#5055,#5086,#5117,#5148,#5179,#5210,#5241,
    #5258,#5288,#5346,#5404,#5434,#5492,#5509,#5534,#5584,#5615,#5673,
    #5731,#5762,#5820,#5837,#5862,#5912,#5943,#6001,#6059,#6090,#6148,
    #6165,#6190,#6240,#6271,#6329,#6387,#6418,#6476,#6493,#6518,#6568,
    #6599,#6622,#6646,#6704,#6762,#6792,#6850,#6867,#6925,#6942,#6973,
    #7031,#7089,#7120,#7178,#7195,#7253,#7270,#7301,#7359,#7417,#7448,
    #7506,#7523,#7581,#7598,#7629,#7687,#7745,#7776,#7834,#7851,#7909,
    #7926,#7957,#7974,#8059,#8078,#8127,#8151,#8198,#8210,#8229,#8246,
    #8295,#8319,#8361,#8378,#8395,#8414,#8479,#8503,#8566,#8578,#8643,
    #8667,#8730,#8747,#8761,#8778,#8795,#8814,#8879,#8903,#8966,#8978,
    #9043,#9067,#9130,#9147,#9161,#9178,#9195,#9214,#9279,#9303,#9366,
    #9378,#9443,#9467,#9530,#9547,#9561,#9578,#9595,#9944,#10023,#10042,
    #10091,#10115,#10162,#10174,#10228,#10252,#10294,#10313,#10325,
    #10342,#10359,#10378,#10395,#10460,#10484,#10542,#10564,#10629,
    #10653,#10711,#10725,#10742,#10759,#10778,#10795,#10860,#10884,
    #10942,#10964,#11029,#11053,#11111,#11125,#11142,#11159,#11178,
    #11195,#11260,#11284,#11342,#11364,#11429,#11453,#11511,#11525,
    #11542,#11559,#11576,#11605,#11622,#11639,#11651,#11668,#11685,
    #11697,#11714,#11731,#11748,#11765,#11777,#11794,#11811,#11828,
    #11845,#11857,#11874,#11891,#11908,#11925,#11937,#11954,#11971,
    #11988,#12005,#12017,#12034,#12051,#12068,#12085,#12097,#12114,
    #12131,#12148,#12165,#12177,#12205,#12216,#12233,#12250,#12262,
    #12279,#12296,#12308,#12325,#12342,#12359,#12376,#12388,#12405,
    #12422,#12439,#12456,#12468,#12485,#12502,#12519,#12536,#12548,
    #12565,#12582,#12599,#12616,#12628,#12645,#12662,#12679,#12696,
    #12708,#12725,#12742,#12759,#12776));
#3786 = ADVANCED_FACE('',(#3787),#3821,.T.);
#3787 = FACE_BOUND('',#3788,.F.);
#3788 = EDGE_LOOP('',(#3789,#3799,#3807,#3815));
#3789 = ORIENTED_EDGE('',*,*,#3790,.T.);
#3790 = EDGE_CURVE('',#3791,#3793,#3795,.T.);
#3791 = VERTEX_POINT('',#3792);
#3792 = CARTESIAN_POINT('',(6.661276356577,-18.15477635657,0.38));
#3793 = VERTEX_POINT('',#3794);
#3794 = CARTESIAN_POINT('',(6.661276356577,0.374776356577,0.38));
#3795 = LINE('',#3796,#3797);
#3796 = CARTESIAN_POINT('',(6.661276356577,-18.15477635657,0.38));
#3797 = VECTOR('',#3798,1.);
#3798 = DIRECTION('',(-4.440892098501E-16,1.,0.));
#3799 = ORIENTED_EDGE('',*,*,#3800,.T.);
#3800 = EDGE_CURVE('',#3793,#3801,#3803,.T.);
#3801 = VERTEX_POINT('',#3802);
#3802 = CARTESIAN_POINT('',(0.958723643423,0.374776356577,0.38));
#3803 = LINE('',#3804,#3805);
#3804 = CARTESIAN_POINT('',(6.661276356577,0.374776356577,0.38));
#3805 = VECTOR('',#3806,1.);
#3806 = DIRECTION('',(-1.,-4.440892098501E-16,0.));
#3807 = ORIENTED_EDGE('',*,*,#3808,.T.);
#3808 = EDGE_CURVE('',#3801,#3809,#3811,.T.);
#3809 = VERTEX_POINT('',#3810);
#3810 = CARTESIAN_POINT('',(0.958723643423,-18.15477635657,0.38));
#3811 = LINE('',#3812,#3813);
#3812 = CARTESIAN_POINT('',(0.958723643423,0.374776356577,0.38));
#3813 = VECTOR('',#3814,1.);
#3814 = DIRECTION('',(4.440892098501E-16,-1.,0.));
#3815 = ORIENTED_EDGE('',*,*,#3816,.T.);
#3816 = EDGE_CURVE('',#3809,#3791,#3817,.T.);
#3817 = LINE('',#3818,#3819);
#3818 = CARTESIAN_POINT('',(0.958723643423,-18.15477635657,0.38));
#3819 = VECTOR('',#3820,1.);
#3820 = DIRECTION('',(1.,4.440892098501E-16,0.));
#3821 = PLANE('',#3822);
#3822 = AXIS2_PLACEMENT_3D('',#3823,#3824,#3825);
#3823 = CARTESIAN_POINT('',(6.661276356577,-18.15477635657,0.38));
#3824 = DIRECTION('',(-0.,0.,-1.));
#3825 = DIRECTION('',(-0.294140124203,0.955762306923,0.));
#3826 = ADVANCED_FACE('',(#3827),#3978,.T.);
#3827 = FACE_BOUND('',#3828,.T.);
#3828 = EDGE_LOOP('',(#3829,#3830,#3837,#3845,#3853,#3861,#3869,#3877,
    #3885,#3893,#3901,#3909,#3917,#3925,#3933,#3941,#3949,#3957,#3965,
    #3973));
#3829 = ORIENTED_EDGE('',*,*,#3790,.T.);
#3830 = ORIENTED_EDGE('',*,*,#3831,.T.);
#3831 = EDGE_CURVE('',#3793,#3832,#3834,.T.);
#3832 = VERTEX_POINT('',#3833);
#3833 = CARTESIAN_POINT('',(6.985,0.6985,1.903));
#3834 = B_SPLINE_CURVE_WITH_KNOTS('',1,(#3835,#3836),.UNSPECIFIED.,.F.,
  .F.,(2,2),(0.,1.),.PIECEWISE_BEZIER_KNOTS.);
#3835 = CARTESIAN_POINT('',(6.661276356577,0.374776356577,0.38));
#3836 = CARTESIAN_POINT('',(6.985,0.6985,1.903));
#3837 = ORIENTED_EDGE('',*,*,#3838,.F.);
#3838 = EDGE_CURVE('',#3839,#3832,#3841,.T.);
#3839 = VERTEX_POINT('',#3840);
#3840 = CARTESIAN_POINT('',(6.985,0.2285,1.903));
#3841 = LINE('',#3842,#3843);
#3842 = CARTESIAN_POINT('',(6.985,-18.4785,1.903));
#3843 = VECTOR('',#3844,1.);
#3844 = DIRECTION('',(-4.440892098501E-16,1.,0.));
#3845 = ORIENTED_EDGE('',*,*,#3846,.F.);
#3846 = EDGE_CURVE('',#3847,#3839,#3849,.T.);
#3847 = VERTEX_POINT('',#3848);
#3848 = CARTESIAN_POINT('',(6.985,-0.762,1.903));
#3849 = LINE('',#3850,#3851);
#3850 = CARTESIAN_POINT('',(6.985,-18.4785,1.903));
#3851 = VECTOR('',#3852,1.);
#3852 = DIRECTION('',(-4.440892098501E-16,1.,0.));
#3853 = ORIENTED_EDGE('',*,*,#3854,.F.);
#3854 = EDGE_CURVE('',#3855,#3847,#3857,.T.);
#3855 = VERTEX_POINT('',#3856);
#3856 = CARTESIAN_POINT('',(6.985,-1.778,1.903));
#3857 = LINE('',#3858,#3859);
#3858 = CARTESIAN_POINT('',(6.985,-18.4785,1.903));
#3859 = VECTOR('',#3860,1.);
#3860 = DIRECTION('',(-4.440892098501E-16,1.,0.));
#3861 = ORIENTED_EDGE('',*,*,#3862,.F.);
#3862 = EDGE_CURVE('',#3863,#3855,#3865,.T.);
#3863 = VERTEX_POINT('',#3864);
#3864 = CARTESIAN_POINT('',(6.985,-3.302,1.903));
#3865 = LINE('',#3866,#3867);
#3866 = CARTESIAN_POINT('',(6.985,-18.4785,1.903));
#3867 = VECTOR('',#3868,1.);
#3868 = DIRECTION('',(-4.440892098501E-16,1.,0.));
#3869 = ORIENTED_EDGE('',*,*,#3870,.F.);
#3870 = EDGE_CURVE('',#3871,#3863,#3873,.T.);
#3871 = VERTEX_POINT('',#3872);
#3872 = CARTESIAN_POINT('',(6.985,-4.318,1.903));
#3873 = LINE('',#3874,#3875);
#3874 = CARTESIAN_POINT('',(6.985,-18.4785,1.903));
#3875 = VECTOR('',#3876,1.);
#3876 = DIRECTION('',(-4.440892098501E-16,1.,0.));
#3877 = ORIENTED_EDGE('',*,*,#3878,.F.);
#3878 = EDGE_CURVE('',#3879,#3871,#3881,.T.);
#3879 = VERTEX_POINT('',#3880);
#3880 = CARTESIAN_POINT('',(6.985,-5.842,1.903));
#3881 = LINE('',#3882,#3883);
#3882 = CARTESIAN_POINT('',(6.985,-18.4785,1.903));
#3883 = VECTOR('',#3884,1.);
#3884 = DIRECTION('',(-4.440892098501E-16,1.,0.));
#3885 = ORIENTED_EDGE('',*,*,#3886,.F.);
#3886 = EDGE_CURVE('',#3887,#3879,#3889,.T.);
#3887 = VERTEX_POINT('',#3888);
#3888 = CARTESIAN_POINT('',(6.985,-6.858,1.903));
#3889 = LINE('',#3890,#3891);
#3890 = CARTESIAN_POINT('',(6.985,-18.4785,1.903));
#3891 = VECTOR('',#3892,1.);
#3892 = DIRECTION('',(-4.440892098501E-16,1.,0.));
#3893 = ORIENTED_EDGE('',*,*,#3894,.F.);
#3894 = EDGE_CURVE('',#3895,#3887,#3897,.T.);
#3895 = VERTEX_POINT('',#3896);
#3896 = CARTESIAN_POINT('',(6.985,-8.382,1.903));
#3897 = LINE('',#3898,#3899);
#3898 = CARTESIAN_POINT('',(6.985,-18.4785,1.903));
#3899 = VECTOR('',#3900,1.);
#3900 = DIRECTION('',(-4.440892098501E-16,1.,0.));
#3901 = ORIENTED_EDGE('',*,*,#3902,.F.);
#3902 = EDGE_CURVE('',#3903,#3895,#3905,.T.);
#3903 = VERTEX_POINT('',#3904);
#3904 = CARTESIAN_POINT('',(6.985,-9.398,1.903));
#3905 = LINE('',#3906,#3907);
#3906 = CARTESIAN_POINT('',(6.985,-18.4785,1.903));
#3907 = VECTOR('',#3908,1.);
#3908 = DIRECTION('',(-4.440892098501E-16,1.,0.));
#3909 = ORIENTED_EDGE('',*,*,#3910,.F.);
#3910 = EDGE_CURVE('',#3911,#3903,#3913,.T.);
#3911 = VERTEX_POINT('',#3912);
#3912 = CARTESIAN_POINT('',(6.985,-10.922,1.903));
#3913 = LINE('',#3914,#3915);
#3914 = CARTESIAN_POINT('',(6.985,-18.4785,1.903));
#3915 = VECTOR('',#3916,1.);
#3916 = DIRECTION('',(-4.440892098501E-16,1.,0.));
#3917 = ORIENTED_EDGE('',*,*,#3918,.F.);
#3918 = EDGE_CURVE('',#3919,#3911,#3921,.T.);
#3919 = VERTEX_POINT('',#3920);
#3920 = CARTESIAN_POINT('',(6.985,-11.938,1.903));
#3921 = LINE('',#3922,#3923);
#3922 = CARTESIAN_POINT('',(6.985,-18.4785,1.903));
#3923 = VECTOR('',#3924,1.);
#3924 = DIRECTION('',(-4.440892098501E-16,1.,0.));
#3925 = ORIENTED_EDGE('',*,*,#3926,.F.);
#3926 = EDGE_CURVE('',#3927,#3919,#3929,.T.);
#3927 = VERTEX_POINT('',#3928);
#3928 = CARTESIAN_POINT('',(6.985,-13.462,1.903));
#3929 = LINE('',#3930,#3931);
#3930 = CARTESIAN_POINT('',(6.985,-18.4785,1.903));
#3931 = VECTOR('',#3932,1.);
#3932 = DIRECTION('',(-4.440892098501E-16,1.,0.));
#3933 = ORIENTED_EDGE('',*,*,#3934,.F.);
#3934 = EDGE_CURVE('',#3935,#3927,#3937,.T.);
#3935 = VERTEX_POINT('',#3936);
#3936 = CARTESIAN_POINT('',(6.985,-14.478,1.903));
#3937 = LINE('',#3938,#3939);
#3938 = CARTESIAN_POINT('',(6.985,-18.4785,1.903));
#3939 = VECTOR('',#3940,1.);
#3940 = DIRECTION('',(-4.440892098501E-16,1.,0.));
#3941 = ORIENTED_EDGE('',*,*,#3942,.F.);
#3942 = EDGE_CURVE('',#3943,#3935,#3945,.T.);
#3943 = VERTEX_POINT('',#3944);
#3944 = CARTESIAN_POINT('',(6.985,-16.002,1.903));
#3945 = LINE('',#3946,#3947);
#3946 = CARTESIAN_POINT('',(6.985,-18.4785,1.903));
#3947 = VECTOR('',#3948,1.);
#3948 = DIRECTION('',(-4.440892098501E-16,1.,0.));
#3949 = ORIENTED_EDGE('',*,*,#3950,.F.);
#3950 = EDGE_CURVE('',#3951,#3943,#3953,.T.);
#3951 = VERTEX_POINT('',#3952);
#3952 = CARTESIAN_POINT('',(6.985,-17.018,1.903));
#3953 = LINE('',#3954,#3955);
#3954 = CARTESIAN_POINT('',(6.985,-18.4785,1.903));
#3955 = VECTOR('',#3956,1.);
#3956 = DIRECTION('',(-4.440892098501E-16,1.,0.));
#3957 = ORIENTED_EDGE('',*,*,#3958,.F.);
#3958 = EDGE_CURVE('',#3959,#3951,#3961,.T.);
#3959 = VERTEX_POINT('',#3960);
#3960 = CARTESIAN_POINT('',(6.985,-18.0085,1.903));
#3961 = LINE('',#3962,#3963);
#3962 = CARTESIAN_POINT('',(6.985,-18.4785,1.903));
#3963 = VECTOR('',#3964,1.);
#3964 = DIRECTION('',(-4.440892098501E-16,1.,0.));
#3965 = ORIENTED_EDGE('',*,*,#3966,.F.);
#3966 = EDGE_CURVE('',#3967,#3959,#3969,.T.);
#3967 = VERTEX_POINT('',#3968);
#3968 = CARTESIAN_POINT('',(6.985,-18.4785,1.903));
#3969 = LINE('',#3970,#3971);
#3970 = CARTESIAN_POINT('',(6.985,-18.4785,1.903));
#3971 = VECTOR('',#3972,1.);
#3972 = DIRECTION('',(-4.440892098501E-16,1.,0.));
#3973 = ORIENTED_EDGE('',*,*,#3974,.F.);
#3974 = EDGE_CURVE('',#3791,#3967,#3975,.T.);
#3975 = B_SPLINE_CURVE_WITH_KNOTS('',1,(#3976,#3977),.UNSPECIFIED.,.F.,
  .F.,(2,2),(0.,1.),.PIECEWISE_BEZIER_KNOTS.);
#3976 = CARTESIAN_POINT('',(6.661276356577,-18.15477635657,0.38));
#3977 = CARTESIAN_POINT('',(6.985,-18.4785,1.903));
#3978 = B_SPLINE_SURFACE_WITH_KNOTS('',1,1,(
    (#3979,#3980)
    ,(#3981,#3982
    )),.UNSPECIFIED.,.F.,.F.,.F.,(2,2),(2,2),(0.,19.177),(0.,1.),
  .PIECEWISE_BEZIER_KNOTS.);
#3979 = CARTESIAN_POINT('',(6.661276356577,-18.15477635657,0.38));
#3980 = CARTESIAN_POINT('',(6.985,-18.4785,1.903));
#3981 = CARTESIAN_POINT('',(6.661276356577,0.374776356577,0.38));
#3982 = CARTESIAN_POINT('',(6.985,0.6985,1.903));
#3983 = ADVANCED_FACE('',(#3984),#4001,.T.);
#3984 = FACE_BOUND('',#3985,.T.);
#3985 = EDGE_LOOP('',(#3986,#3987,#3994,#4000));
#3986 = ORIENTED_EDGE('',*,*,#3800,.T.);
#3987 = ORIENTED_EDGE('',*,*,#3988,.T.);
#3988 = EDGE_CURVE('',#3801,#3989,#3991,.T.);
#3989 = VERTEX_POINT('',#3990);
#3990 = CARTESIAN_POINT('',(0.635,0.6985,1.903));
#3991 = B_SPLINE_CURVE_WITH_KNOTS('',1,(#3992,#3993),.UNSPECIFIED.,.F.,
  .F.,(2,2),(0.,1.),.PIECEWISE_BEZIER_KNOTS.);
#3992 = CARTESIAN_POINT('',(0.958723643423,0.374776356577,0.38));
#3993 = CARTESIAN_POINT('',(0.635,0.6985,1.903));
#3994 = ORIENTED_EDGE('',*,*,#3995,.F.);
#3995 = EDGE_CURVE('',#3832,#3989,#3996,.T.);
#3996 = LINE('',#3997,#3998);
#3997 = CARTESIAN_POINT('',(6.985,0.6985,1.903));
#3998 = VECTOR('',#3999,1.);
#3999 = DIRECTION('',(-1.,-4.440892098501E-16,0.));
#4000 = ORIENTED_EDGE('',*,*,#3831,.F.);
#4001 = B_SPLINE_SURFACE_WITH_KNOTS('',1,1,(
    (#4002,#4003)
    ,(#4004,#4005
    )),.UNSPECIFIED.,.F.,.F.,.F.,(2,2),(2,2),(0.,6.35),(0.,1.),
  .PIECEWISE_BEZIER_KNOTS.);
#4002 = CARTESIAN_POINT('',(6.661276356577,0.374776356577,0.38));
#4003 = CARTESIAN_POINT('',(6.985,0.6985,1.903));
#4004 = CARTESIAN_POINT('',(0.958723643423,0.374776356577,0.38));
#4005 = CARTESIAN_POINT('',(0.635,0.6985,1.903));
#4006 = ADVANCED_FACE('',(#4007),#4152,.T.);
#4007 = FACE_BOUND('',#4008,.T.);
#4008 = EDGE_LOOP('',(#4009,#4010,#4017,#4025,#4033,#4041,#4049,#4057,
    #4065,#4073,#4081,#4089,#4097,#4105,#4113,#4121,#4129,#4137,#4145,
    #4151));
#4009 = ORIENTED_EDGE('',*,*,#3808,.T.);
#4010 = ORIENTED_EDGE('',*,*,#4011,.T.);
#4011 = EDGE_CURVE('',#3809,#4012,#4014,.T.);
#4012 = VERTEX_POINT('',#4013);
#4013 = CARTESIAN_POINT('',(0.635,-18.4785,1.903));
#4014 = B_SPLINE_CURVE_WITH_KNOTS('',1,(#4015,#4016),.UNSPECIFIED.,.F.,
  .F.,(2,2),(0.,1.),.PIECEWISE_BEZIER_KNOTS.);
#4015 = CARTESIAN_POINT('',(0.958723643423,-18.15477635657,0.38));
#4016 = CARTESIAN_POINT('',(0.635,-18.4785,1.903));
#4017 = ORIENTED_EDGE('',*,*,#4018,.F.);
#4018 = EDGE_CURVE('',#4019,#4012,#4021,.T.);
#4019 = VERTEX_POINT('',#4020);
#4020 = CARTESIAN_POINT('',(0.635,-18.0085,1.903));
#4021 = LINE('',#4022,#4023);
#4022 = CARTESIAN_POINT('',(0.635,0.6985,1.903));
#4023 = VECTOR('',#4024,1.);
#4024 = DIRECTION('',(4.440892098501E-16,-1.,0.));
#4025 = ORIENTED_EDGE('',*,*,#4026,.F.);
#4026 = EDGE_CURVE('',#4027,#4019,#4029,.T.);
#4027 = VERTEX_POINT('',#4028);
#4028 = CARTESIAN_POINT('',(0.635,-17.018,1.903));
#4029 = LINE('',#4030,#4031);
#4030 = CARTESIAN_POINT('',(0.635,0.6985,1.903));
#4031 = VECTOR('',#4032,1.);
#4032 = DIRECTION('',(4.440892098501E-16,-1.,0.));
#4033 = ORIENTED_EDGE('',*,*,#4034,.F.);
#4034 = EDGE_CURVE('',#4035,#4027,#4037,.T.);
#4035 = VERTEX_POINT('',#4036);
#4036 = CARTESIAN_POINT('',(0.635,-16.002,1.903));
#4037 = LINE('',#4038,#4039);
#4038 = CARTESIAN_POINT('',(0.635,0.6985,1.903));
#4039 = VECTOR('',#4040,1.);
#4040 = DIRECTION('',(4.440892098501E-16,-1.,0.));
#4041 = ORIENTED_EDGE('',*,*,#4042,.F.);
#4042 = EDGE_CURVE('',#4043,#4035,#4045,.T.);
#4043 = VERTEX_POINT('',#4044);
#4044 = CARTESIAN_POINT('',(0.635,-14.478,1.903));
#4045 = LINE('',#4046,#4047);
#4046 = CARTESIAN_POINT('',(0.635,0.6985,1.903));
#4047 = VECTOR('',#4048,1.);
#4048 = DIRECTION('',(4.440892098501E-16,-1.,0.));
#4049 = ORIENTED_EDGE('',*,*,#4050,.F.);
#4050 = EDGE_CURVE('',#4051,#4043,#4053,.T.);
#4051 = VERTEX_POINT('',#4052);
#4052 = CARTESIAN_POINT('',(0.635,-13.462,1.903));
#4053 = LINE('',#4054,#4055);
#4054 = CARTESIAN_POINT('',(0.635,0.6985,1.903));
#4055 = VECTOR('',#4056,1.);
#4056 = DIRECTION('',(4.440892098501E-16,-1.,0.));
#4057 = ORIENTED_EDGE('',*,*,#4058,.F.);
#4058 = EDGE_CURVE('',#4059,#4051,#4061,.T.);
#4059 = VERTEX_POINT('',#4060);
#4060 = CARTESIAN_POINT('',(0.635,-11.938,1.903));
#4061 = LINE('',#4062,#4063);
#4062 = CARTESIAN_POINT('',(0.635,0.6985,1.903));
#4063 = VECTOR('',#4064,1.);
#4064 = DIRECTION('',(4.440892098501E-16,-1.,0.));
#4065 = ORIENTED_EDGE('',*,*,#4066,.F.);
#4066 = EDGE_CURVE('',#4067,#4059,#4069,.T.);
#4067 = VERTEX_POINT('',#4068);
#4068 = CARTESIAN_POINT('',(0.635,-10.922,1.903));
#4069 = LINE('',#4070,#4071);
#4070 = CARTESIAN_POINT('',(0.635,0.6985,1.903));
#4071 = VECTOR('',#4072,1.);
#4072 = DIRECTION('',(4.440892098501E-16,-1.,0.));
#4073 = ORIENTED_EDGE('',*,*,#4074,.F.);
#4074 = EDGE_CURVE('',#4075,#4067,#4077,.T.);
#4075 = VERTEX_POINT('',#4076);
#4076 = CARTESIAN_POINT('',(0.635,-9.398,1.903));
#4077 = LINE('',#4078,#4079);
#4078 = CARTESIAN_POINT('',(0.635,0.6985,1.903));
#4079 = VECTOR('',#4080,1.);
#4080 = DIRECTION('',(4.440892098501E-16,-1.,0.));
#4081 = ORIENTED_EDGE('',*,*,#4082,.F.);
#4082 = EDGE_CURVE('',#4083,#4075,#4085,.T.);
#4083 = VERTEX_POINT('',#4084);
#4084 = CARTESIAN_POINT('',(0.635,-8.382,1.903));
#4085 = LINE('',#4086,#4087);
#4086 = CARTESIAN_POINT('',(0.635,0.6985,1.903));
#4087 = VECTOR('',#4088,1.);
#4088 = DIRECTION('',(4.440892098501E-16,-1.,0.));
#4089 = ORIENTED_EDGE('',*,*,#4090,.F.);
#4090 = EDGE_CURVE('',#4091,#4083,#4093,.T.);
#4091 = VERTEX_POINT('',#4092);
#4092 = CARTESIAN_POINT('',(0.635,-6.858,1.903));
#4093 = LINE('',#4094,#4095);
#4094 = CARTESIAN_POINT('',(0.635,0.6985,1.903));
#4095 = VECTOR('',#4096,1.);
#4096 = DIRECTION('',(4.440892098501E-16,-1.,0.));
#4097 = ORIENTED_EDGE('',*,*,#4098,.F.);
#4098 = EDGE_CURVE('',#4099,#4091,#4101,.T.);
#4099 = VERTEX_POINT('',#4100);
#4100 = CARTESIAN_POINT('',(0.635,-5.842,1.903));
#4101 = LINE('',#4102,#4103);
#4102 = CARTESIAN_POINT('',(0.635,0.6985,1.903));
#4103 = VECTOR('',#4104,1.);
#4104 = DIRECTION('',(4.440892098501E-16,-1.,0.));
#4105 = ORIENTED_EDGE('',*,*,#4106,.F.);
#4106 = EDGE_CURVE('',#4107,#4099,#4109,.T.);
#4107 = VERTEX_POINT('',#4108);
#4108 = CARTESIAN_POINT('',(0.635,-4.318,1.903));
#4109 = LINE('',#4110,#4111);
#4110 = CARTESIAN_POINT('',(0.635,0.6985,1.903));
#4111 = VECTOR('',#4112,1.);
#4112 = DIRECTION('',(4.440892098501E-16,-1.,0.));
#4113 = ORIENTED_EDGE('',*,*,#4114,.F.);
#4114 = EDGE_CURVE('',#4115,#4107,#4117,.T.);
#4115 = VERTEX_POINT('',#4116);
#4116 = CARTESIAN_POINT('',(0.635,-3.302,1.903));
#4117 = LINE('',#4118,#4119);
#4118 = CARTESIAN_POINT('',(0.635,0.6985,1.903));
#4119 = VECTOR('',#4120,1.);
#4120 = DIRECTION('',(4.440892098501E-16,-1.,0.));
#4121 = ORIENTED_EDGE('',*,*,#4122,.F.);
#4122 = EDGE_CURVE('',#4123,#4115,#4125,.T.);
#4123 = VERTEX_POINT('',#4124);
#4124 = CARTESIAN_POINT('',(0.635,-1.778,1.903));
#4125 = LINE('',#4126,#4127);
#4126 = CARTESIAN_POINT('',(0.635,0.6985,1.903));
#4127 = VECTOR('',#4128,1.);
#4128 = DIRECTION('',(4.440892098501E-16,-1.,0.));
#4129 = ORIENTED_EDGE('',*,*,#4130,.F.);
#4130 = EDGE_CURVE('',#4131,#4123,#4133,.T.);
#4131 = VERTEX_POINT('',#4132);
#4132 = CARTESIAN_POINT('',(0.635,-0.762,1.903));
#4133 = LINE('',#4134,#4135);
#4134 = CARTESIAN_POINT('',(0.635,0.6985,1.903));
#4135 = VECTOR('',#4136,1.);
#4136 = DIRECTION('',(4.440892098501E-16,-1.,0.));
#4137 = ORIENTED_EDGE('',*,*,#4138,.F.);
#4138 = EDGE_CURVE('',#4139,#4131,#4141,.T.);
#4139 = VERTEX_POINT('',#4140);
#4140 = CARTESIAN_POINT('',(0.635,0.2285,1.903));
#4141 = LINE('',#4142,#4143);
#4142 = CARTESIAN_POINT('',(0.635,0.6985,1.903));
#4143 = VECTOR('',#4144,1.);
#4144 = DIRECTION('',(4.440892098501E-16,-1.,0.));
#4145 = ORIENTED_EDGE('',*,*,#4146,.F.);
#4146 = EDGE_CURVE('',#3989,#4139,#4147,.T.);
#4147 = LINE('',#4148,#4149);
#4148 = CARTESIAN_POINT('',(0.635,0.6985,1.903));
#4149 = VECTOR('',#4150,1.);
#4150 = DIRECTION('',(4.440892098501E-16,-1.,0.));
#4151 = ORIENTED_EDGE('',*,*,#3988,.F.);
#4152 = B_SPLINE_SURFACE_WITH_KNOTS('',1,1,(
    (#4153,#4154)
    ,(#4155,#4156
    )),.UNSPECIFIED.,.F.,.F.,.F.,(2,2),(2,2),(0.,19.177),(0.,1.),
  .PIECEWISE_BEZIER_KNOTS.);
#4153 = CARTESIAN_POINT('',(0.958723643423,0.374776356577,0.38));
#4154 = CARTESIAN_POINT('',(0.635,0.6985,1.903));
#4155 = CARTESIAN_POINT('',(0.958723643423,-18.15477635657,0.38));
#4156 = CARTESIAN_POINT('',(0.635,-18.4785,1.903));
#4157 = ADVANCED_FACE('',(#4158),#4169,.T.);
#4158 = FACE_BOUND('',#4159,.T.);
#4159 = EDGE_LOOP('',(#4160,#4161,#4162,#4168));
#4160 = ORIENTED_EDGE('',*,*,#3816,.T.);
#4161 = ORIENTED_EDGE('',*,*,#3974,.T.);
#4162 = ORIENTED_EDGE('',*,*,#4163,.F.);
#4163 = EDGE_CURVE('',#4012,#3967,#4164,.T.);
#4164 = LINE('',#4165,#4166);
#4165 = CARTESIAN_POINT('',(0.635,-18.4785,1.903));
#4166 = VECTOR('',#4167,1.);
#4167 = DIRECTION('',(1.,4.440892098501E-16,0.));
#4168 = ORIENTED_EDGE('',*,*,#4011,.F.);
#4169 = B_SPLINE_SURFACE_WITH_KNOTS('',1,1,(
    (#4170,#4171)
    ,(#4172,#4173
    )),.UNSPECIFIED.,.F.,.F.,.F.,(2,2),(2,2),(0.,6.35),(0.,1.),
  .PIECEWISE_BEZIER_KNOTS.);
#4170 = CARTESIAN_POINT('',(0.958723643423,-18.15477635657,0.38));
#4171 = CARTESIAN_POINT('',(0.635,-18.4785,1.903));
#4172 = CARTESIAN_POINT('',(6.661276356577,-18.15477635657,0.38));
#4173 = CARTESIAN_POINT('',(6.985,-18.4785,1.903));
#4174 = ADVANCED_FACE('',(#4175),#4199,.T.);
#4175 = FACE_BOUND('',#4176,.T.);
#4176 = EDGE_LOOP('',(#4177,#4184,#4185,#4193));
#4177 = ORIENTED_EDGE('',*,*,#4178,.F.);
#4178 = EDGE_CURVE('',#3967,#4179,#4181,.T.);
#4179 = VERTEX_POINT('',#4180);
#4180 = CARTESIAN_POINT('',(6.985,-18.4785,2.157));
#4181 = B_SPLINE_CURVE_WITH_KNOTS('',1,(#4182,#4183),.UNSPECIFIED.,.F.,
  .F.,(2,2),(0.,1.),.PIECEWISE_BEZIER_KNOTS.);
#4182 = CARTESIAN_POINT('',(6.985,-18.4785,1.903));
#4183 = CARTESIAN_POINT('',(6.985,-18.4785,2.157));
#4184 = ORIENTED_EDGE('',*,*,#3966,.T.);
#4185 = ORIENTED_EDGE('',*,*,#4186,.T.);
#4186 = EDGE_CURVE('',#3959,#4187,#4189,.T.);
#4187 = VERTEX_POINT('',#4188);
#4188 = CARTESIAN_POINT('',(6.985,-18.0085,2.157));
#4189 = LINE('',#4190,#4191);
#4190 = CARTESIAN_POINT('',(6.985,-18.0085,1.9665));
#4191 = VECTOR('',#4192,1.);
#4192 = DIRECTION('',(1.707860803683E-31,-3.845760639533E-16,1.));
#4193 = ORIENTED_EDGE('',*,*,#4194,.F.);
#4194 = EDGE_CURVE('',#4179,#4187,#4195,.T.);
#4195 = LINE('',#4196,#4197);
#4196 = CARTESIAN_POINT('',(6.985,-18.4785,2.157));
#4197 = VECTOR('',#4198,1.);
#4198 = DIRECTION('',(-4.440892098501E-16,1.,0.));
#4199 = PLANE('',#4200);
#4200 = AXIS2_PLACEMENT_3D('',#4201,#4202,#4203);
#4201 = CARTESIAN_POINT('',(6.985,-18.4785,2.157));
#4202 = DIRECTION('',(1.,4.440892098501E-16,0.));
#4203 = DIRECTION('',(-4.440892098501E-16,1.,0.));
#4204 = ADVANCED_FACE('',(#4205),#4229,.T.);
#4205 = FACE_BOUND('',#4206,.T.);
#4206 = EDGE_LOOP('',(#4207,#4215,#4216,#4223));
#4207 = ORIENTED_EDGE('',*,*,#4208,.T.);
#4208 = EDGE_CURVE('',#4209,#3839,#4211,.T.);
#4209 = VERTEX_POINT('',#4210);
#4210 = CARTESIAN_POINT('',(6.985,0.2285,2.157));
#4211 = LINE('',#4212,#4213);
#4212 = CARTESIAN_POINT('',(6.985,0.2285,2.157));
#4213 = VECTOR('',#4214,1.);
#4214 = DIRECTION('',(-8.282004254289E-30,1.864941563675E-14,-1.));
#4215 = ORIENTED_EDGE('',*,*,#3838,.T.);
#4216 = ORIENTED_EDGE('',*,*,#4217,.T.);
#4217 = EDGE_CURVE('',#3832,#4218,#4220,.T.);
#4218 = VERTEX_POINT('',#4219);
#4219 = CARTESIAN_POINT('',(6.985,0.6985,2.157));
#4220 = B_SPLINE_CURVE_WITH_KNOTS('',1,(#4221,#4222),.UNSPECIFIED.,.F.,
  .F.,(2,2),(0.,1.),.PIECEWISE_BEZIER_KNOTS.);
#4221 = CARTESIAN_POINT('',(6.985,0.6985,1.903));
#4222 = CARTESIAN_POINT('',(6.985,0.6985,2.157));
#4223 = ORIENTED_EDGE('',*,*,#4224,.F.);
#4224 = EDGE_CURVE('',#4209,#4218,#4225,.T.);
#4225 = LINE('',#4226,#4227);
#4226 = CARTESIAN_POINT('',(6.985,-18.4785,2.157));
#4227 = VECTOR('',#4228,1.);
#4228 = DIRECTION('',(-4.440892098501E-16,1.,0.));
#4229 = PLANE('',#4230);
#4230 = AXIS2_PLACEMENT_3D('',#4231,#4232,#4233);
#4231 = CARTESIAN_POINT('',(6.985,-18.4785,2.157));
#4232 = DIRECTION('',(1.,4.440892098501E-16,0.));
#4233 = DIRECTION('',(-4.440892098501E-16,1.,0.));
#4234 = ADVANCED_FACE('',(#4235),#4260,.F.);
#4235 = FACE_BOUND('',#4236,.F.);
#4236 = EDGE_LOOP('',(#4237,#4245,#4246,#4254));
#4237 = ORIENTED_EDGE('',*,*,#4238,.F.);
#4238 = EDGE_CURVE('',#3951,#4239,#4241,.T.);
#4239 = VERTEX_POINT('',#4240);
#4240 = CARTESIAN_POINT('',(7.366,-17.018,1.903));
#4241 = LINE('',#4242,#4243);
#4242 = CARTESIAN_POINT('',(3.81,-17.018,1.903));
#4243 = VECTOR('',#4244,1.);
#4244 = DIRECTION('',(1.,3.216245299353E-16,0.));
#4245 = ORIENTED_EDGE('',*,*,#3958,.F.);
#4246 = ORIENTED_EDGE('',*,*,#4247,.F.);
#4247 = EDGE_CURVE('',#4248,#3959,#4250,.T.);
#4248 = VERTEX_POINT('',#4249);
#4249 = CARTESIAN_POINT('',(7.366,-18.0085,1.903));
#4250 = LINE('',#4251,#4252);
#4251 = CARTESIAN_POINT('',(7.747,-18.0085,1.903));
#4252 = VECTOR('',#4253,1.);
#4253 = DIRECTION('',(-1.,-3.216245299353E-16,0.));
#4254 = ORIENTED_EDGE('',*,*,#4255,.T.);
#4255 = EDGE_CURVE('',#4248,#4239,#4256,.T.);
#4256 = LINE('',#4257,#4258);
#4257 = CARTESIAN_POINT('',(7.366,-18.0085,1.903));
#4258 = VECTOR('',#4259,1.);
#4259 = DIRECTION('',(-3.216245299353E-16,1.,0.));
#4260 = PLANE('',#4261);
#4261 = AXIS2_PLACEMENT_3D('',#4262,#4263,#4264);
#4262 = CARTESIAN_POINT('',(0.254,-17.018,1.903));
#4263 = DIRECTION('',(0.,0.,1.));
#4264 = DIRECTION('',(-4.440892098501E-16,1.,0.));
#4265 = ADVANCED_FACE('',(#4266),#4291,.F.);
#4266 = FACE_BOUND('',#4267,.F.);
#4267 = EDGE_LOOP('',(#4268,#4276,#4277,#4285));
#4268 = ORIENTED_EDGE('',*,*,#4269,.F.);
#4269 = EDGE_CURVE('',#3839,#4270,#4272,.T.);
#4270 = VERTEX_POINT('',#4271);
#4271 = CARTESIAN_POINT('',(7.366,0.2285,1.903));
#4272 = LINE('',#4273,#4274);
#4273 = CARTESIAN_POINT('',(3.81,0.2285,1.903));
#4274 = VECTOR('',#4275,1.);
#4275 = DIRECTION('',(1.,3.216245299353E-16,0.));
#4276 = ORIENTED_EDGE('',*,*,#3846,.F.);
#4277 = ORIENTED_EDGE('',*,*,#4278,.F.);
#4278 = EDGE_CURVE('',#4279,#3847,#4281,.T.);
#4279 = VERTEX_POINT('',#4280);
#4280 = CARTESIAN_POINT('',(7.366,-0.762,1.903));
#4281 = LINE('',#4282,#4283);
#4282 = CARTESIAN_POINT('',(7.747,-0.762,1.903));
#4283 = VECTOR('',#4284,1.);
#4284 = DIRECTION('',(-1.,-3.216245299353E-16,0.));
#4285 = ORIENTED_EDGE('',*,*,#4286,.F.);
#4286 = EDGE_CURVE('',#4270,#4279,#4287,.T.);
#4287 = LINE('',#4288,#4289);
#4288 = CARTESIAN_POINT('',(7.366,0.2285,1.903));
#4289 = VECTOR('',#4290,1.);
#4290 = DIRECTION('',(3.216245299353E-16,-1.,0.));
#4291 = PLANE('',#4292);
#4292 = AXIS2_PLACEMENT_3D('',#4293,#4294,#4295);
#4293 = CARTESIAN_POINT('',(0.254,0.2285,1.903));
#4294 = DIRECTION('',(0.,0.,1.));
#4295 = DIRECTION('',(-4.440892098501E-16,1.,0.));
#4296 = ADVANCED_FACE('',(#4297),#4322,.T.);
#4297 = FACE_BOUND('',#4298,.T.);
#4298 = EDGE_LOOP('',(#4299,#4307,#4308,#4316));
#4299 = ORIENTED_EDGE('',*,*,#4300,.T.);
#4300 = EDGE_CURVE('',#4301,#3951,#4303,.T.);
#4301 = VERTEX_POINT('',#4302);
#4302 = CARTESIAN_POINT('',(6.985,-17.018,2.157));
#4303 = LINE('',#4304,#4305);
#4304 = CARTESIAN_POINT('',(6.985,-17.018,2.157));
#4305 = VECTOR('',#4306,1.);
#4306 = DIRECTION('',(-4.636329099826E-29,1.044008500317E-13,-1.));
#4307 = ORIENTED_EDGE('',*,*,#3950,.T.);
#4308 = ORIENTED_EDGE('',*,*,#4309,.T.);
#4309 = EDGE_CURVE('',#3943,#4310,#4312,.T.);
#4310 = VERTEX_POINT('',#4311);
#4311 = CARTESIAN_POINT('',(6.985,-16.002,2.157));
#4312 = LINE('',#4313,#4314);
#4313 = CARTESIAN_POINT('',(6.985,-16.002,2.157));
#4314 = VECTOR('',#4315,1.);
#4315 = DIRECTION('',(0.,0.,1.));
#4316 = ORIENTED_EDGE('',*,*,#4317,.F.);
#4317 = EDGE_CURVE('',#4301,#4310,#4318,.T.);
#4318 = LINE('',#4319,#4320);
#4319 = CARTESIAN_POINT('',(6.985,-18.4785,2.157));
#4320 = VECTOR('',#4321,1.);
#4321 = DIRECTION('',(-4.440892098501E-16,1.,0.));
#4322 = PLANE('',#4323);
#4323 = AXIS2_PLACEMENT_3D('',#4324,#4325,#4326);
#4324 = CARTESIAN_POINT('',(6.985,-18.4785,2.157));
#4325 = DIRECTION('',(1.,4.440892098501E-16,0.));
#4326 = DIRECTION('',(-4.440892098501E-16,1.,0.));
#4327 = ADVANCED_FACE('',(#4328),#4353,.T.);
#4328 = FACE_BOUND('',#4329,.T.);
#4329 = EDGE_LOOP('',(#4330,#4338,#4339,#4347));
#4330 = ORIENTED_EDGE('',*,*,#4331,.F.);
#4331 = EDGE_CURVE('',#3855,#4332,#4334,.T.);
#4332 = VERTEX_POINT('',#4333);
#4333 = CARTESIAN_POINT('',(6.985,-1.778,2.157));
#4334 = LINE('',#4335,#4336);
#4335 = CARTESIAN_POINT('',(6.985,-1.778,2.157));
#4336 = VECTOR('',#4337,1.);
#4337 = DIRECTION('',(0.,0.,1.));
#4338 = ORIENTED_EDGE('',*,*,#3854,.T.);
#4339 = ORIENTED_EDGE('',*,*,#4340,.F.);
#4340 = EDGE_CURVE('',#4341,#3847,#4343,.T.);
#4341 = VERTEX_POINT('',#4342);
#4342 = CARTESIAN_POINT('',(6.985,-0.762,2.157));
#4343 = LINE('',#4344,#4345);
#4344 = CARTESIAN_POINT('',(6.985,-0.762,1.0785));
#4345 = VECTOR('',#4346,1.);
#4346 = DIRECTION('',(-4.441784376244E-31,1.000200923086E-15,-1.));
#4347 = ORIENTED_EDGE('',*,*,#4348,.F.);
#4348 = EDGE_CURVE('',#4332,#4341,#4349,.T.);
#4349 = LINE('',#4350,#4351);
#4350 = CARTESIAN_POINT('',(6.985,-18.4785,2.157));
#4351 = VECTOR('',#4352,1.);
#4352 = DIRECTION('',(-4.440892098501E-16,1.,0.));
#4353 = PLANE('',#4354);
#4354 = AXIS2_PLACEMENT_3D('',#4355,#4356,#4357);
#4355 = CARTESIAN_POINT('',(6.985,-18.4785,2.157));
#4356 = DIRECTION('',(1.,4.440892098501E-16,0.));
#4357 = DIRECTION('',(-4.440892098501E-16,1.,0.));
#4358 = ADVANCED_FACE('',(#4359),#4384,.F.);
#4359 = FACE_BOUND('',#4360,.F.);
#4360 = EDGE_LOOP('',(#4361,#4369,#4370,#4378));
#4361 = ORIENTED_EDGE('',*,*,#4362,.F.);
#4362 = EDGE_CURVE('',#3935,#4363,#4365,.T.);
#4363 = VERTEX_POINT('',#4364);
#4364 = CARTESIAN_POINT('',(7.366,-14.478,1.903));
#4365 = LINE('',#4366,#4367);
#4366 = CARTESIAN_POINT('',(3.683,-14.478,1.903));
#4367 = VECTOR('',#4368,1.);
#4368 = DIRECTION('',(1.,3.216245299353E-16,0.));
#4369 = ORIENTED_EDGE('',*,*,#3942,.F.);
#4370 = ORIENTED_EDGE('',*,*,#4371,.F.);
#4371 = EDGE_CURVE('',#4372,#3943,#4374,.T.);
#4372 = VERTEX_POINT('',#4373);
#4373 = CARTESIAN_POINT('',(7.366,-16.002,1.903));
#4374 = LINE('',#4375,#4376);
#4375 = CARTESIAN_POINT('',(7.62,-16.002,1.903));
#4376 = VECTOR('',#4377,1.);
#4377 = DIRECTION('',(-1.,-3.216245299353E-16,0.));
#4378 = ORIENTED_EDGE('',*,*,#4379,.T.);
#4379 = EDGE_CURVE('',#4372,#4363,#4380,.T.);
#4380 = LINE('',#4381,#4382);
#4381 = CARTESIAN_POINT('',(7.366,-16.002,1.903));
#4382 = VECTOR('',#4383,1.);
#4383 = DIRECTION('',(-3.216245299353E-16,1.,0.));
#4384 = PLANE('',#4385);
#4385 = AXIS2_PLACEMENT_3D('',#4386,#4387,#4388);
#4386 = CARTESIAN_POINT('',(0.254,-14.478,1.903));
#4387 = DIRECTION('',(0.,0.,1.));
#4388 = DIRECTION('',(-4.440892098501E-16,1.,0.));
#4389 = ADVANCED_FACE('',(#4390),#4415,.F.);
#4390 = FACE_BOUND('',#4391,.F.);
#4391 = EDGE_LOOP('',(#4392,#4400,#4401,#4409));
#4392 = ORIENTED_EDGE('',*,*,#4393,.F.);
#4393 = EDGE_CURVE('',#3855,#4394,#4396,.T.);
#4394 = VERTEX_POINT('',#4395);
#4395 = CARTESIAN_POINT('',(7.366,-1.778,1.903));
#4396 = LINE('',#4397,#4398);
#4397 = CARTESIAN_POINT('',(3.683,-1.778,1.903));
#4398 = VECTOR('',#4399,1.);
#4399 = DIRECTION('',(1.,3.216245299353E-16,0.));
#4400 = ORIENTED_EDGE('',*,*,#3862,.F.);
#4401 = ORIENTED_EDGE('',*,*,#4402,.F.);
#4402 = EDGE_CURVE('',#4403,#3863,#4405,.T.);
#4403 = VERTEX_POINT('',#4404);
#4404 = CARTESIAN_POINT('',(7.366,-3.302,1.903));
#4405 = LINE('',#4406,#4407);
#4406 = CARTESIAN_POINT('',(7.62,-3.302,1.903));
#4407 = VECTOR('',#4408,1.);
#4408 = DIRECTION('',(-1.,-3.216245299353E-16,0.));
#4409 = ORIENTED_EDGE('',*,*,#4410,.T.);
#4410 = EDGE_CURVE('',#4403,#4394,#4411,.T.);
#4411 = LINE('',#4412,#4413);
#4412 = CARTESIAN_POINT('',(7.366,-3.302,1.903));
#4413 = VECTOR('',#4414,1.);
#4414 = DIRECTION('',(-3.216245299353E-16,1.,0.));
#4415 = PLANE('',#4416);
#4416 = AXIS2_PLACEMENT_3D('',#4417,#4418,#4419);
#4417 = CARTESIAN_POINT('',(0.254,-1.778,1.903));
#4418 = DIRECTION('',(0.,0.,1.));
#4419 = DIRECTION('',(-4.440892098501E-16,1.,0.));
#4420 = ADVANCED_FACE('',(#4421),#4446,.T.);
#4421 = FACE_BOUND('',#4422,.T.);
#4422 = EDGE_LOOP('',(#4423,#4431,#4432,#4440));
#4423 = ORIENTED_EDGE('',*,*,#4424,.F.);
#4424 = EDGE_CURVE('',#3935,#4425,#4427,.T.);
#4425 = VERTEX_POINT('',#4426);
#4426 = CARTESIAN_POINT('',(6.985,-14.478,2.157));
#4427 = LINE('',#4428,#4429);
#4428 = CARTESIAN_POINT('',(6.985,-14.478,2.157));
#4429 = VECTOR('',#4430,1.);
#4430 = DIRECTION('',(0.,0.,1.));
#4431 = ORIENTED_EDGE('',*,*,#3934,.T.);
#4432 = ORIENTED_EDGE('',*,*,#4433,.T.);
#4433 = EDGE_CURVE('',#3927,#4434,#4436,.T.);
#4434 = VERTEX_POINT('',#4435);
#4435 = CARTESIAN_POINT('',(6.985,-13.462,2.157));
#4436 = LINE('',#4437,#4438);
#4437 = CARTESIAN_POINT('',(6.985,-13.462,2.157));
#4438 = VECTOR('',#4439,1.);
#4439 = DIRECTION('',(0.,0.,1.));
#4440 = ORIENTED_EDGE('',*,*,#4441,.F.);
#4441 = EDGE_CURVE('',#4425,#4434,#4442,.T.);
#4442 = LINE('',#4443,#4444);
#4443 = CARTESIAN_POINT('',(6.985,-18.4785,2.157));
#4444 = VECTOR('',#4445,1.);
#4445 = DIRECTION('',(-4.440892098501E-16,1.,0.));
#4446 = PLANE('',#4447);
#4447 = AXIS2_PLACEMENT_3D('',#4448,#4449,#4450);
#4448 = CARTESIAN_POINT('',(6.985,-18.4785,2.157));
#4449 = DIRECTION('',(1.,4.440892098501E-16,0.));
#4450 = DIRECTION('',(-4.440892098501E-16,1.,0.));
#4451 = ADVANCED_FACE('',(#4452),#4477,.T.);
#4452 = FACE_BOUND('',#4453,.T.);
#4453 = EDGE_LOOP('',(#4454,#4462,#4463,#4471));
#4454 = ORIENTED_EDGE('',*,*,#4455,.F.);
#4455 = EDGE_CURVE('',#3871,#4456,#4458,.T.);
#4456 = VERTEX_POINT('',#4457);
#4457 = CARTESIAN_POINT('',(6.985,-4.318,2.157));
#4458 = LINE('',#4459,#4460);
#4459 = CARTESIAN_POINT('',(6.985,-4.318,2.157));
#4460 = VECTOR('',#4461,1.);
#4461 = DIRECTION('',(0.,0.,1.));
#4462 = ORIENTED_EDGE('',*,*,#3870,.T.);
#4463 = ORIENTED_EDGE('',*,*,#4464,.T.);
#4464 = EDGE_CURVE('',#3863,#4465,#4467,.T.);
#4465 = VERTEX_POINT('',#4466);
#4466 = CARTESIAN_POINT('',(6.985,-3.302,2.157));
#4467 = LINE('',#4468,#4469);
#4468 = CARTESIAN_POINT('',(6.985,-3.302,2.157));
#4469 = VECTOR('',#4470,1.);
#4470 = DIRECTION('',(0.,0.,1.));
#4471 = ORIENTED_EDGE('',*,*,#4472,.F.);
#4472 = EDGE_CURVE('',#4456,#4465,#4473,.T.);
#4473 = LINE('',#4474,#4475);
#4474 = CARTESIAN_POINT('',(6.985,-18.4785,2.157));
#4475 = VECTOR('',#4476,1.);
#4476 = DIRECTION('',(-4.440892098501E-16,1.,0.));
#4477 = PLANE('',#4478);
#4478 = AXIS2_PLACEMENT_3D('',#4479,#4480,#4481);
#4479 = CARTESIAN_POINT('',(6.985,-18.4785,2.157));
#4480 = DIRECTION('',(1.,4.440892098501E-16,0.));
#4481 = DIRECTION('',(-4.440892098501E-16,1.,0.));
#4482 = ADVANCED_FACE('',(#4483),#4508,.F.);
#4483 = FACE_BOUND('',#4484,.F.);
#4484 = EDGE_LOOP('',(#4485,#4493,#4494,#4502));
#4485 = ORIENTED_EDGE('',*,*,#4486,.F.);
#4486 = EDGE_CURVE('',#3919,#4487,#4489,.T.);
#4487 = VERTEX_POINT('',#4488);
#4488 = CARTESIAN_POINT('',(7.366,-11.938,1.903));
#4489 = LINE('',#4490,#4491);
#4490 = CARTESIAN_POINT('',(3.683,-11.938,1.903));
#4491 = VECTOR('',#4492,1.);
#4492 = DIRECTION('',(1.,3.216245299353E-16,0.));
#4493 = ORIENTED_EDGE('',*,*,#3926,.F.);
#4494 = ORIENTED_EDGE('',*,*,#4495,.F.);
#4495 = EDGE_CURVE('',#4496,#3927,#4498,.T.);
#4496 = VERTEX_POINT('',#4497);
#4497 = CARTESIAN_POINT('',(7.366,-13.462,1.903));
#4498 = LINE('',#4499,#4500);
#4499 = CARTESIAN_POINT('',(7.62,-13.462,1.903));
#4500 = VECTOR('',#4501,1.);
#4501 = DIRECTION('',(-1.,-3.216245299353E-16,0.));
#4502 = ORIENTED_EDGE('',*,*,#4503,.T.);
#4503 = EDGE_CURVE('',#4496,#4487,#4504,.T.);
#4504 = LINE('',#4505,#4506);
#4505 = CARTESIAN_POINT('',(7.366,-13.462,1.903));
#4506 = VECTOR('',#4507,1.);
#4507 = DIRECTION('',(-3.216245299353E-16,1.,0.));
#4508 = PLANE('',#4509);
#4509 = AXIS2_PLACEMENT_3D('',#4510,#4511,#4512);
#4510 = CARTESIAN_POINT('',(0.254,-11.938,1.903));
#4511 = DIRECTION('',(0.,0.,1.));
#4512 = DIRECTION('',(-4.440892098501E-16,1.,0.));
#4513 = ADVANCED_FACE('',(#4514),#4539,.F.);
#4514 = FACE_BOUND('',#4515,.F.);
#4515 = EDGE_LOOP('',(#4516,#4524,#4525,#4533));
#4516 = ORIENTED_EDGE('',*,*,#4517,.F.);
#4517 = EDGE_CURVE('',#3871,#4518,#4520,.T.);
#4518 = VERTEX_POINT('',#4519);
#4519 = CARTESIAN_POINT('',(7.366,-4.318,1.903));
#4520 = LINE('',#4521,#4522);
#4521 = CARTESIAN_POINT('',(3.683,-4.318,1.903));
#4522 = VECTOR('',#4523,1.);
#4523 = DIRECTION('',(1.,3.216245299353E-16,0.));
#4524 = ORIENTED_EDGE('',*,*,#3878,.F.);
#4525 = ORIENTED_EDGE('',*,*,#4526,.F.);
#4526 = EDGE_CURVE('',#4527,#3879,#4529,.T.);
#4527 = VERTEX_POINT('',#4528);
#4528 = CARTESIAN_POINT('',(7.366,-5.842,1.903));
#4529 = LINE('',#4530,#4531);
#4530 = CARTESIAN_POINT('',(7.62,-5.842,1.903));
#4531 = VECTOR('',#4532,1.);
#4532 = DIRECTION('',(-1.,-3.216245299353E-16,0.));
#4533 = ORIENTED_EDGE('',*,*,#4534,.T.);
#4534 = EDGE_CURVE('',#4527,#4518,#4535,.T.);
#4535 = LINE('',#4536,#4537);
#4536 = CARTESIAN_POINT('',(7.366,-5.842,1.903));
#4537 = VECTOR('',#4538,1.);
#4538 = DIRECTION('',(-3.216245299353E-16,1.,0.));
#4539 = PLANE('',#4540);
#4540 = AXIS2_PLACEMENT_3D('',#4541,#4542,#4543);
#4541 = CARTESIAN_POINT('',(0.254,-4.318,1.903));
#4542 = DIRECTION('',(0.,0.,1.));
#4543 = DIRECTION('',(-4.440892098501E-16,1.,0.));
#4544 = ADVANCED_FACE('',(#4545),#4570,.T.);
#4545 = FACE_BOUND('',#4546,.T.);
#4546 = EDGE_LOOP('',(#4547,#4555,#4556,#4564));
#4547 = ORIENTED_EDGE('',*,*,#4548,.F.);
#4548 = EDGE_CURVE('',#3919,#4549,#4551,.T.);
#4549 = VERTEX_POINT('',#4550);
#4550 = CARTESIAN_POINT('',(6.985,-11.938,2.157));
#4551 = LINE('',#4552,#4553);
#4552 = CARTESIAN_POINT('',(6.985,-11.938,2.157));
#4553 = VECTOR('',#4554,1.);
#4554 = DIRECTION('',(0.,0.,1.));
#4555 = ORIENTED_EDGE('',*,*,#3918,.T.);
#4556 = ORIENTED_EDGE('',*,*,#4557,.T.);
#4557 = EDGE_CURVE('',#3911,#4558,#4560,.T.);
#4558 = VERTEX_POINT('',#4559);
#4559 = CARTESIAN_POINT('',(6.985,-10.922,2.157));
#4560 = LINE('',#4561,#4562);
#4561 = CARTESIAN_POINT('',(6.985,-10.922,2.157));
#4562 = VECTOR('',#4563,1.);
#4563 = DIRECTION('',(0.,0.,1.));
#4564 = ORIENTED_EDGE('',*,*,#4565,.F.);
#4565 = EDGE_CURVE('',#4549,#4558,#4566,.T.);
#4566 = LINE('',#4567,#4568);
#4567 = CARTESIAN_POINT('',(6.985,-18.4785,2.157));
#4568 = VECTOR('',#4569,1.);
#4569 = DIRECTION('',(-4.440892098501E-16,1.,0.));
#4570 = PLANE('',#4571);
#4571 = AXIS2_PLACEMENT_3D('',#4572,#4573,#4574);
#4572 = CARTESIAN_POINT('',(6.985,-18.4785,2.157));
#4573 = DIRECTION('',(1.,4.440892098501E-16,0.));
#4574 = DIRECTION('',(-4.440892098501E-16,1.,0.));
#4575 = ADVANCED_FACE('',(#4576),#4601,.T.);
#4576 = FACE_BOUND('',#4577,.T.);
#4577 = EDGE_LOOP('',(#4578,#4586,#4587,#4595));
#4578 = ORIENTED_EDGE('',*,*,#4579,.F.);
#4579 = EDGE_CURVE('',#3887,#4580,#4582,.T.);
#4580 = VERTEX_POINT('',#4581);
#4581 = CARTESIAN_POINT('',(6.985,-6.858,2.157));
#4582 = LINE('',#4583,#4584);
#4583 = CARTESIAN_POINT('',(6.985,-6.858,2.157));
#4584 = VECTOR('',#4585,1.);
#4585 = DIRECTION('',(0.,0.,1.));
#4586 = ORIENTED_EDGE('',*,*,#3886,.T.);
#4587 = ORIENTED_EDGE('',*,*,#4588,.T.);
#4588 = EDGE_CURVE('',#3879,#4589,#4591,.T.);
#4589 = VERTEX_POINT('',#4590);
#4590 = CARTESIAN_POINT('',(6.985,-5.842,2.157));
#4591 = LINE('',#4592,#4593);
#4592 = CARTESIAN_POINT('',(6.985,-5.842,2.157));
#4593 = VECTOR('',#4594,1.);
#4594 = DIRECTION('',(0.,0.,1.));
#4595 = ORIENTED_EDGE('',*,*,#4596,.F.);
#4596 = EDGE_CURVE('',#4580,#4589,#4597,.T.);
#4597 = LINE('',#4598,#4599);
#4598 = CARTESIAN_POINT('',(6.985,-18.4785,2.157));
#4599 = VECTOR('',#4600,1.);
#4600 = DIRECTION('',(-4.440892098501E-16,1.,0.));
#4601 = PLANE('',#4602);
#4602 = AXIS2_PLACEMENT_3D('',#4603,#4604,#4605);
#4603 = CARTESIAN_POINT('',(6.985,-18.4785,2.157));
#4604 = DIRECTION('',(1.,4.440892098501E-16,0.));
#4605 = DIRECTION('',(-4.440892098501E-16,1.,0.));
#4606 = ADVANCED_FACE('',(#4607),#4632,.F.);
#4607 = FACE_BOUND('',#4608,.F.);
#4608 = EDGE_LOOP('',(#4609,#4617,#4618,#4626));
#4609 = ORIENTED_EDGE('',*,*,#4610,.F.);
#4610 = EDGE_CURVE('',#3903,#4611,#4613,.T.);
#4611 = VERTEX_POINT('',#4612);
#4612 = CARTESIAN_POINT('',(7.366,-9.398,1.903));
#4613 = LINE('',#4614,#4615);
#4614 = CARTESIAN_POINT('',(3.683,-9.398,1.903));
#4615 = VECTOR('',#4616,1.);
#4616 = DIRECTION('',(1.,3.216245299353E-16,0.));
#4617 = ORIENTED_EDGE('',*,*,#3910,.F.);
#4618 = ORIENTED_EDGE('',*,*,#4619,.F.);
#4619 = EDGE_CURVE('',#4620,#3911,#4622,.T.);
#4620 = VERTEX_POINT('',#4621);
#4621 = CARTESIAN_POINT('',(7.366,-10.922,1.903));
#4622 = LINE('',#4623,#4624);
#4623 = CARTESIAN_POINT('',(7.62,-10.922,1.903));
#4624 = VECTOR('',#4625,1.);
#4625 = DIRECTION('',(-1.,-3.216245299353E-16,0.));
#4626 = ORIENTED_EDGE('',*,*,#4627,.T.);
#4627 = EDGE_CURVE('',#4620,#4611,#4628,.T.);
#4628 = LINE('',#4629,#4630);
#4629 = CARTESIAN_POINT('',(7.366,-10.922,1.903));
#4630 = VECTOR('',#4631,1.);
#4631 = DIRECTION('',(-3.216245299353E-16,1.,0.));
#4632 = PLANE('',#4633);
#4633 = AXIS2_PLACEMENT_3D('',#4634,#4635,#4636);
#4634 = CARTESIAN_POINT('',(0.254,-9.398,1.903));
#4635 = DIRECTION('',(0.,0.,1.));
#4636 = DIRECTION('',(-4.440892098501E-16,1.,0.));
#4637 = ADVANCED_FACE('',(#4638),#4663,.F.);
#4638 = FACE_BOUND('',#4639,.F.);
#4639 = EDGE_LOOP('',(#4640,#4648,#4649,#4657));
#4640 = ORIENTED_EDGE('',*,*,#4641,.F.);
#4641 = EDGE_CURVE('',#3887,#4642,#4644,.T.);
#4642 = VERTEX_POINT('',#4643);
#4643 = CARTESIAN_POINT('',(7.366,-6.858,1.903));
#4644 = LINE('',#4645,#4646);
#4645 = CARTESIAN_POINT('',(3.683,-6.858,1.903));
#4646 = VECTOR('',#4647,1.);
#4647 = DIRECTION('',(1.,3.216245299353E-16,0.));
#4648 = ORIENTED_EDGE('',*,*,#3894,.F.);
#4649 = ORIENTED_EDGE('',*,*,#4650,.F.);
#4650 = EDGE_CURVE('',#4651,#3895,#4653,.T.);
#4651 = VERTEX_POINT('',#4652);
#4652 = CARTESIAN_POINT('',(7.366,-8.382,1.903));
#4653 = LINE('',#4654,#4655);
#4654 = CARTESIAN_POINT('',(7.62,-8.382,1.903));
#4655 = VECTOR('',#4656,1.);
#4656 = DIRECTION('',(-1.,-3.216245299353E-16,0.));
#4657 = ORIENTED_EDGE('',*,*,#4658,.T.);
#4658 = EDGE_CURVE('',#4651,#4642,#4659,.T.);
#4659 = LINE('',#4660,#4661);
#4660 = CARTESIAN_POINT('',(7.366,-8.382,1.903));
#4661 = VECTOR('',#4662,1.);
#4662 = DIRECTION('',(-3.216245299353E-16,1.,0.));
#4663 = PLANE('',#4664);
#4664 = AXIS2_PLACEMENT_3D('',#4665,#4666,#4667);
#4665 = CARTESIAN_POINT('',(0.254,-6.858,1.903));
#4666 = DIRECTION('',(0.,0.,1.));
#4667 = DIRECTION('',(-4.440892098501E-16,1.,0.));
#4668 = ADVANCED_FACE('',(#4669),#4694,.T.);
#4669 = FACE_BOUND('',#4670,.T.);
#4670 = EDGE_LOOP('',(#4671,#4679,#4680,#4688));
#4671 = ORIENTED_EDGE('',*,*,#4672,.F.);
#4672 = EDGE_CURVE('',#3903,#4673,#4675,.T.);
#4673 = VERTEX_POINT('',#4674);
#4674 = CARTESIAN_POINT('',(6.985,-9.398,2.157));
#4675 = LINE('',#4676,#4677);
#4676 = CARTESIAN_POINT('',(6.985,-9.398,2.157));
#4677 = VECTOR('',#4678,1.);
#4678 = DIRECTION('',(0.,0.,1.));
#4679 = ORIENTED_EDGE('',*,*,#3902,.T.);
#4680 = ORIENTED_EDGE('',*,*,#4681,.T.);
#4681 = EDGE_CURVE('',#3895,#4682,#4684,.T.);
#4682 = VERTEX_POINT('',#4683);
#4683 = CARTESIAN_POINT('',(6.985,-8.382,2.157));
#4684 = LINE('',#4685,#4686);
#4685 = CARTESIAN_POINT('',(6.985,-8.382,2.157));
#4686 = VECTOR('',#4687,1.);
#4687 = DIRECTION('',(0.,0.,1.));
#4688 = ORIENTED_EDGE('',*,*,#4689,.F.);
#4689 = EDGE_CURVE('',#4673,#4682,#4690,.T.);
#4690 = LINE('',#4691,#4692);
#4691 = CARTESIAN_POINT('',(6.985,-18.4785,2.157));
#4692 = VECTOR('',#4693,1.);
#4693 = DIRECTION('',(-4.440892098501E-16,1.,0.));
#4694 = PLANE('',#4695);
#4695 = AXIS2_PLACEMENT_3D('',#4696,#4697,#4698);
#4696 = CARTESIAN_POINT('',(6.985,-18.4785,2.157));
#4697 = DIRECTION('',(1.,4.440892098501E-16,0.));
#4698 = DIRECTION('',(-4.440892098501E-16,1.,0.));
#4699 = ADVANCED_FACE('',(#4700),#4717,.T.);
#4700 = FACE_BOUND('',#4701,.T.);
#4701 = EDGE_LOOP('',(#4702,#4703,#4710,#4716));
#4702 = ORIENTED_EDGE('',*,*,#3995,.T.);
#4703 = ORIENTED_EDGE('',*,*,#4704,.T.);
#4704 = EDGE_CURVE('',#3989,#4705,#4707,.T.);
#4705 = VERTEX_POINT('',#4706);
#4706 = CARTESIAN_POINT('',(0.635,0.6985,2.157));
#4707 = B_SPLINE_CURVE_WITH_KNOTS('',1,(#4708,#4709),.UNSPECIFIED.,.F.,
  .F.,(2,2),(0.,1.),.PIECEWISE_BEZIER_KNOTS.);
#4708 = CARTESIAN_POINT('',(0.635,0.6985,1.903));
#4709 = CARTESIAN_POINT('',(0.635,0.6985,2.157));
#4710 = ORIENTED_EDGE('',*,*,#4711,.F.);
#4711 = EDGE_CURVE('',#4218,#4705,#4712,.T.);
#4712 = LINE('',#4713,#4714);
#4713 = CARTESIAN_POINT('',(6.985,0.6985,2.157));
#4714 = VECTOR('',#4715,1.);
#4715 = DIRECTION('',(-1.,-4.440892098501E-16,0.));
#4716 = ORIENTED_EDGE('',*,*,#4217,.F.);
#4717 = PLANE('',#4718);
#4718 = AXIS2_PLACEMENT_3D('',#4719,#4720,#4721);
#4719 = CARTESIAN_POINT('',(6.985,0.6985,2.157));
#4720 = DIRECTION('',(-4.440892098501E-16,1.,0.));
#4721 = DIRECTION('',(-1.,-4.440892098501E-16,0.));
#4722 = ADVANCED_FACE('',(#4723),#4741,.T.);
#4723 = FACE_BOUND('',#4724,.T.);
#4724 = EDGE_LOOP('',(#4725,#4726,#4727,#4735));
#4725 = ORIENTED_EDGE('',*,*,#4704,.F.);
#4726 = ORIENTED_EDGE('',*,*,#4146,.T.);
#4727 = ORIENTED_EDGE('',*,*,#4728,.T.);
#4728 = EDGE_CURVE('',#4139,#4729,#4731,.T.);
#4729 = VERTEX_POINT('',#4730);
#4730 = CARTESIAN_POINT('',(0.635,0.2285,2.157));
#4731 = LINE('',#4732,#4733);
#4732 = CARTESIAN_POINT('',(0.635,0.2285,2.157));
#4733 = VECTOR('',#4734,1.);
#4734 = DIRECTION('',(8.282004254289E-30,-1.864941563675E-14,1.));
#4735 = ORIENTED_EDGE('',*,*,#4736,.F.);
#4736 = EDGE_CURVE('',#4705,#4729,#4737,.T.);
#4737 = LINE('',#4738,#4739);
#4738 = CARTESIAN_POINT('',(0.635,0.6985,2.157));
#4739 = VECTOR('',#4740,1.);
#4740 = DIRECTION('',(4.440892098501E-16,-1.,0.));
#4741 = PLANE('',#4742);
#4742 = AXIS2_PLACEMENT_3D('',#4743,#4744,#4745);
#4743 = CARTESIAN_POINT('',(0.635,0.6985,2.157));
#4744 = DIRECTION('',(-1.,-4.440892098501E-16,0.));
#4745 = DIRECTION('',(4.440892098501E-16,-1.,0.));
#4746 = ADVANCED_FACE('',(#4747),#4771,.T.);
#4747 = FACE_BOUND('',#4748,.T.);
#4748 = EDGE_LOOP('',(#4749,#4757,#4758,#4765));
#4749 = ORIENTED_EDGE('',*,*,#4750,.T.);
#4750 = EDGE_CURVE('',#4751,#4019,#4753,.T.);
#4751 = VERTEX_POINT('',#4752);
#4752 = CARTESIAN_POINT('',(0.635,-18.0085,2.157));
#4753 = LINE('',#4754,#4755);
#4754 = CARTESIAN_POINT('',(0.635,-18.0085,1.9665));
#4755 = VECTOR('',#4756,1.);
#4756 = DIRECTION('',(-1.707860803683E-31,3.845760639533E-16,-1.));
#4757 = ORIENTED_EDGE('',*,*,#4018,.T.);
#4758 = ORIENTED_EDGE('',*,*,#4759,.T.);
#4759 = EDGE_CURVE('',#4012,#4760,#4762,.T.);
#4760 = VERTEX_POINT('',#4761);
#4761 = CARTESIAN_POINT('',(0.635,-18.4785,2.157));
#4762 = B_SPLINE_CURVE_WITH_KNOTS('',1,(#4763,#4764),.UNSPECIFIED.,.F.,
  .F.,(2,2),(0.,1.),.PIECEWISE_BEZIER_KNOTS.);
#4763 = CARTESIAN_POINT('',(0.635,-18.4785,1.903));
#4764 = CARTESIAN_POINT('',(0.635,-18.4785,2.157));
#4765 = ORIENTED_EDGE('',*,*,#4766,.F.);
#4766 = EDGE_CURVE('',#4751,#4760,#4767,.T.);
#4767 = LINE('',#4768,#4769);
#4768 = CARTESIAN_POINT('',(0.635,0.6985,2.157));
#4769 = VECTOR('',#4770,1.);
#4770 = DIRECTION('',(4.440892098501E-16,-1.,0.));
#4771 = PLANE('',#4772);
#4772 = AXIS2_PLACEMENT_3D('',#4773,#4774,#4775);
#4773 = CARTESIAN_POINT('',(0.635,0.6985,2.157));
#4774 = DIRECTION('',(-1.,-4.440892098501E-16,0.));
#4775 = DIRECTION('',(4.440892098501E-16,-1.,0.));
#4776 = ADVANCED_FACE('',(#4777),#4802,.F.);
#4777 = FACE_BOUND('',#4778,.F.);
#4778 = EDGE_LOOP('',(#4779,#4787,#4795,#4801));
#4779 = ORIENTED_EDGE('',*,*,#4780,.F.);
#4780 = EDGE_CURVE('',#4781,#4139,#4783,.T.);
#4781 = VERTEX_POINT('',#4782);
#4782 = CARTESIAN_POINT('',(0.254,0.2285,1.903));
#4783 = LINE('',#4784,#4785);
#4784 = CARTESIAN_POINT('',(-0.127,0.2285,1.903));
#4785 = VECTOR('',#4786,1.);
#4786 = DIRECTION('',(1.,4.440892098501E-16,0.));
#4787 = ORIENTED_EDGE('',*,*,#4788,.T.);
#4788 = EDGE_CURVE('',#4781,#4789,#4791,.T.);
#4789 = VERTEX_POINT('',#4790);
#4790 = CARTESIAN_POINT('',(0.254,-0.762,1.903));
#4791 = LINE('',#4792,#4793);
#4792 = CARTESIAN_POINT('',(0.254,0.2285,1.903));
#4793 = VECTOR('',#4794,1.);
#4794 = DIRECTION('',(4.440892098501E-16,-1.,0.));
#4795 = ORIENTED_EDGE('',*,*,#4796,.F.);
#4796 = EDGE_CURVE('',#4131,#4789,#4797,.T.);
#4797 = LINE('',#4798,#4799);
#4798 = CARTESIAN_POINT('',(3.81,-0.762,1.903));
#4799 = VECTOR('',#4800,1.);
#4800 = DIRECTION('',(-1.,-4.440892098501E-16,0.));
#4801 = ORIENTED_EDGE('',*,*,#4138,.F.);
#4802 = PLANE('',#4803);
#4803 = AXIS2_PLACEMENT_3D('',#4804,#4805,#4806);
#4804 = CARTESIAN_POINT('',(0.254,0.2285,1.903));
#4805 = DIRECTION('',(0.,0.,1.));
#4806 = DIRECTION('',(-4.440892098501E-16,1.,0.));
#4807 = ADVANCED_FACE('',(#4808),#4833,.F.);
#4808 = FACE_BOUND('',#4809,.F.);
#4809 = EDGE_LOOP('',(#4810,#4818,#4826,#4832));
#4810 = ORIENTED_EDGE('',*,*,#4811,.F.);
#4811 = EDGE_CURVE('',#4812,#4027,#4814,.T.);
#4812 = VERTEX_POINT('',#4813);
#4813 = CARTESIAN_POINT('',(0.254,-17.018,1.903));
#4814 = LINE('',#4815,#4816);
#4815 = CARTESIAN_POINT('',(-0.127,-17.018,1.903));
#4816 = VECTOR('',#4817,1.);
#4817 = DIRECTION('',(1.,4.440892098501E-16,0.));
#4818 = ORIENTED_EDGE('',*,*,#4819,.F.);
#4819 = EDGE_CURVE('',#4820,#4812,#4822,.T.);
#4820 = VERTEX_POINT('',#4821);
#4821 = CARTESIAN_POINT('',(0.254,-18.0085,1.903));
#4822 = LINE('',#4823,#4824);
#4823 = CARTESIAN_POINT('',(0.254,-18.0085,1.903));
#4824 = VECTOR('',#4825,1.);
#4825 = DIRECTION('',(-4.440892098501E-16,1.,0.));
#4826 = ORIENTED_EDGE('',*,*,#4827,.F.);
#4827 = EDGE_CURVE('',#4019,#4820,#4828,.T.);
#4828 = LINE('',#4829,#4830);
#4829 = CARTESIAN_POINT('',(3.81,-18.0085,1.903));
#4830 = VECTOR('',#4831,1.);
#4831 = DIRECTION('',(-1.,-4.440892098501E-16,0.));
#4832 = ORIENTED_EDGE('',*,*,#4026,.F.);
#4833 = PLANE('',#4834);
#4834 = AXIS2_PLACEMENT_3D('',#4835,#4836,#4837);
#4835 = CARTESIAN_POINT('',(0.254,-17.018,1.903));
#4836 = DIRECTION('',(0.,0.,1.));
#4837 = DIRECTION('',(-4.440892098501E-16,1.,0.));
#4838 = ADVANCED_FACE('',(#4839),#4864,.T.);
#4839 = FACE_BOUND('',#4840,.T.);
#4840 = EDGE_LOOP('',(#4841,#4849,#4850,#4858));
#4841 = ORIENTED_EDGE('',*,*,#4842,.F.);
#4842 = EDGE_CURVE('',#4131,#4843,#4845,.T.);
#4843 = VERTEX_POINT('',#4844);
#4844 = CARTESIAN_POINT('',(0.635,-0.762,2.157));
#4845 = LINE('',#4846,#4847);
#4846 = CARTESIAN_POINT('',(0.635,-0.762,1.0785));
#4847 = VECTOR('',#4848,1.);
#4848 = DIRECTION('',(4.441784376244E-31,-1.000200923086E-15,1.));
#4849 = ORIENTED_EDGE('',*,*,#4130,.T.);
#4850 = ORIENTED_EDGE('',*,*,#4851,.F.);
#4851 = EDGE_CURVE('',#4852,#4123,#4854,.T.);
#4852 = VERTEX_POINT('',#4853);
#4853 = CARTESIAN_POINT('',(0.635,-1.778,2.157));
#4854 = LINE('',#4855,#4856);
#4855 = CARTESIAN_POINT('',(0.635,-1.778,2.157));
#4856 = VECTOR('',#4857,1.);
#4857 = DIRECTION('',(0.,0.,-1.));
#4858 = ORIENTED_EDGE('',*,*,#4859,.F.);
#4859 = EDGE_CURVE('',#4843,#4852,#4860,.T.);
#4860 = LINE('',#4861,#4862);
#4861 = CARTESIAN_POINT('',(0.635,0.6985,2.157));
#4862 = VECTOR('',#4863,1.);
#4863 = DIRECTION('',(4.440892098501E-16,-1.,0.));
#4864 = PLANE('',#4865);
#4865 = AXIS2_PLACEMENT_3D('',#4866,#4867,#4868);
#4866 = CARTESIAN_POINT('',(0.635,0.6985,2.157));
#4867 = DIRECTION('',(-1.,-4.440892098501E-16,0.));
#4868 = DIRECTION('',(4.440892098501E-16,-1.,0.));
#4869 = ADVANCED_FACE('',(#4870),#4895,.T.);
#4870 = FACE_BOUND('',#4871,.T.);
#4871 = EDGE_LOOP('',(#4872,#4880,#4881,#4889));
#4872 = ORIENTED_EDGE('',*,*,#4873,.T.);
#4873 = EDGE_CURVE('',#4874,#4035,#4876,.T.);
#4874 = VERTEX_POINT('',#4875);
#4875 = CARTESIAN_POINT('',(0.635,-16.002,2.157));
#4876 = LINE('',#4877,#4878);
#4877 = CARTESIAN_POINT('',(0.635,-16.002,2.157));
#4878 = VECTOR('',#4879,1.);
#4879 = DIRECTION('',(0.,0.,-1.));
#4880 = ORIENTED_EDGE('',*,*,#4034,.T.);
#4881 = ORIENTED_EDGE('',*,*,#4882,.T.);
#4882 = EDGE_CURVE('',#4027,#4883,#4885,.T.);
#4883 = VERTEX_POINT('',#4884);
#4884 = CARTESIAN_POINT('',(0.635,-17.018,2.157));
#4885 = LINE('',#4886,#4887);
#4886 = CARTESIAN_POINT('',(0.635,-17.018,2.156999999999));
#4887 = VECTOR('',#4888,1.);
#4888 = DIRECTION('',(4.636329099826E-29,-1.044008500317E-13,1.));
#4889 = ORIENTED_EDGE('',*,*,#4890,.F.);
#4890 = EDGE_CURVE('',#4874,#4883,#4891,.T.);
#4891 = LINE('',#4892,#4893);
#4892 = CARTESIAN_POINT('',(0.635,0.6985,2.157));
#4893 = VECTOR('',#4894,1.);
#4894 = DIRECTION('',(4.440892098501E-16,-1.,0.));
#4895 = PLANE('',#4896);
#4896 = AXIS2_PLACEMENT_3D('',#4897,#4898,#4899);
#4897 = CARTESIAN_POINT('',(0.635,0.6985,2.157));
#4898 = DIRECTION('',(-1.,-4.440892098501E-16,0.));
#4899 = DIRECTION('',(4.440892098501E-16,-1.,0.));
#4900 = ADVANCED_FACE('',(#4901),#4926,.F.);
#4901 = FACE_BOUND('',#4902,.F.);
#4902 = EDGE_LOOP('',(#4903,#4911,#4919,#4925));
#4903 = ORIENTED_EDGE('',*,*,#4904,.F.);
#4904 = EDGE_CURVE('',#4905,#4123,#4907,.T.);
#4905 = VERTEX_POINT('',#4906);
#4906 = CARTESIAN_POINT('',(0.254,-1.778,1.903));
#4907 = LINE('',#4908,#4909);
#4908 = CARTESIAN_POINT('',(-3.996802888651E-15,-1.778,1.903));
#4909 = VECTOR('',#4910,1.);
#4910 = DIRECTION('',(1.,4.440892098501E-16,0.));
#4911 = ORIENTED_EDGE('',*,*,#4912,.T.);
#4912 = EDGE_CURVE('',#4905,#4913,#4915,.T.);
#4913 = VERTEX_POINT('',#4914);
#4914 = CARTESIAN_POINT('',(0.254,-3.302,1.903));
#4915 = LINE('',#4916,#4917);
#4916 = CARTESIAN_POINT('',(0.254,-1.778,1.903));
#4917 = VECTOR('',#4918,1.);
#4918 = DIRECTION('',(4.440892098501E-16,-1.,0.));
#4919 = ORIENTED_EDGE('',*,*,#4920,.F.);
#4920 = EDGE_CURVE('',#4115,#4913,#4921,.T.);
#4921 = LINE('',#4922,#4923);
#4922 = CARTESIAN_POINT('',(3.937,-3.302,1.903));
#4923 = VECTOR('',#4924,1.);
#4924 = DIRECTION('',(-1.,-4.440892098501E-16,0.));
#4925 = ORIENTED_EDGE('',*,*,#4122,.F.);
#4926 = PLANE('',#4927);
#4927 = AXIS2_PLACEMENT_3D('',#4928,#4929,#4930);
#4928 = CARTESIAN_POINT('',(0.254,-1.778,1.903));
#4929 = DIRECTION('',(0.,0.,1.));
#4930 = DIRECTION('',(-4.440892098501E-16,1.,0.));
#4931 = ADVANCED_FACE('',(#4932),#4957,.F.);
#4932 = FACE_BOUND('',#4933,.F.);
#4933 = EDGE_LOOP('',(#4934,#4942,#4950,#4956));
#4934 = ORIENTED_EDGE('',*,*,#4935,.F.);
#4935 = EDGE_CURVE('',#4936,#4043,#4938,.T.);
#4936 = VERTEX_POINT('',#4937);
#4937 = CARTESIAN_POINT('',(0.254,-14.478,1.903));
#4938 = LINE('',#4939,#4940);
#4939 = CARTESIAN_POINT('',(1.7763568394E-15,-14.478,1.903));
#4940 = VECTOR('',#4941,1.);
#4941 = DIRECTION('',(1.,4.440892098501E-16,0.));
#4942 = ORIENTED_EDGE('',*,*,#4943,.T.);
#4943 = EDGE_CURVE('',#4936,#4944,#4946,.T.);
#4944 = VERTEX_POINT('',#4945);
#4945 = CARTESIAN_POINT('',(0.254,-16.002,1.903));
#4946 = LINE('',#4947,#4948);
#4947 = CARTESIAN_POINT('',(0.254,-14.478,1.903));
#4948 = VECTOR('',#4949,1.);
#4949 = DIRECTION('',(4.440892098501E-16,-1.,0.));
#4950 = ORIENTED_EDGE('',*,*,#4951,.F.);
#4951 = EDGE_CURVE('',#4035,#4944,#4952,.T.);
#4952 = LINE('',#4953,#4954);
#4953 = CARTESIAN_POINT('',(3.937,-16.002,1.903));
#4954 = VECTOR('',#4955,1.);
#4955 = DIRECTION('',(-1.,-4.440892098501E-16,0.));
#4956 = ORIENTED_EDGE('',*,*,#4042,.F.);
#4957 = PLANE('',#4958);
#4958 = AXIS2_PLACEMENT_3D('',#4959,#4960,#4961);
#4959 = CARTESIAN_POINT('',(0.254,-14.478,1.903));
#4960 = DIRECTION('',(0.,0.,1.));
#4961 = DIRECTION('',(-4.440892098501E-16,1.,0.));
#4962 = ADVANCED_FACE('',(#4963),#4988,.T.);
#4963 = FACE_BOUND('',#4964,.T.);
#4964 = EDGE_LOOP('',(#4965,#4973,#4974,#4982));
#4965 = ORIENTED_EDGE('',*,*,#4966,.T.);
#4966 = EDGE_CURVE('',#4967,#4115,#4969,.T.);
#4967 = VERTEX_POINT('',#4968);
#4968 = CARTESIAN_POINT('',(0.635,-3.302,2.157));
#4969 = LINE('',#4970,#4971);
#4970 = CARTESIAN_POINT('',(0.635,-3.302,2.157));
#4971 = VECTOR('',#4972,1.);
#4972 = DIRECTION('',(0.,0.,-1.));
#4973 = ORIENTED_EDGE('',*,*,#4114,.T.);
#4974 = ORIENTED_EDGE('',*,*,#4975,.F.);
#4975 = EDGE_CURVE('',#4976,#4107,#4978,.T.);
#4976 = VERTEX_POINT('',#4977);
#4977 = CARTESIAN_POINT('',(0.635,-4.318,2.157));
#4978 = LINE('',#4979,#4980);
#4979 = CARTESIAN_POINT('',(0.635,-4.318,2.157));
#4980 = VECTOR('',#4981,1.);
#4981 = DIRECTION('',(0.,0.,-1.));
#4982 = ORIENTED_EDGE('',*,*,#4983,.F.);
#4983 = EDGE_CURVE('',#4967,#4976,#4984,.T.);
#4984 = LINE('',#4985,#4986);
#4985 = CARTESIAN_POINT('',(0.635,0.6985,2.157));
#4986 = VECTOR('',#4987,1.);
#4987 = DIRECTION('',(4.440892098501E-16,-1.,0.));
#4988 = PLANE('',#4989);
#4989 = AXIS2_PLACEMENT_3D('',#4990,#4991,#4992);
#4990 = CARTESIAN_POINT('',(0.635,0.6985,2.157));
#4991 = DIRECTION('',(-1.,-4.440892098501E-16,0.));
#4992 = DIRECTION('',(4.440892098501E-16,-1.,0.));
#4993 = ADVANCED_FACE('',(#4994),#5019,.T.);
#4994 = FACE_BOUND('',#4995,.T.);
#4995 = EDGE_LOOP('',(#4996,#5004,#5005,#5013));
#4996 = ORIENTED_EDGE('',*,*,#4997,.T.);
#4997 = EDGE_CURVE('',#4998,#4051,#5000,.T.);
#4998 = VERTEX_POINT('',#4999);
#4999 = CARTESIAN_POINT('',(0.635,-13.462,2.157));
#5000 = LINE('',#5001,#5002);
#5001 = CARTESIAN_POINT('',(0.635,-13.462,2.157));
#5002 = VECTOR('',#5003,1.);
#5003 = DIRECTION('',(0.,0.,-1.));
#5004 = ORIENTED_EDGE('',*,*,#4050,.T.);
#5005 = ORIENTED_EDGE('',*,*,#5006,.F.);
#5006 = EDGE_CURVE('',#5007,#4043,#5009,.T.);
#5007 = VERTEX_POINT('',#5008);
#5008 = CARTESIAN_POINT('',(0.635,-14.478,2.157));
#5009 = LINE('',#5010,#5011);
#5010 = CARTESIAN_POINT('',(0.635,-14.478,2.157));
#5011 = VECTOR('',#5012,1.);
#5012 = DIRECTION('',(0.,0.,-1.));
#5013 = ORIENTED_EDGE('',*,*,#5014,.F.);
#5014 = EDGE_CURVE('',#4998,#5007,#5015,.T.);
#5015 = LINE('',#5016,#5017);
#5016 = CARTESIAN_POINT('',(0.635,0.6985,2.157));
#5017 = VECTOR('',#5018,1.);
#5018 = DIRECTION('',(4.440892098501E-16,-1.,0.));
#5019 = PLANE('',#5020);
#5020 = AXIS2_PLACEMENT_3D('',#5021,#5022,#5023);
#5021 = CARTESIAN_POINT('',(0.635,0.6985,2.157));
#5022 = DIRECTION('',(-1.,-4.440892098501E-16,0.));
#5023 = DIRECTION('',(4.440892098501E-16,-1.,0.));
#5024 = ADVANCED_FACE('',(#5025),#5050,.F.);
#5025 = FACE_BOUND('',#5026,.F.);
#5026 = EDGE_LOOP('',(#5027,#5035,#5043,#5049));
#5027 = ORIENTED_EDGE('',*,*,#5028,.F.);
#5028 = EDGE_CURVE('',#5029,#4107,#5031,.T.);
#5029 = VERTEX_POINT('',#5030);
#5030 = CARTESIAN_POINT('',(0.254,-4.318,1.903));
#5031 = LINE('',#5032,#5033);
#5032 = CARTESIAN_POINT('',(-2.6645352591E-15,-4.318,1.903));
#5033 = VECTOR('',#5034,1.);
#5034 = DIRECTION('',(1.,4.440892098501E-16,0.));
#5035 = ORIENTED_EDGE('',*,*,#5036,.T.);
#5036 = EDGE_CURVE('',#5029,#5037,#5039,.T.);
#5037 = VERTEX_POINT('',#5038);
#5038 = CARTESIAN_POINT('',(0.254,-5.842,1.903));
#5039 = LINE('',#5040,#5041);
#5040 = CARTESIAN_POINT('',(0.254,-4.318,1.903));
#5041 = VECTOR('',#5042,1.);
#5042 = DIRECTION('',(4.440892098501E-16,-1.,0.));
#5043 = ORIENTED_EDGE('',*,*,#5044,.F.);
#5044 = EDGE_CURVE('',#4099,#5037,#5045,.T.);
#5045 = LINE('',#5046,#5047);
#5046 = CARTESIAN_POINT('',(3.937,-5.842,1.903));
#5047 = VECTOR('',#5048,1.);
#5048 = DIRECTION('',(-1.,-4.440892098501E-16,0.));
#5049 = ORIENTED_EDGE('',*,*,#4106,.F.);
#5050 = PLANE('',#5051);
#5051 = AXIS2_PLACEMENT_3D('',#5052,#5053,#5054);
#5052 = CARTESIAN_POINT('',(0.254,-4.318,1.903));
#5053 = DIRECTION('',(0.,0.,1.));
#5054 = DIRECTION('',(-4.440892098501E-16,1.,0.));
#5055 = ADVANCED_FACE('',(#5056),#5081,.F.);
#5056 = FACE_BOUND('',#5057,.F.);
#5057 = EDGE_LOOP('',(#5058,#5066,#5074,#5080));
#5058 = ORIENTED_EDGE('',*,*,#5059,.F.);
#5059 = EDGE_CURVE('',#5060,#4059,#5062,.T.);
#5060 = VERTEX_POINT('',#5061);
#5061 = CARTESIAN_POINT('',(0.254,-11.938,1.903));
#5062 = LINE('',#5063,#5064);
#5063 = CARTESIAN_POINT('',(4.440892098501E-16,-11.938,1.903));
#5064 = VECTOR('',#5065,1.);
#5065 = DIRECTION('',(1.,4.440892098501E-16,0.));
#5066 = ORIENTED_EDGE('',*,*,#5067,.T.);
#5067 = EDGE_CURVE('',#5060,#5068,#5070,.T.);
#5068 = VERTEX_POINT('',#5069);
#5069 = CARTESIAN_POINT('',(0.254,-13.462,1.903));
#5070 = LINE('',#5071,#5072);
#5071 = CARTESIAN_POINT('',(0.254,-11.938,1.903));
#5072 = VECTOR('',#5073,1.);
#5073 = DIRECTION('',(4.440892098501E-16,-1.,0.));
#5074 = ORIENTED_EDGE('',*,*,#5075,.F.);
#5075 = EDGE_CURVE('',#4051,#5068,#5076,.T.);
#5076 = LINE('',#5077,#5078);
#5077 = CARTESIAN_POINT('',(3.937,-13.462,1.903));
#5078 = VECTOR('',#5079,1.);
#5079 = DIRECTION('',(-1.,-4.440892098501E-16,0.));
#5080 = ORIENTED_EDGE('',*,*,#4058,.F.);
#5081 = PLANE('',#5082);
#5082 = AXIS2_PLACEMENT_3D('',#5083,#5084,#5085);
#5083 = CARTESIAN_POINT('',(0.254,-11.938,1.903));
#5084 = DIRECTION('',(0.,0.,1.));
#5085 = DIRECTION('',(-4.440892098501E-16,1.,0.));
#5086 = ADVANCED_FACE('',(#5087),#5112,.T.);
#5087 = FACE_BOUND('',#5088,.T.);
#5088 = EDGE_LOOP('',(#5089,#5097,#5098,#5106));
#5089 = ORIENTED_EDGE('',*,*,#5090,.T.);
#5090 = EDGE_CURVE('',#5091,#4099,#5093,.T.);
#5091 = VERTEX_POINT('',#5092);
#5092 = CARTESIAN_POINT('',(0.635,-5.842,2.157));
#5093 = LINE('',#5094,#5095);
#5094 = CARTESIAN_POINT('',(0.635,-5.842,2.157));
#5095 = VECTOR('',#5096,1.);
#5096 = DIRECTION('',(0.,0.,-1.));
#5097 = ORIENTED_EDGE('',*,*,#4098,.T.);
#5098 = ORIENTED_EDGE('',*,*,#5099,.F.);
#5099 = EDGE_CURVE('',#5100,#4091,#5102,.T.);
#5100 = VERTEX_POINT('',#5101);
#5101 = CARTESIAN_POINT('',(0.635,-6.858,2.157));
#5102 = LINE('',#5103,#5104);
#5103 = CARTESIAN_POINT('',(0.635,-6.858,2.157));
#5104 = VECTOR('',#5105,1.);
#5105 = DIRECTION('',(0.,0.,-1.));
#5106 = ORIENTED_EDGE('',*,*,#5107,.F.);
#5107 = EDGE_CURVE('',#5091,#5100,#5108,.T.);
#5108 = LINE('',#5109,#5110);
#5109 = CARTESIAN_POINT('',(0.635,0.6985,2.157));
#5110 = VECTOR('',#5111,1.);
#5111 = DIRECTION('',(4.440892098501E-16,-1.,0.));
#5112 = PLANE('',#5113);
#5113 = AXIS2_PLACEMENT_3D('',#5114,#5115,#5116);
#5114 = CARTESIAN_POINT('',(0.635,0.6985,2.157));
#5115 = DIRECTION('',(-1.,-4.440892098501E-16,0.));
#5116 = DIRECTION('',(4.440892098501E-16,-1.,0.));
#5117 = ADVANCED_FACE('',(#5118),#5143,.T.);
#5118 = FACE_BOUND('',#5119,.T.);
#5119 = EDGE_LOOP('',(#5120,#5128,#5129,#5137));
#5120 = ORIENTED_EDGE('',*,*,#5121,.T.);
#5121 = EDGE_CURVE('',#5122,#4067,#5124,.T.);
#5122 = VERTEX_POINT('',#5123);
#5123 = CARTESIAN_POINT('',(0.635,-10.922,2.157));
#5124 = LINE('',#5125,#5126);
#5125 = CARTESIAN_POINT('',(0.635,-10.922,2.157));
#5126 = VECTOR('',#5127,1.);
#5127 = DIRECTION('',(0.,0.,-1.));
#5128 = ORIENTED_EDGE('',*,*,#4066,.T.);
#5129 = ORIENTED_EDGE('',*,*,#5130,.F.);
#5130 = EDGE_CURVE('',#5131,#4059,#5133,.T.);
#5131 = VERTEX_POINT('',#5132);
#5132 = CARTESIAN_POINT('',(0.635,-11.938,2.157));
#5133 = LINE('',#5134,#5135);
#5134 = CARTESIAN_POINT('',(0.635,-11.938,2.157));
#5135 = VECTOR('',#5136,1.);
#5136 = DIRECTION('',(0.,0.,-1.));
#5137 = ORIENTED_EDGE('',*,*,#5138,.F.);
#5138 = EDGE_CURVE('',#5122,#5131,#5139,.T.);
#5139 = LINE('',#5140,#5141);
#5140 = CARTESIAN_POINT('',(0.635,0.6985,2.157));
#5141 = VECTOR('',#5142,1.);
#5142 = DIRECTION('',(4.440892098501E-16,-1.,0.));
#5143 = PLANE('',#5144);
#5144 = AXIS2_PLACEMENT_3D('',#5145,#5146,#5147);
#5145 = CARTESIAN_POINT('',(0.635,0.6985,2.157));
#5146 = DIRECTION('',(-1.,-4.440892098501E-16,0.));
#5147 = DIRECTION('',(4.440892098501E-16,-1.,0.));
#5148 = ADVANCED_FACE('',(#5149),#5174,.F.);
#5149 = FACE_BOUND('',#5150,.F.);
#5150 = EDGE_LOOP('',(#5151,#5159,#5167,#5173));
#5151 = ORIENTED_EDGE('',*,*,#5152,.F.);
#5152 = EDGE_CURVE('',#5153,#4091,#5155,.T.);
#5153 = VERTEX_POINT('',#5154);
#5154 = CARTESIAN_POINT('',(0.254,-6.858,1.903));
#5155 = LINE('',#5156,#5157);
#5156 = CARTESIAN_POINT('',(-1.7763568394E-15,-6.858,1.903));
#5157 = VECTOR('',#5158,1.);
#5158 = DIRECTION('',(1.,4.440892098501E-16,0.));
#5159 = ORIENTED_EDGE('',*,*,#5160,.T.);
#5160 = EDGE_CURVE('',#5153,#5161,#5163,.T.);
#5161 = VERTEX_POINT('',#5162);
#5162 = CARTESIAN_POINT('',(0.254,-8.382,1.903));
#5163 = LINE('',#5164,#5165);
#5164 = CARTESIAN_POINT('',(0.254,-6.858,1.903));
#5165 = VECTOR('',#5166,1.);
#5166 = DIRECTION('',(4.440892098501E-16,-1.,0.));
#5167 = ORIENTED_EDGE('',*,*,#5168,.F.);
#5168 = EDGE_CURVE('',#4083,#5161,#5169,.T.);
#5169 = LINE('',#5170,#5171);
#5170 = CARTESIAN_POINT('',(3.937,-8.382,1.903));
#5171 = VECTOR('',#5172,1.);
#5172 = DIRECTION('',(-1.,-4.440892098501E-16,0.));
#5173 = ORIENTED_EDGE('',*,*,#4090,.F.);
#5174 = PLANE('',#5175);
#5175 = AXIS2_PLACEMENT_3D('',#5176,#5177,#5178);
#5176 = CARTESIAN_POINT('',(0.254,-6.858,1.903));
#5177 = DIRECTION('',(0.,0.,1.));
#5178 = DIRECTION('',(-4.440892098501E-16,1.,0.));
#5179 = ADVANCED_FACE('',(#5180),#5205,.F.);
#5180 = FACE_BOUND('',#5181,.F.);
#5181 = EDGE_LOOP('',(#5182,#5190,#5198,#5204));
#5182 = ORIENTED_EDGE('',*,*,#5183,.F.);
#5183 = EDGE_CURVE('',#5184,#4075,#5186,.T.);
#5184 = VERTEX_POINT('',#5185);
#5185 = CARTESIAN_POINT('',(0.254,-9.398,1.903));
#5186 = LINE('',#5187,#5188);
#5187 = CARTESIAN_POINT('',(-4.440892098501E-16,-9.398,1.903));
#5188 = VECTOR('',#5189,1.);
#5189 = DIRECTION('',(1.,4.440892098501E-16,0.));
#5190 = ORIENTED_EDGE('',*,*,#5191,.T.);
#5191 = EDGE_CURVE('',#5184,#5192,#5194,.T.);
#5192 = VERTEX_POINT('',#5193);
#5193 = CARTESIAN_POINT('',(0.254,-10.922,1.903));
#5194 = LINE('',#5195,#5196);
#5195 = CARTESIAN_POINT('',(0.254,-9.398,1.903));
#5196 = VECTOR('',#5197,1.);
#5197 = DIRECTION('',(4.440892098501E-16,-1.,0.));
#5198 = ORIENTED_EDGE('',*,*,#5199,.F.);
#5199 = EDGE_CURVE('',#4067,#5192,#5200,.T.);
#5200 = LINE('',#5201,#5202);
#5201 = CARTESIAN_POINT('',(3.937,-10.922,1.903));
#5202 = VECTOR('',#5203,1.);
#5203 = DIRECTION('',(-1.,-4.440892098501E-16,0.));
#5204 = ORIENTED_EDGE('',*,*,#4074,.F.);
#5205 = PLANE('',#5206);
#5206 = AXIS2_PLACEMENT_3D('',#5207,#5208,#5209);
#5207 = CARTESIAN_POINT('',(0.254,-9.398,1.903));
#5208 = DIRECTION('',(0.,0.,1.));
#5209 = DIRECTION('',(-4.440892098501E-16,1.,0.));
#5210 = ADVANCED_FACE('',(#5211),#5236,.T.);
#5211 = FACE_BOUND('',#5212,.T.);
#5212 = EDGE_LOOP('',(#5213,#5221,#5222,#5230));
#5213 = ORIENTED_EDGE('',*,*,#5214,.T.);
#5214 = EDGE_CURVE('',#5215,#4083,#5217,.T.);
#5215 = VERTEX_POINT('',#5216);
#5216 = CARTESIAN_POINT('',(0.635,-8.382,2.157));
#5217 = LINE('',#5218,#5219);
#5218 = CARTESIAN_POINT('',(0.635,-8.382,2.157));
#5219 = VECTOR('',#5220,1.);
#5220 = DIRECTION('',(0.,0.,-1.));
#5221 = ORIENTED_EDGE('',*,*,#4082,.T.);
#5222 = ORIENTED_EDGE('',*,*,#5223,.F.);
#5223 = EDGE_CURVE('',#5224,#4075,#5226,.T.);
#5224 = VERTEX_POINT('',#5225);
#5225 = CARTESIAN_POINT('',(0.635,-9.398,2.157));
#5226 = LINE('',#5227,#5228);
#5227 = CARTESIAN_POINT('',(0.635,-9.398,2.157));
#5228 = VECTOR('',#5229,1.);
#5229 = DIRECTION('',(0.,0.,-1.));
#5230 = ORIENTED_EDGE('',*,*,#5231,.F.);
#5231 = EDGE_CURVE('',#5215,#5224,#5232,.T.);
#5232 = LINE('',#5233,#5234);
#5233 = CARTESIAN_POINT('',(0.635,0.6985,2.157));
#5234 = VECTOR('',#5235,1.);
#5235 = DIRECTION('',(4.440892098501E-16,-1.,0.));
#5236 = PLANE('',#5237);
#5237 = AXIS2_PLACEMENT_3D('',#5238,#5239,#5240);
#5238 = CARTESIAN_POINT('',(0.635,0.6985,2.157));
#5239 = DIRECTION('',(-1.,-4.440892098501E-16,0.));
#5240 = DIRECTION('',(4.440892098501E-16,-1.,0.));
#5241 = ADVANCED_FACE('',(#5242),#5253,.T.);
#5242 = FACE_BOUND('',#5243,.T.);
#5243 = EDGE_LOOP('',(#5244,#5245,#5246,#5252));
#5244 = ORIENTED_EDGE('',*,*,#4163,.T.);
#5245 = ORIENTED_EDGE('',*,*,#4178,.T.);
#5246 = ORIENTED_EDGE('',*,*,#5247,.F.);
#5247 = EDGE_CURVE('',#4760,#4179,#5248,.T.);
#5248 = LINE('',#5249,#5250);
#5249 = CARTESIAN_POINT('',(0.635,-18.4785,2.157));
#5250 = VECTOR('',#5251,1.);
#5251 = DIRECTION('',(1.,4.440892098501E-16,0.));
#5252 = ORIENTED_EDGE('',*,*,#4759,.F.);
#5253 = PLANE('',#5254);
#5254 = AXIS2_PLACEMENT_3D('',#5255,#5256,#5257);
#5255 = CARTESIAN_POINT('',(0.635,-18.4785,2.157));
#5256 = DIRECTION('',(4.440892098501E-16,-1.,0.));
#5257 = DIRECTION('',(1.,4.440892098501E-16,0.));
#5258 = ADVANCED_FACE('',(#5259),#5283,.T.);
#5259 = FACE_BOUND('',#5260,.T.);
#5260 = EDGE_LOOP('',(#5261,#5268,#5269,#5277));
#5261 = ORIENTED_EDGE('',*,*,#5262,.F.);
#5262 = EDGE_CURVE('',#4179,#5263,#5265,.T.);
#5263 = VERTEX_POINT('',#5264);
#5264 = CARTESIAN_POINT('',(6.91,-18.4035,2.157));
#5265 = B_SPLINE_CURVE_WITH_KNOTS('',1,(#5266,#5267),.UNSPECIFIED.,.F.,
  .F.,(2,2),(0.,1.),.PIECEWISE_BEZIER_KNOTS.);
#5266 = CARTESIAN_POINT('',(6.985,-18.4785,2.157));
#5267 = CARTESIAN_POINT('',(6.91,-18.4035,2.157));
#5268 = ORIENTED_EDGE('',*,*,#4194,.T.);
#5269 = ORIENTED_EDGE('',*,*,#5270,.T.);
#5270 = EDGE_CURVE('',#4187,#5271,#5273,.T.);
#5271 = VERTEX_POINT('',#5272);
#5272 = CARTESIAN_POINT('',(6.91,-18.0085,2.157));
#5273 = LINE('',#5274,#5275);
#5274 = CARTESIAN_POINT('',(7.747,-18.0085,2.157));
#5275 = VECTOR('',#5276,1.);
#5276 = DIRECTION('',(-1.,-3.216245299353E-16,0.));
#5277 = ORIENTED_EDGE('',*,*,#5278,.F.);
#5278 = EDGE_CURVE('',#5263,#5271,#5279,.T.);
#5279 = LINE('',#5280,#5281);
#5280 = CARTESIAN_POINT('',(6.91,-18.4035,2.157));
#5281 = VECTOR('',#5282,1.);
#5282 = DIRECTION('',(-4.440892098501E-16,1.,0.));
#5283 = B_SPLINE_SURFACE_WITH_KNOTS('',1,1,(
    (#5284,#5285)
    ,(#5286,#5287
    )),.UNSPECIFIED.,.F.,.F.,.F.,(2,2),(2,2),(0.,19.177),(0.,1.),
  .PIECEWISE_BEZIER_KNOTS.);
#5284 = CARTESIAN_POINT('',(6.985,-18.4785,2.157));
#5285 = CARTESIAN_POINT('',(6.91,-18.4035,2.157));
#5286 = CARTESIAN_POINT('',(6.985,0.6985,2.157));
#5287 = CARTESIAN_POINT('',(6.91,0.6235,2.157));
#5288 = ADVANCED_FACE('',(#5289),#5341,.F.);
#5289 = FACE_BOUND('',#5290,.F.);
#5290 = EDGE_LOOP('',(#5291,#5292,#5293,#5301,#5310,#5318,#5326,#5334));
#5291 = ORIENTED_EDGE('',*,*,#4247,.T.);
#5292 = ORIENTED_EDGE('',*,*,#4186,.T.);
#5293 = ORIENTED_EDGE('',*,*,#5294,.F.);
#5294 = EDGE_CURVE('',#5295,#4187,#5297,.T.);
#5295 = VERTEX_POINT('',#5296);
#5296 = CARTESIAN_POINT('',(7.366,-18.0085,2.157));
#5297 = LINE('',#5298,#5299);
#5298 = CARTESIAN_POINT('',(7.747,-18.0085,2.157));
#5299 = VECTOR('',#5300,1.);
#5300 = DIRECTION('',(-1.,-3.216245299353E-16,0.));
#5301 = ORIENTED_EDGE('',*,*,#5302,.T.);
#5302 = EDGE_CURVE('',#5295,#5303,#5305,.T.);
#5303 = VERTEX_POINT('',#5304);
#5304 = CARTESIAN_POINT('',(7.747,-18.0085,1.776));
#5305 = CIRCLE('',#5306,0.381);
#5306 = AXIS2_PLACEMENT_3D('',#5307,#5308,#5309);
#5307 = CARTESIAN_POINT('',(7.366,-18.0085,1.776));
#5308 = DIRECTION('',(-3.216245299353E-16,1.,0.));
#5309 = DIRECTION('',(0.,0.,1.));
#5310 = ORIENTED_EDGE('',*,*,#5311,.T.);
#5311 = EDGE_CURVE('',#5303,#5312,#5314,.T.);
#5312 = VERTEX_POINT('',#5313);
#5313 = CARTESIAN_POINT('',(7.747,-18.0085,-2.843));
#5314 = LINE('',#5315,#5316);
#5315 = CARTESIAN_POINT('',(7.747,-18.0085,2.157));
#5316 = VECTOR('',#5317,1.);
#5317 = DIRECTION('',(-1.142639866939E-31,3.552713678801E-16,-1.));
#5318 = ORIENTED_EDGE('',*,*,#5319,.T.);
#5319 = EDGE_CURVE('',#5312,#5320,#5322,.T.);
#5320 = VERTEX_POINT('',#5321);
#5321 = CARTESIAN_POINT('',(7.493,-18.0085,-2.843));
#5322 = LINE('',#5323,#5324);
#5323 = CARTESIAN_POINT('',(7.747,-18.0085,-2.843));
#5324 = VECTOR('',#5325,1.);
#5325 = DIRECTION('',(-1.,-3.216245299353E-16,0.));
#5326 = ORIENTED_EDGE('',*,*,#5327,.F.);
#5327 = EDGE_CURVE('',#5328,#5320,#5330,.T.);
#5328 = VERTEX_POINT('',#5329);
#5329 = CARTESIAN_POINT('',(7.493,-18.0085,1.776));
#5330 = LINE('',#5331,#5332);
#5331 = CARTESIAN_POINT('',(7.493,-18.0085,2.157));
#5332 = VECTOR('',#5333,1.);
#5333 = DIRECTION('',(-1.142639866939E-31,3.552713678801E-16,-1.));
#5334 = ORIENTED_EDGE('',*,*,#5335,.T.);
#5335 = EDGE_CURVE('',#5328,#4248,#5336,.T.);
#5336 = CIRCLE('',#5337,0.127);
#5337 = AXIS2_PLACEMENT_3D('',#5338,#5339,#5340);
#5338 = CARTESIAN_POINT('',(7.366,-18.0085,1.776));
#5339 = DIRECTION('',(3.216245299353E-16,-1.,0.));
#5340 = DIRECTION('',(0.,0.,-1.));
#5341 = PLANE('',#5342);
#5342 = AXIS2_PLACEMENT_3D('',#5343,#5344,#5345);
#5343 = CARTESIAN_POINT('',(-0.127,-18.0085,1.776));
#5344 = DIRECTION('',(-4.440892098501E-16,1.,3.845760639533E-16));
#5345 = DIRECTION('',(1.707860803683E-31,-3.845760639533E-16,1.));
#5346 = ADVANCED_FACE('',(#5347),#5399,.F.);
#5347 = FACE_BOUND('',#5348,.F.);
#5348 = EDGE_LOOP('',(#5349,#5350,#5351,#5360,#5368,#5376,#5384,#5393));
#5349 = ORIENTED_EDGE('',*,*,#4208,.T.);
#5350 = ORIENTED_EDGE('',*,*,#4269,.T.);
#5351 = ORIENTED_EDGE('',*,*,#5352,.F.);
#5352 = EDGE_CURVE('',#5353,#4270,#5355,.T.);
#5353 = VERTEX_POINT('',#5354);
#5354 = CARTESIAN_POINT('',(7.493,0.2285,1.776));
#5355 = CIRCLE('',#5356,0.127);
#5356 = AXIS2_PLACEMENT_3D('',#5357,#5358,#5359);
#5357 = CARTESIAN_POINT('',(7.366,0.2285,1.776));
#5358 = DIRECTION('',(3.216245299353E-16,-1.,0.));
#5359 = DIRECTION('',(0.,0.,1.));
#5360 = ORIENTED_EDGE('',*,*,#5361,.T.);
#5361 = EDGE_CURVE('',#5353,#5362,#5364,.T.);
#5362 = VERTEX_POINT('',#5363);
#5363 = CARTESIAN_POINT('',(7.493,0.2285,-2.843));
#5364 = LINE('',#5365,#5366);
#5365 = CARTESIAN_POINT('',(7.493,0.2285,2.157));
#5366 = VECTOR('',#5367,1.);
#5367 = DIRECTION('',(1.142639866939E-31,-3.552713678801E-16,-1.));
#5368 = ORIENTED_EDGE('',*,*,#5369,.F.);
#5369 = EDGE_CURVE('',#5370,#5362,#5372,.T.);
#5370 = VERTEX_POINT('',#5371);
#5371 = CARTESIAN_POINT('',(7.747,0.2285,-2.843));
#5372 = LINE('',#5373,#5374);
#5373 = CARTESIAN_POINT('',(7.747,0.2285,-2.843));
#5374 = VECTOR('',#5375,1.);
#5375 = DIRECTION('',(-1.,-3.216245299353E-16,0.));
#5376 = ORIENTED_EDGE('',*,*,#5377,.F.);
#5377 = EDGE_CURVE('',#5378,#5370,#5380,.T.);
#5378 = VERTEX_POINT('',#5379);
#5379 = CARTESIAN_POINT('',(7.747,0.2285,1.776));
#5380 = LINE('',#5381,#5382);
#5381 = CARTESIAN_POINT('',(7.747,0.2285,2.157));
#5382 = VECTOR('',#5383,1.);
#5383 = DIRECTION('',(1.142639866939E-31,-3.552713678801E-16,-1.));
#5384 = ORIENTED_EDGE('',*,*,#5385,.T.);
#5385 = EDGE_CURVE('',#5378,#5386,#5388,.T.);
#5386 = VERTEX_POINT('',#5387);
#5387 = CARTESIAN_POINT('',(7.366,0.2285,2.157));
#5388 = CIRCLE('',#5389,0.381);
#5389 = AXIS2_PLACEMENT_3D('',#5390,#5391,#5392);
#5390 = CARTESIAN_POINT('',(7.366,0.2285,1.776));
#5391 = DIRECTION('',(3.216245299353E-16,-1.,0.));
#5392 = DIRECTION('',(0.,0.,1.));
#5393 = ORIENTED_EDGE('',*,*,#5394,.F.);
#5394 = EDGE_CURVE('',#4209,#5386,#5395,.T.);
#5395 = LINE('',#5396,#5397);
#5396 = CARTESIAN_POINT('',(3.81,0.2285,2.157));
#5397 = VECTOR('',#5398,1.);
#5398 = DIRECTION('',(1.,3.216245299353E-16,0.));
#5399 = PLANE('',#5400);
#5400 = AXIS2_PLACEMENT_3D('',#5401,#5402,#5403);
#5401 = CARTESIAN_POINT('',(0.254,0.2285,2.157));
#5402 = DIRECTION('',(4.440892098501E-16,-1.,-1.864941563675E-14));
#5403 = DIRECTION('',(-8.282004254289E-30,1.864941563675E-14,-1.));
#5404 = ADVANCED_FACE('',(#5405),#5429,.T.);
#5405 = FACE_BOUND('',#5406,.T.);
#5406 = EDGE_LOOP('',(#5407,#5415,#5416,#5423));
#5407 = ORIENTED_EDGE('',*,*,#5408,.T.);
#5408 = EDGE_CURVE('',#5409,#4209,#5411,.T.);
#5409 = VERTEX_POINT('',#5410);
#5410 = CARTESIAN_POINT('',(6.91,0.2285,2.157));
#5411 = LINE('',#5412,#5413);
#5412 = CARTESIAN_POINT('',(3.81,0.2285,2.157));
#5413 = VECTOR('',#5414,1.);
#5414 = DIRECTION('',(1.,3.216245299353E-16,0.));
#5415 = ORIENTED_EDGE('',*,*,#4224,.T.);
#5416 = ORIENTED_EDGE('',*,*,#5417,.T.);
#5417 = EDGE_CURVE('',#4218,#5418,#5420,.T.);
#5418 = VERTEX_POINT('',#5419);
#5419 = CARTESIAN_POINT('',(6.91,0.6235,2.157));
#5420 = B_SPLINE_CURVE_WITH_KNOTS('',1,(#5421,#5422),.UNSPECIFIED.,.F.,
  .F.,(2,2),(0.,1.),.PIECEWISE_BEZIER_KNOTS.);
#5421 = CARTESIAN_POINT('',(6.985,0.6985,2.157));
#5422 = CARTESIAN_POINT('',(6.91,0.6235,2.157));
#5423 = ORIENTED_EDGE('',*,*,#5424,.F.);
#5424 = EDGE_CURVE('',#5409,#5418,#5425,.T.);
#5425 = LINE('',#5426,#5427);
#5426 = CARTESIAN_POINT('',(6.91,-18.4035,2.157));
#5427 = VECTOR('',#5428,1.);
#5428 = DIRECTION('',(-4.440892098501E-16,1.,0.));
#5429 = B_SPLINE_SURFACE_WITH_KNOTS('',1,1,(
    (#5430,#5431)
    ,(#5432,#5433
    )),.UNSPECIFIED.,.F.,.F.,.F.,(2,2),(2,2),(0.,19.177),(0.,1.),
  .PIECEWISE_BEZIER_KNOTS.);
#5430 = CARTESIAN_POINT('',(6.985,-18.4785,2.157));
#5431 = CARTESIAN_POINT('',(6.91,-18.4035,2.157));
#5432 = CARTESIAN_POINT('',(6.985,0.6985,2.157));
#5433 = CARTESIAN_POINT('',(6.91,0.6235,2.157));
#5434 = ADVANCED_FACE('',(#5435),#5487,.F.);
#5435 = FACE_BOUND('',#5436,.F.);
#5436 = EDGE_LOOP('',(#5437,#5438,#5439,#5448,#5456,#5464,#5472,#5481));
#5437 = ORIENTED_EDGE('',*,*,#4300,.T.);
#5438 = ORIENTED_EDGE('',*,*,#4238,.T.);
#5439 = ORIENTED_EDGE('',*,*,#5440,.F.);
#5440 = EDGE_CURVE('',#5441,#4239,#5443,.T.);
#5441 = VERTEX_POINT('',#5442);
#5442 = CARTESIAN_POINT('',(7.493,-17.018,1.776));
#5443 = CIRCLE('',#5444,0.127);
#5444 = AXIS2_PLACEMENT_3D('',#5445,#5446,#5447);
#5445 = CARTESIAN_POINT('',(7.366,-17.018,1.776));
#5446 = DIRECTION('',(3.216245299353E-16,-1.,0.));
#5447 = DIRECTION('',(0.,0.,-1.));
#5448 = ORIENTED_EDGE('',*,*,#5449,.F.);
#5449 = EDGE_CURVE('',#5450,#5441,#5452,.T.);
#5450 = VERTEX_POINT('',#5451);
#5451 = CARTESIAN_POINT('',(7.493,-17.018,0.));
#5452 = LINE('',#5453,#5454);
#5453 = CARTESIAN_POINT('',(7.493,-17.018,0.));
#5454 = VECTOR('',#5455,1.);
#5455 = DIRECTION('',(-2.648678412005E-31,8.23531219008E-16,1.));
#5456 = ORIENTED_EDGE('',*,*,#5457,.F.);
#5457 = EDGE_CURVE('',#5458,#5450,#5460,.T.);
#5458 = VERTEX_POINT('',#5459);
#5459 = CARTESIAN_POINT('',(7.747,-17.018,0.));
#5460 = LINE('',#5461,#5462);
#5461 = CARTESIAN_POINT('',(7.747,-17.018,0.));
#5462 = VECTOR('',#5463,1.);
#5463 = DIRECTION('',(-1.,-3.216245299353E-16,0.));
#5464 = ORIENTED_EDGE('',*,*,#5465,.T.);
#5465 = EDGE_CURVE('',#5458,#5466,#5468,.T.);
#5466 = VERTEX_POINT('',#5467);
#5467 = CARTESIAN_POINT('',(7.747,-17.018,1.776));
#5468 = LINE('',#5469,#5470);
#5469 = CARTESIAN_POINT('',(7.747,-17.018,0.));
#5470 = VECTOR('',#5471,1.);
#5471 = DIRECTION('',(-2.648678412005E-31,8.23531219008E-16,1.));
#5472 = ORIENTED_EDGE('',*,*,#5473,.F.);
#5473 = EDGE_CURVE('',#5474,#5466,#5476,.T.);
#5474 = VERTEX_POINT('',#5475);
#5475 = CARTESIAN_POINT('',(7.366,-17.018,2.157));
#5476 = CIRCLE('',#5477,0.381);
#5477 = AXIS2_PLACEMENT_3D('',#5478,#5479,#5480);
#5478 = CARTESIAN_POINT('',(7.366,-17.018,1.776));
#5479 = DIRECTION('',(-3.216245299353E-16,1.,0.));
#5480 = DIRECTION('',(0.,0.,1.));
#5481 = ORIENTED_EDGE('',*,*,#5482,.F.);
#5482 = EDGE_CURVE('',#4301,#5474,#5483,.T.);
#5483 = LINE('',#5484,#5485);
#5484 = CARTESIAN_POINT('',(3.81,-17.018,2.157));
#5485 = VECTOR('',#5486,1.);
#5486 = DIRECTION('',(1.,3.216245299353E-16,0.));
#5487 = PLANE('',#5488);
#5488 = AXIS2_PLACEMENT_3D('',#5489,#5490,#5491);
#5489 = CARTESIAN_POINT('',(0.254,-17.018,2.157));
#5490 = DIRECTION('',(4.440892098501E-16,-1.,-1.044008500317E-13));
#5491 = DIRECTION('',(-4.636329099826E-29,1.044008500317E-13,-1.));
#5492 = ADVANCED_FACE('',(#5493),#5504,.F.);
#5493 = FACE_BOUND('',#5494,.F.);
#5494 = EDGE_LOOP('',(#5495,#5501,#5502,#5503));
#5495 = ORIENTED_EDGE('',*,*,#5496,.T.);
#5496 = EDGE_CURVE('',#5328,#5441,#5497,.T.);
#5497 = LINE('',#5498,#5499);
#5498 = CARTESIAN_POINT('',(7.493,-18.0085,1.776));
#5499 = VECTOR('',#5500,1.);
#5500 = DIRECTION('',(-3.216245299353E-16,1.,0.));
#5501 = ORIENTED_EDGE('',*,*,#5440,.T.);
#5502 = ORIENTED_EDGE('',*,*,#4255,.F.);
#5503 = ORIENTED_EDGE('',*,*,#5335,.F.);
#5504 = CYLINDRICAL_SURFACE('',#5505,0.127);
#5505 = AXIS2_PLACEMENT_3D('',#5506,#5507,#5508);
#5506 = CARTESIAN_POINT('',(7.366,-18.0085,1.776));
#5507 = DIRECTION('',(-3.216245299353E-16,1.,0.));
#5508 = DIRECTION('',(1.,3.216245299353E-16,0.));
#5509 = ADVANCED_FACE('',(#5510),#5529,.F.);
#5510 = FACE_BOUND('',#5511,.F.);
#5511 = EDGE_LOOP('',(#5512,#5513,#5514,#5523));
#5512 = ORIENTED_EDGE('',*,*,#5352,.T.);
#5513 = ORIENTED_EDGE('',*,*,#4286,.T.);
#5514 = ORIENTED_EDGE('',*,*,#5515,.F.);
#5515 = EDGE_CURVE('',#5516,#4279,#5518,.T.);
#5516 = VERTEX_POINT('',#5517);
#5517 = CARTESIAN_POINT('',(7.493,-0.762,1.776));
#5518 = CIRCLE('',#5519,0.127);
#5519 = AXIS2_PLACEMENT_3D('',#5520,#5521,#5522);
#5520 = CARTESIAN_POINT('',(7.366,-0.762,1.776));
#5521 = DIRECTION('',(3.216245299353E-16,-1.,0.));
#5522 = DIRECTION('',(0.,0.,1.));
#5523 = ORIENTED_EDGE('',*,*,#5524,.F.);
#5524 = EDGE_CURVE('',#5353,#5516,#5525,.T.);
#5525 = LINE('',#5526,#5527);
#5526 = CARTESIAN_POINT('',(7.493,0.2285,1.776));
#5527 = VECTOR('',#5528,1.);
#5528 = DIRECTION('',(3.216245299353E-16,-1.,0.));
#5529 = CYLINDRICAL_SURFACE('',#5530,0.127);
#5530 = AXIS2_PLACEMENT_3D('',#5531,#5532,#5533);
#5531 = CARTESIAN_POINT('',(7.366,0.2285,1.776));
#5532 = DIRECTION('',(3.216245299353E-16,-1.,0.));
#5533 = DIRECTION('',(1.,3.216245299353E-16,0.));
#5534 = ADVANCED_FACE('',(#5535),#5579,.T.);
#5535 = FACE_BOUND('',#5536,.T.);
#5536 = EDGE_LOOP('',(#5537,#5538,#5539,#5540,#5548,#5556,#5564,#5573));
#5537 = ORIENTED_EDGE('',*,*,#4340,.T.);
#5538 = ORIENTED_EDGE('',*,*,#4278,.F.);
#5539 = ORIENTED_EDGE('',*,*,#5515,.F.);
#5540 = ORIENTED_EDGE('',*,*,#5541,.F.);
#5541 = EDGE_CURVE('',#5542,#5516,#5544,.T.);
#5542 = VERTEX_POINT('',#5543);
#5543 = CARTESIAN_POINT('',(7.493,-0.762,0.));
#5544 = LINE('',#5545,#5546);
#5545 = CARTESIAN_POINT('',(7.493,-0.762,0.));
#5546 = VECTOR('',#5547,1.);
#5547 = DIRECTION('',(2.648678412005E-31,-8.23531219008E-16,1.));
#5548 = ORIENTED_EDGE('',*,*,#5549,.F.);
#5549 = EDGE_CURVE('',#5550,#5542,#5552,.T.);
#5550 = VERTEX_POINT('',#5551);
#5551 = CARTESIAN_POINT('',(7.747,-0.762,0.));
#5552 = LINE('',#5553,#5554);
#5553 = CARTESIAN_POINT('',(7.747,-0.762,0.));
#5554 = VECTOR('',#5555,1.);
#5555 = DIRECTION('',(-1.,-3.216245299353E-16,0.));
#5556 = ORIENTED_EDGE('',*,*,#5557,.T.);
#5557 = EDGE_CURVE('',#5550,#5558,#5560,.T.);
#5558 = VERTEX_POINT('',#5559);
#5559 = CARTESIAN_POINT('',(7.747,-0.762,1.776));
#5560 = LINE('',#5561,#5562);
#5561 = CARTESIAN_POINT('',(7.747,-0.762,0.));
#5562 = VECTOR('',#5563,1.);
#5563 = DIRECTION('',(2.648678412005E-31,-8.23531219008E-16,1.));
#5564 = ORIENTED_EDGE('',*,*,#5565,.T.);
#5565 = EDGE_CURVE('',#5558,#5566,#5568,.T.);
#5566 = VERTEX_POINT('',#5567);
#5567 = CARTESIAN_POINT('',(7.366,-0.762,2.157));
#5568 = CIRCLE('',#5569,0.381);
#5569 = AXIS2_PLACEMENT_3D('',#5570,#5571,#5572);
#5570 = CARTESIAN_POINT('',(7.366,-0.762,1.776));
#5571 = DIRECTION('',(3.216245299353E-16,-1.,0.));
#5572 = DIRECTION('',(0.,0.,1.));
#5573 = ORIENTED_EDGE('',*,*,#5574,.T.);
#5574 = EDGE_CURVE('',#5566,#4341,#5575,.T.);
#5575 = LINE('',#5576,#5577);
#5576 = CARTESIAN_POINT('',(7.747,-0.762,2.157));
#5577 = VECTOR('',#5578,1.);
#5578 = DIRECTION('',(-1.,-3.216245299353E-16,0.));
#5579 = PLANE('',#5580);
#5580 = AXIS2_PLACEMENT_3D('',#5581,#5582,#5583);
#5581 = CARTESIAN_POINT('',(-0.127,-0.762,0.));
#5582 = DIRECTION('',(4.440892098501E-16,-1.,-1.000200923086E-15));
#5583 = DIRECTION('',(-4.441784376244E-31,1.000200923086E-15,-1.));
#5584 = ADVANCED_FACE('',(#5585),#5610,.T.);
#5585 = FACE_BOUND('',#5586,.T.);
#5586 = EDGE_LOOP('',(#5587,#5595,#5596,#5604));
#5587 = ORIENTED_EDGE('',*,*,#5588,.T.);
#5588 = EDGE_CURVE('',#5589,#4301,#5591,.T.);
#5589 = VERTEX_POINT('',#5590);
#5590 = CARTESIAN_POINT('',(6.91,-17.018,2.157));
#5591 = LINE('',#5592,#5593);
#5592 = CARTESIAN_POINT('',(3.81,-17.018,2.157));
#5593 = VECTOR('',#5594,1.);
#5594 = DIRECTION('',(1.,3.216245299353E-16,0.));
#5595 = ORIENTED_EDGE('',*,*,#4317,.T.);
#5596 = ORIENTED_EDGE('',*,*,#5597,.T.);
#5597 = EDGE_CURVE('',#4310,#5598,#5600,.T.);
#5598 = VERTEX_POINT('',#5599);
#5599 = CARTESIAN_POINT('',(6.91,-16.002,2.157));
#5600 = LINE('',#5601,#5602);
#5601 = CARTESIAN_POINT('',(7.62,-16.002,2.157));
#5602 = VECTOR('',#5603,1.);
#5603 = DIRECTION('',(-1.,-3.216245299353E-16,0.));
#5604 = ORIENTED_EDGE('',*,*,#5605,.F.);
#5605 = EDGE_CURVE('',#5589,#5598,#5606,.T.);
#5606 = LINE('',#5607,#5608);
#5607 = CARTESIAN_POINT('',(6.91,-18.4035,2.157));
#5608 = VECTOR('',#5609,1.);
#5609 = DIRECTION('',(-4.440892098501E-16,1.,0.));
#5610 = B_SPLINE_SURFACE_WITH_KNOTS('',1,1,(
    (#5611,#5612)
    ,(#5613,#5614
    )),.UNSPECIFIED.,.F.,.F.,.F.,(2,2),(2,2),(0.,19.177),(0.,1.),
  .PIECEWISE_BEZIER_KNOTS.);
#5611 = CARTESIAN_POINT('',(6.985,-18.4785,2.157));
#5612 = CARTESIAN_POINT('',(6.91,-18.4035,2.157));
#5613 = CARTESIAN_POINT('',(6.985,0.6985,2.157));
#5614 = CARTESIAN_POINT('',(6.91,0.6235,2.157));
#5615 = ADVANCED_FACE('',(#5616),#5668,.F.);
#5616 = FACE_BOUND('',#5617,.F.);
#5617 = EDGE_LOOP('',(#5618,#5619,#5620,#5628,#5637,#5645,#5653,#5661));
#5618 = ORIENTED_EDGE('',*,*,#4371,.T.);
#5619 = ORIENTED_EDGE('',*,*,#4309,.T.);
#5620 = ORIENTED_EDGE('',*,*,#5621,.F.);
#5621 = EDGE_CURVE('',#5622,#4310,#5624,.T.);
#5622 = VERTEX_POINT('',#5623);
#5623 = CARTESIAN_POINT('',(7.366,-16.002,2.157));
#5624 = LINE('',#5625,#5626);
#5625 = CARTESIAN_POINT('',(7.62,-16.002,2.157));
#5626 = VECTOR('',#5627,1.);
#5627 = DIRECTION('',(-1.,-3.216245299353E-16,0.));
#5628 = ORIENTED_EDGE('',*,*,#5629,.T.);
#5629 = EDGE_CURVE('',#5622,#5630,#5632,.T.);
#5630 = VERTEX_POINT('',#5631);
#5631 = CARTESIAN_POINT('',(7.747,-16.002,1.776));
#5632 = CIRCLE('',#5633,0.381);
#5633 = AXIS2_PLACEMENT_3D('',#5634,#5635,#5636);
#5634 = CARTESIAN_POINT('',(7.366,-16.002,1.776));
#5635 = DIRECTION('',(-3.216245299353E-16,1.,0.));
#5636 = DIRECTION('',(0.,0.,1.));
#5637 = ORIENTED_EDGE('',*,*,#5638,.T.);
#5638 = EDGE_CURVE('',#5630,#5639,#5641,.T.);
#5639 = VERTEX_POINT('',#5640);
#5640 = CARTESIAN_POINT('',(7.747,-16.002,0.));
#5641 = LINE('',#5642,#5643);
#5642 = CARTESIAN_POINT('',(7.747,-16.002,2.157));
#5643 = VECTOR('',#5644,1.);
#5644 = DIRECTION('',(-1.324339206003E-31,4.11765609504E-16,-1.));
#5645 = ORIENTED_EDGE('',*,*,#5646,.T.);
#5646 = EDGE_CURVE('',#5639,#5647,#5649,.T.);
#5647 = VERTEX_POINT('',#5648);
#5648 = CARTESIAN_POINT('',(7.493,-16.002,0.));
#5649 = LINE('',#5650,#5651);
#5650 = CARTESIAN_POINT('',(7.747,-16.002,0.));
#5651 = VECTOR('',#5652,1.);
#5652 = DIRECTION('',(-1.,-3.216245299353E-16,0.));
#5653 = ORIENTED_EDGE('',*,*,#5654,.F.);
#5654 = EDGE_CURVE('',#5655,#5647,#5657,.T.);
#5655 = VERTEX_POINT('',#5656);
#5656 = CARTESIAN_POINT('',(7.493,-16.002,1.776));
#5657 = LINE('',#5658,#5659);
#5658 = CARTESIAN_POINT('',(7.493,-16.002,2.157));
#5659 = VECTOR('',#5660,1.);
#5660 = DIRECTION('',(-1.324339206003E-31,4.11765609504E-16,-1.));
#5661 = ORIENTED_EDGE('',*,*,#5662,.T.);
#5662 = EDGE_CURVE('',#5655,#4372,#5663,.T.);
#5663 = CIRCLE('',#5664,0.127);
#5664 = AXIS2_PLACEMENT_3D('',#5665,#5666,#5667);
#5665 = CARTESIAN_POINT('',(7.366,-16.002,1.776));
#5666 = DIRECTION('',(3.216245299353E-16,-1.,0.));
#5667 = DIRECTION('',(0.,0.,-1.));
#5668 = PLANE('',#5669);
#5669 = AXIS2_PLACEMENT_3D('',#5670,#5671,#5672);
#5670 = CARTESIAN_POINT('',(0.254,-16.002,2.157));
#5671 = DIRECTION('',(-4.440892098501E-16,1.,0.));
#5672 = DIRECTION('',(0.,0.,1.));
#5673 = ADVANCED_FACE('',(#5674),#5726,.T.);
#5674 = FACE_BOUND('',#5675,.T.);
#5675 = EDGE_LOOP('',(#5676,#5677,#5678,#5686,#5695,#5703,#5711,#5719));
#5676 = ORIENTED_EDGE('',*,*,#4393,.F.);
#5677 = ORIENTED_EDGE('',*,*,#4331,.T.);
#5678 = ORIENTED_EDGE('',*,*,#5679,.T.);
#5679 = EDGE_CURVE('',#4332,#5680,#5682,.T.);
#5680 = VERTEX_POINT('',#5681);
#5681 = CARTESIAN_POINT('',(7.366,-1.778,2.157));
#5682 = LINE('',#5683,#5684);
#5683 = CARTESIAN_POINT('',(3.683,-1.778,2.157));
#5684 = VECTOR('',#5685,1.);
#5685 = DIRECTION('',(1.,3.216245299353E-16,0.));
#5686 = ORIENTED_EDGE('',*,*,#5687,.T.);
#5687 = EDGE_CURVE('',#5680,#5688,#5690,.T.);
#5688 = VERTEX_POINT('',#5689);
#5689 = CARTESIAN_POINT('',(7.747,-1.778,1.776));
#5690 = CIRCLE('',#5691,0.381);
#5691 = AXIS2_PLACEMENT_3D('',#5692,#5693,#5694);
#5692 = CARTESIAN_POINT('',(7.366,-1.778,1.776));
#5693 = DIRECTION('',(-3.216245299353E-16,1.,0.));
#5694 = DIRECTION('',(0.,0.,1.));
#5695 = ORIENTED_EDGE('',*,*,#5696,.F.);
#5696 = EDGE_CURVE('',#5697,#5688,#5699,.T.);
#5697 = VERTEX_POINT('',#5698);
#5698 = CARTESIAN_POINT('',(7.747,-1.778,0.));
#5699 = LINE('',#5700,#5701);
#5700 = CARTESIAN_POINT('',(7.747,-1.778,0.));
#5701 = VECTOR('',#5702,1.);
#5702 = DIRECTION('',(-1.324339206003E-31,4.11765609504E-16,1.));
#5703 = ORIENTED_EDGE('',*,*,#5704,.T.);
#5704 = EDGE_CURVE('',#5697,#5705,#5707,.T.);
#5705 = VERTEX_POINT('',#5706);
#5706 = CARTESIAN_POINT('',(7.493,-1.778,0.));
#5707 = LINE('',#5708,#5709);
#5708 = CARTESIAN_POINT('',(7.747,-1.778,0.));
#5709 = VECTOR('',#5710,1.);
#5710 = DIRECTION('',(-1.,-3.216245299353E-16,0.));
#5711 = ORIENTED_EDGE('',*,*,#5712,.T.);
#5712 = EDGE_CURVE('',#5705,#5713,#5715,.T.);
#5713 = VERTEX_POINT('',#5714);
#5714 = CARTESIAN_POINT('',(7.493,-1.778,1.776));
#5715 = LINE('',#5716,#5717);
#5716 = CARTESIAN_POINT('',(7.493,-1.778,0.));
#5717 = VECTOR('',#5718,1.);
#5718 = DIRECTION('',(-1.324339206003E-31,4.11765609504E-16,1.));
#5719 = ORIENTED_EDGE('',*,*,#5720,.T.);
#5720 = EDGE_CURVE('',#5713,#4394,#5721,.T.);
#5721 = CIRCLE('',#5722,0.127);
#5722 = AXIS2_PLACEMENT_3D('',#5723,#5724,#5725);
#5723 = CARTESIAN_POINT('',(7.366,-1.778,1.776));
#5724 = DIRECTION('',(3.216245299353E-16,-1.,0.));
#5725 = DIRECTION('',(0.,0.,-1.));
#5726 = PLANE('',#5727);
#5727 = AXIS2_PLACEMENT_3D('',#5728,#5729,#5730);
#5728 = CARTESIAN_POINT('',(0.254,-1.778,2.157));
#5729 = DIRECTION('',(-4.440892098501E-16,1.,0.));
#5730 = DIRECTION('',(0.,0.,1.));
#5731 = ADVANCED_FACE('',(#5732),#5757,.T.);
#5732 = FACE_BOUND('',#5733,.T.);
#5733 = EDGE_LOOP('',(#5734,#5742,#5743,#5751));
#5734 = ORIENTED_EDGE('',*,*,#5735,.T.);
#5735 = EDGE_CURVE('',#5736,#4332,#5738,.T.);
#5736 = VERTEX_POINT('',#5737);
#5737 = CARTESIAN_POINT('',(6.91,-1.778,2.157));
#5738 = LINE('',#5739,#5740);
#5739 = CARTESIAN_POINT('',(3.683,-1.778,2.157));
#5740 = VECTOR('',#5741,1.);
#5741 = DIRECTION('',(1.,3.216245299353E-16,0.));
#5742 = ORIENTED_EDGE('',*,*,#4348,.T.);
#5743 = ORIENTED_EDGE('',*,*,#5744,.T.);
#5744 = EDGE_CURVE('',#4341,#5745,#5747,.T.);
#5745 = VERTEX_POINT('',#5746);
#5746 = CARTESIAN_POINT('',(6.91,-0.762,2.157));
#5747 = LINE('',#5748,#5749);
#5748 = CARTESIAN_POINT('',(7.747,-0.762,2.157));
#5749 = VECTOR('',#5750,1.);
#5750 = DIRECTION('',(-1.,-3.216245299353E-16,0.));
#5751 = ORIENTED_EDGE('',*,*,#5752,.F.);
#5752 = EDGE_CURVE('',#5736,#5745,#5753,.T.);
#5753 = LINE('',#5754,#5755);
#5754 = CARTESIAN_POINT('',(6.91,-18.4035,2.157));
#5755 = VECTOR('',#5756,1.);
#5756 = DIRECTION('',(-4.440892098501E-16,1.,0.));
#5757 = B_SPLINE_SURFACE_WITH_KNOTS('',1,1,(
    (#5758,#5759)
    ,(#5760,#5761
    )),.UNSPECIFIED.,.F.,.F.,.F.,(2,2),(2,2),(0.,19.177),(0.,1.),
  .PIECEWISE_BEZIER_KNOTS.);
#5758 = CARTESIAN_POINT('',(6.985,-18.4785,2.157));
#5759 = CARTESIAN_POINT('',(6.91,-18.4035,2.157));
#5760 = CARTESIAN_POINT('',(6.985,0.6985,2.157));
#5761 = CARTESIAN_POINT('',(6.91,0.6235,2.157));
#5762 = ADVANCED_FACE('',(#5763),#5815,.T.);
#5763 = FACE_BOUND('',#5764,.T.);
#5764 = EDGE_LOOP('',(#5765,#5766,#5767,#5775,#5784,#5792,#5800,#5808));
#5765 = ORIENTED_EDGE('',*,*,#4362,.F.);
#5766 = ORIENTED_EDGE('',*,*,#4424,.T.);
#5767 = ORIENTED_EDGE('',*,*,#5768,.T.);
#5768 = EDGE_CURVE('',#4425,#5769,#5771,.T.);
#5769 = VERTEX_POINT('',#5770);
#5770 = CARTESIAN_POINT('',(7.366,-14.478,2.157));
#5771 = LINE('',#5772,#5773);
#5772 = CARTESIAN_POINT('',(3.683,-14.478,2.157));
#5773 = VECTOR('',#5774,1.);
#5774 = DIRECTION('',(1.,3.216245299353E-16,0.));
#5775 = ORIENTED_EDGE('',*,*,#5776,.T.);
#5776 = EDGE_CURVE('',#5769,#5777,#5779,.T.);
#5777 = VERTEX_POINT('',#5778);
#5778 = CARTESIAN_POINT('',(7.747,-14.478,1.776));
#5779 = CIRCLE('',#5780,0.381);
#5780 = AXIS2_PLACEMENT_3D('',#5781,#5782,#5783);
#5781 = CARTESIAN_POINT('',(7.366,-14.478,1.776));
#5782 = DIRECTION('',(-3.216245299353E-16,1.,0.));
#5783 = DIRECTION('',(0.,0.,1.));
#5784 = ORIENTED_EDGE('',*,*,#5785,.F.);
#5785 = EDGE_CURVE('',#5786,#5777,#5788,.T.);
#5786 = VERTEX_POINT('',#5787);
#5787 = CARTESIAN_POINT('',(7.747,-14.478,0.));
#5788 = LINE('',#5789,#5790);
#5789 = CARTESIAN_POINT('',(7.747,-14.478,0.));
#5790 = VECTOR('',#5791,1.);
#5791 = DIRECTION('',(-1.324339206003E-31,4.11765609504E-16,1.));
#5792 = ORIENTED_EDGE('',*,*,#5793,.T.);
#5793 = EDGE_CURVE('',#5786,#5794,#5796,.T.);
#5794 = VERTEX_POINT('',#5795);
#5795 = CARTESIAN_POINT('',(7.493,-14.478,0.));
#5796 = LINE('',#5797,#5798);
#5797 = CARTESIAN_POINT('',(7.747,-14.478,0.));
#5798 = VECTOR('',#5799,1.);
#5799 = DIRECTION('',(-1.,-3.216245299353E-16,0.));
#5800 = ORIENTED_EDGE('',*,*,#5801,.T.);
#5801 = EDGE_CURVE('',#5794,#5802,#5804,.T.);
#5802 = VERTEX_POINT('',#5803);
#5803 = CARTESIAN_POINT('',(7.493,-14.478,1.776));
#5804 = LINE('',#5805,#5806);
#5805 = CARTESIAN_POINT('',(7.493,-14.478,0.));
#5806 = VECTOR('',#5807,1.);
#5807 = DIRECTION('',(-1.324339206003E-31,4.11765609504E-16,1.));
#5808 = ORIENTED_EDGE('',*,*,#5809,.T.);
#5809 = EDGE_CURVE('',#5802,#4363,#5810,.T.);
#5810 = CIRCLE('',#5811,0.127);
#5811 = AXIS2_PLACEMENT_3D('',#5812,#5813,#5814);
#5812 = CARTESIAN_POINT('',(7.366,-14.478,1.776));
#5813 = DIRECTION('',(3.216245299353E-16,-1.,0.));
#5814 = DIRECTION('',(0.,0.,-1.));
#5815 = PLANE('',#5816);
#5816 = AXIS2_PLACEMENT_3D('',#5817,#5818,#5819);
#5817 = CARTESIAN_POINT('',(0.254,-14.478,2.157));
#5818 = DIRECTION('',(-4.440892098501E-16,1.,0.));
#5819 = DIRECTION('',(0.,0.,1.));
#5820 = ADVANCED_FACE('',(#5821),#5832,.F.);
#5821 = FACE_BOUND('',#5822,.F.);
#5822 = EDGE_LOOP('',(#5823,#5829,#5830,#5831));
#5823 = ORIENTED_EDGE('',*,*,#5824,.T.);
#5824 = EDGE_CURVE('',#5655,#5802,#5825,.T.);
#5825 = LINE('',#5826,#5827);
#5826 = CARTESIAN_POINT('',(7.493,-16.002,1.776));
#5827 = VECTOR('',#5828,1.);
#5828 = DIRECTION('',(-3.216245299353E-16,1.,0.));
#5829 = ORIENTED_EDGE('',*,*,#5809,.T.);
#5830 = ORIENTED_EDGE('',*,*,#4379,.F.);
#5831 = ORIENTED_EDGE('',*,*,#5662,.F.);
#5832 = CYLINDRICAL_SURFACE('',#5833,0.127);
#5833 = AXIS2_PLACEMENT_3D('',#5834,#5835,#5836);
#5834 = CARTESIAN_POINT('',(7.366,-16.002,1.776));
#5835 = DIRECTION('',(-3.216245299353E-16,1.,0.));
#5836 = DIRECTION('',(1.,3.216245299353E-16,0.));
#5837 = ADVANCED_FACE('',(#5838),#5857,.F.);
#5838 = FACE_BOUND('',#5839,.F.);
#5839 = EDGE_LOOP('',(#5840,#5848,#5849,#5850));
#5840 = ORIENTED_EDGE('',*,*,#5841,.T.);
#5841 = EDGE_CURVE('',#5842,#5713,#5844,.T.);
#5842 = VERTEX_POINT('',#5843);
#5843 = CARTESIAN_POINT('',(7.493,-3.302,1.776));
#5844 = LINE('',#5845,#5846);
#5845 = CARTESIAN_POINT('',(7.493,-3.302,1.776));
#5846 = VECTOR('',#5847,1.);
#5847 = DIRECTION('',(-3.216245299353E-16,1.,0.));
#5848 = ORIENTED_EDGE('',*,*,#5720,.T.);
#5849 = ORIENTED_EDGE('',*,*,#4410,.F.);
#5850 = ORIENTED_EDGE('',*,*,#5851,.F.);
#5851 = EDGE_CURVE('',#5842,#4403,#5852,.T.);
#5852 = CIRCLE('',#5853,0.127);
#5853 = AXIS2_PLACEMENT_3D('',#5854,#5855,#5856);
#5854 = CARTESIAN_POINT('',(7.366,-3.302,1.776));
#5855 = DIRECTION('',(3.216245299353E-16,-1.,0.));
#5856 = DIRECTION('',(0.,0.,-1.));
#5857 = CYLINDRICAL_SURFACE('',#5858,0.127);
#5858 = AXIS2_PLACEMENT_3D('',#5859,#5860,#5861);
#5859 = CARTESIAN_POINT('',(7.366,-3.302,1.776));
#5860 = DIRECTION('',(-3.216245299353E-16,1.,0.));
#5861 = DIRECTION('',(1.,3.216245299353E-16,0.));
#5862 = ADVANCED_FACE('',(#5863),#5907,.F.);
#5863 = FACE_BOUND('',#5864,.F.);
#5864 = EDGE_LOOP('',(#5865,#5866,#5867,#5875,#5884,#5892,#5900,#5906));
#5865 = ORIENTED_EDGE('',*,*,#4402,.T.);
#5866 = ORIENTED_EDGE('',*,*,#4464,.T.);
#5867 = ORIENTED_EDGE('',*,*,#5868,.F.);
#5868 = EDGE_CURVE('',#5869,#4465,#5871,.T.);
#5869 = VERTEX_POINT('',#5870);
#5870 = CARTESIAN_POINT('',(7.366,-3.302,2.157));
#5871 = LINE('',#5872,#5873);
#5872 = CARTESIAN_POINT('',(7.62,-3.302,2.157));
#5873 = VECTOR('',#5874,1.);
#5874 = DIRECTION('',(-1.,-3.216245299353E-16,0.));
#5875 = ORIENTED_EDGE('',*,*,#5876,.T.);
#5876 = EDGE_CURVE('',#5869,#5877,#5879,.T.);
#5877 = VERTEX_POINT('',#5878);
#5878 = CARTESIAN_POINT('',(7.747,-3.302,1.776));
#5879 = CIRCLE('',#5880,0.381);
#5880 = AXIS2_PLACEMENT_3D('',#5881,#5882,#5883);
#5881 = CARTESIAN_POINT('',(7.366,-3.302,1.776));
#5882 = DIRECTION('',(-3.216245299353E-16,1.,0.));
#5883 = DIRECTION('',(0.,0.,1.));
#5884 = ORIENTED_EDGE('',*,*,#5885,.T.);
#5885 = EDGE_CURVE('',#5877,#5886,#5888,.T.);
#5886 = VERTEX_POINT('',#5887);
#5887 = CARTESIAN_POINT('',(7.747,-3.302,0.));
#5888 = LINE('',#5889,#5890);
#5889 = CARTESIAN_POINT('',(7.747,-3.302,2.157));
#5890 = VECTOR('',#5891,1.);
#5891 = DIRECTION('',(-1.324339206003E-31,4.11765609504E-16,-1.));
#5892 = ORIENTED_EDGE('',*,*,#5893,.T.);
#5893 = EDGE_CURVE('',#5886,#5894,#5896,.T.);
#5894 = VERTEX_POINT('',#5895);
#5895 = CARTESIAN_POINT('',(7.493,-3.302,0.));
#5896 = LINE('',#5897,#5898);
#5897 = CARTESIAN_POINT('',(7.747,-3.302,0.));
#5898 = VECTOR('',#5899,1.);
#5899 = DIRECTION('',(-1.,-3.216245299353E-16,0.));
#5900 = ORIENTED_EDGE('',*,*,#5901,.F.);
#5901 = EDGE_CURVE('',#5842,#5894,#5902,.T.);
#5902 = LINE('',#5903,#5904);
#5903 = CARTESIAN_POINT('',(7.493,-3.302,2.157));
#5904 = VECTOR('',#5905,1.);
#5905 = DIRECTION('',(-1.324339206003E-31,4.11765609504E-16,-1.));
#5906 = ORIENTED_EDGE('',*,*,#5851,.T.);
#5907 = PLANE('',#5908);
#5908 = AXIS2_PLACEMENT_3D('',#5909,#5910,#5911);
#5909 = CARTESIAN_POINT('',(0.254,-3.302,2.157));
#5910 = DIRECTION('',(-4.440892098501E-16,1.,0.));
#5911 = DIRECTION('',(0.,0.,1.));
#5912 = ADVANCED_FACE('',(#5913),#5938,.T.);
#5913 = FACE_BOUND('',#5914,.T.);
#5914 = EDGE_LOOP('',(#5915,#5923,#5924,#5932));
#5915 = ORIENTED_EDGE('',*,*,#5916,.T.);
#5916 = EDGE_CURVE('',#5917,#4425,#5919,.T.);
#5917 = VERTEX_POINT('',#5918);
#5918 = CARTESIAN_POINT('',(6.91,-14.478,2.157));
#5919 = LINE('',#5920,#5921);
#5920 = CARTESIAN_POINT('',(3.683,-14.478,2.157));
#5921 = VECTOR('',#5922,1.);
#5922 = DIRECTION('',(1.,3.216245299353E-16,0.));
#5923 = ORIENTED_EDGE('',*,*,#4441,.T.);
#5924 = ORIENTED_EDGE('',*,*,#5925,.T.);
#5925 = EDGE_CURVE('',#4434,#5926,#5928,.T.);
#5926 = VERTEX_POINT('',#5927);
#5927 = CARTESIAN_POINT('',(6.91,-13.462,2.157));
#5928 = LINE('',#5929,#5930);
#5929 = CARTESIAN_POINT('',(7.62,-13.462,2.157));
#5930 = VECTOR('',#5931,1.);
#5931 = DIRECTION('',(-1.,-3.216245299353E-16,0.));
#5932 = ORIENTED_EDGE('',*,*,#5933,.F.);
#5933 = EDGE_CURVE('',#5917,#5926,#5934,.T.);
#5934 = LINE('',#5935,#5936);
#5935 = CARTESIAN_POINT('',(6.91,-18.4035,2.157));
#5936 = VECTOR('',#5937,1.);
#5937 = DIRECTION('',(-4.440892098501E-16,1.,0.));
#5938 = B_SPLINE_SURFACE_WITH_KNOTS('',1,1,(
    (#5939,#5940)
    ,(#5941,#5942
    )),.UNSPECIFIED.,.F.,.F.,.F.,(2,2),(2,2),(0.,19.177),(0.,1.),
  .PIECEWISE_BEZIER_KNOTS.);
#5939 = CARTESIAN_POINT('',(6.985,-18.4785,2.157));
#5940 = CARTESIAN_POINT('',(6.91,-18.4035,2.157));
#5941 = CARTESIAN_POINT('',(6.985,0.6985,2.157));
#5942 = CARTESIAN_POINT('',(6.91,0.6235,2.157));
#5943 = ADVANCED_FACE('',(#5944),#5996,.F.);
#5944 = FACE_BOUND('',#5945,.F.);
#5945 = EDGE_LOOP('',(#5946,#5947,#5948,#5956,#5965,#5973,#5981,#5989));
#5946 = ORIENTED_EDGE('',*,*,#4495,.T.);
#5947 = ORIENTED_EDGE('',*,*,#4433,.T.);
#5948 = ORIENTED_EDGE('',*,*,#5949,.F.);
#5949 = EDGE_CURVE('',#5950,#4434,#5952,.T.);
#5950 = VERTEX_POINT('',#5951);
#5951 = CARTESIAN_POINT('',(7.366,-13.462,2.157));
#5952 = LINE('',#5953,#5954);
#5953 = CARTESIAN_POINT('',(7.62,-13.462,2.157));
#5954 = VECTOR('',#5955,1.);
#5955 = DIRECTION('',(-1.,-3.216245299353E-16,0.));
#5956 = ORIENTED_EDGE('',*,*,#5957,.T.);
#5957 = EDGE_CURVE('',#5950,#5958,#5960,.T.);
#5958 = VERTEX_POINT('',#5959);
#5959 = CARTESIAN_POINT('',(7.747,-13.462,1.776));
#5960 = CIRCLE('',#5961,0.381);
#5961 = AXIS2_PLACEMENT_3D('',#5962,#5963,#5964);
#5962 = CARTESIAN_POINT('',(7.366,-13.462,1.776));
#5963 = DIRECTION('',(-3.216245299353E-16,1.,0.));
#5964 = DIRECTION('',(0.,0.,1.));
#5965 = ORIENTED_EDGE('',*,*,#5966,.T.);
#5966 = EDGE_CURVE('',#5958,#5967,#5969,.T.);
#5967 = VERTEX_POINT('',#5968);
#5968 = CARTESIAN_POINT('',(7.747,-13.462,0.));
#5969 = LINE('',#5970,#5971);
#5970 = CARTESIAN_POINT('',(7.747,-13.462,2.157));
#5971 = VECTOR('',#5972,1.);
#5972 = DIRECTION('',(-1.324339206003E-31,4.11765609504E-16,-1.));
#5973 = ORIENTED_EDGE('',*,*,#5974,.T.);
#5974 = EDGE_CURVE('',#5967,#5975,#5977,.T.);
#5975 = VERTEX_POINT('',#5976);
#5976 = CARTESIAN_POINT('',(7.493,-13.462,0.));
#5977 = LINE('',#5978,#5979);
#5978 = CARTESIAN_POINT('',(7.747,-13.462,0.));
#5979 = VECTOR('',#5980,1.);
#5980 = DIRECTION('',(-1.,-3.216245299353E-16,0.));
#5981 = ORIENTED_EDGE('',*,*,#5982,.F.);
#5982 = EDGE_CURVE('',#5983,#5975,#5985,.T.);
#5983 = VERTEX_POINT('',#5984);
#5984 = CARTESIAN_POINT('',(7.493,-13.462,1.776));
#5985 = LINE('',#5986,#5987);
#5986 = CARTESIAN_POINT('',(7.493,-13.462,2.157));
#5987 = VECTOR('',#5988,1.);
#5988 = DIRECTION('',(-1.324339206003E-31,4.11765609504E-16,-1.));
#5989 = ORIENTED_EDGE('',*,*,#5990,.T.);
#5990 = EDGE_CURVE('',#5983,#4496,#5991,.T.);
#5991 = CIRCLE('',#5992,0.127);
#5992 = AXIS2_PLACEMENT_3D('',#5993,#5994,#5995);
#5993 = CARTESIAN_POINT('',(7.366,-13.462,1.776));
#5994 = DIRECTION('',(3.216245299353E-16,-1.,0.));
#5995 = DIRECTION('',(0.,0.,-1.));
#5996 = PLANE('',#5997);
#5997 = AXIS2_PLACEMENT_3D('',#5998,#5999,#6000);
#5998 = CARTESIAN_POINT('',(0.254,-13.462,2.157));
#5999 = DIRECTION('',(-4.440892098501E-16,1.,0.));
#6000 = DIRECTION('',(0.,0.,1.));
#6001 = ADVANCED_FACE('',(#6002),#6054,.T.);
#6002 = FACE_BOUND('',#6003,.T.);
#6003 = EDGE_LOOP('',(#6004,#6005,#6006,#6014,#6023,#6031,#6039,#6047));
#6004 = ORIENTED_EDGE('',*,*,#4517,.F.);
#6005 = ORIENTED_EDGE('',*,*,#4455,.T.);
#6006 = ORIENTED_EDGE('',*,*,#6007,.T.);
#6007 = EDGE_CURVE('',#4456,#6008,#6010,.T.);
#6008 = VERTEX_POINT('',#6009);
#6009 = CARTESIAN_POINT('',(7.366,-4.318,2.157));
#6010 = LINE('',#6011,#6012);
#6011 = CARTESIAN_POINT('',(3.683,-4.318,2.157));
#6012 = VECTOR('',#6013,1.);
#6013 = DIRECTION('',(1.,3.216245299353E-16,0.));
#6014 = ORIENTED_EDGE('',*,*,#6015,.T.);
#6015 = EDGE_CURVE('',#6008,#6016,#6018,.T.);
#6016 = VERTEX_POINT('',#6017);
#6017 = CARTESIAN_POINT('',(7.747,-4.318,1.776));
#6018 = CIRCLE('',#6019,0.381);
#6019 = AXIS2_PLACEMENT_3D('',#6020,#6021,#6022);
#6020 = CARTESIAN_POINT('',(7.366,-4.318,1.776));
#6021 = DIRECTION('',(-3.216245299353E-16,1.,0.));
#6022 = DIRECTION('',(0.,0.,1.));
#6023 = ORIENTED_EDGE('',*,*,#6024,.F.);
#6024 = EDGE_CURVE('',#6025,#6016,#6027,.T.);
#6025 = VERTEX_POINT('',#6026);
#6026 = CARTESIAN_POINT('',(7.747,-4.318,0.));
#6027 = LINE('',#6028,#6029);
#6028 = CARTESIAN_POINT('',(7.747,-4.318,0.));
#6029 = VECTOR('',#6030,1.);
#6030 = DIRECTION('',(-1.324339206003E-31,4.11765609504E-16,1.));
#6031 = ORIENTED_EDGE('',*,*,#6032,.T.);
#6032 = EDGE_CURVE('',#6025,#6033,#6035,.T.);
#6033 = VERTEX_POINT('',#6034);
#6034 = CARTESIAN_POINT('',(7.493,-4.318,0.));
#6035 = LINE('',#6036,#6037);
#6036 = CARTESIAN_POINT('',(7.747,-4.318,0.));
#6037 = VECTOR('',#6038,1.);
#6038 = DIRECTION('',(-1.,-3.216245299353E-16,0.));
#6039 = ORIENTED_EDGE('',*,*,#6040,.T.);
#6040 = EDGE_CURVE('',#6033,#6041,#6043,.T.);
#6041 = VERTEX_POINT('',#6042);
#6042 = CARTESIAN_POINT('',(7.493,-4.318,1.776));
#6043 = LINE('',#6044,#6045);
#6044 = CARTESIAN_POINT('',(7.493,-4.318,0.));
#6045 = VECTOR('',#6046,1.);
#6046 = DIRECTION('',(-1.324339206003E-31,4.11765609504E-16,1.));
#6047 = ORIENTED_EDGE('',*,*,#6048,.T.);
#6048 = EDGE_CURVE('',#6041,#4518,#6049,.T.);
#6049 = CIRCLE('',#6050,0.127);
#6050 = AXIS2_PLACEMENT_3D('',#6051,#6052,#6053);
#6051 = CARTESIAN_POINT('',(7.366,-4.318,1.776));
#6052 = DIRECTION('',(3.216245299353E-16,-1.,0.));
#6053 = DIRECTION('',(0.,0.,-1.));
#6054 = PLANE('',#6055);
#6055 = AXIS2_PLACEMENT_3D('',#6056,#6057,#6058);
#6056 = CARTESIAN_POINT('',(0.254,-4.318,2.157));
#6057 = DIRECTION('',(-4.440892098501E-16,1.,0.));
#6058 = DIRECTION('',(0.,0.,1.));
#6059 = ADVANCED_FACE('',(#6060),#6085,.T.);
#6060 = FACE_BOUND('',#6061,.T.);
#6061 = EDGE_LOOP('',(#6062,#6070,#6071,#6079));
#6062 = ORIENTED_EDGE('',*,*,#6063,.T.);
#6063 = EDGE_CURVE('',#6064,#4456,#6066,.T.);
#6064 = VERTEX_POINT('',#6065);
#6065 = CARTESIAN_POINT('',(6.91,-4.318,2.157));
#6066 = LINE('',#6067,#6068);
#6067 = CARTESIAN_POINT('',(3.683,-4.318,2.157));
#6068 = VECTOR('',#6069,1.);
#6069 = DIRECTION('',(1.,3.216245299353E-16,0.));
#6070 = ORIENTED_EDGE('',*,*,#4472,.T.);
#6071 = ORIENTED_EDGE('',*,*,#6072,.T.);
#6072 = EDGE_CURVE('',#4465,#6073,#6075,.T.);
#6073 = VERTEX_POINT('',#6074);
#6074 = CARTESIAN_POINT('',(6.91,-3.302,2.157));
#6075 = LINE('',#6076,#6077);
#6076 = CARTESIAN_POINT('',(7.62,-3.302,2.157));
#6077 = VECTOR('',#6078,1.);
#6078 = DIRECTION('',(-1.,-3.216245299353E-16,0.));
#6079 = ORIENTED_EDGE('',*,*,#6080,.F.);
#6080 = EDGE_CURVE('',#6064,#6073,#6081,.T.);
#6081 = LINE('',#6082,#6083);
#6082 = CARTESIAN_POINT('',(6.91,-18.4035,2.157));
#6083 = VECTOR('',#6084,1.);
#6084 = DIRECTION('',(-4.440892098501E-16,1.,0.));
#6085 = B_SPLINE_SURFACE_WITH_KNOTS('',1,1,(
    (#6086,#6087)
    ,(#6088,#6089
    )),.UNSPECIFIED.,.F.,.F.,.F.,(2,2),(2,2),(0.,19.177),(0.,1.),
  .PIECEWISE_BEZIER_KNOTS.);
#6086 = CARTESIAN_POINT('',(6.985,-18.4785,2.157));
#6087 = CARTESIAN_POINT('',(6.91,-18.4035,2.157));
#6088 = CARTESIAN_POINT('',(6.985,0.6985,2.157));
#6089 = CARTESIAN_POINT('',(6.91,0.6235,2.157));
#6090 = ADVANCED_FACE('',(#6091),#6143,.T.);
#6091 = FACE_BOUND('',#6092,.T.);
#6092 = EDGE_LOOP('',(#6093,#6094,#6095,#6103,#6112,#6120,#6128,#6136));
#6093 = ORIENTED_EDGE('',*,*,#4486,.F.);
#6094 = ORIENTED_EDGE('',*,*,#4548,.T.);
#6095 = ORIENTED_EDGE('',*,*,#6096,.T.);
#6096 = EDGE_CURVE('',#4549,#6097,#6099,.T.);
#6097 = VERTEX_POINT('',#6098);
#6098 = CARTESIAN_POINT('',(7.366,-11.938,2.157));
#6099 = LINE('',#6100,#6101);
#6100 = CARTESIAN_POINT('',(3.683,-11.938,2.157));
#6101 = VECTOR('',#6102,1.);
#6102 = DIRECTION('',(1.,3.216245299353E-16,0.));
#6103 = ORIENTED_EDGE('',*,*,#6104,.T.);
#6104 = EDGE_CURVE('',#6097,#6105,#6107,.T.);
#6105 = VERTEX_POINT('',#6106);
#6106 = CARTESIAN_POINT('',(7.747,-11.938,1.776));
#6107 = CIRCLE('',#6108,0.381);
#6108 = AXIS2_PLACEMENT_3D('',#6109,#6110,#6111);
#6109 = CARTESIAN_POINT('',(7.366,-11.938,1.776));
#6110 = DIRECTION('',(-3.216245299353E-16,1.,0.));
#6111 = DIRECTION('',(0.,0.,1.));
#6112 = ORIENTED_EDGE('',*,*,#6113,.F.);
#6113 = EDGE_CURVE('',#6114,#6105,#6116,.T.);
#6114 = VERTEX_POINT('',#6115);
#6115 = CARTESIAN_POINT('',(7.747,-11.938,0.));
#6116 = LINE('',#6117,#6118);
#6117 = CARTESIAN_POINT('',(7.747,-11.938,0.));
#6118 = VECTOR('',#6119,1.);
#6119 = DIRECTION('',(-1.324339206003E-31,4.11765609504E-16,1.));
#6120 = ORIENTED_EDGE('',*,*,#6121,.T.);
#6121 = EDGE_CURVE('',#6114,#6122,#6124,.T.);
#6122 = VERTEX_POINT('',#6123);
#6123 = CARTESIAN_POINT('',(7.493,-11.938,0.));
#6124 = LINE('',#6125,#6126);
#6125 = CARTESIAN_POINT('',(7.747,-11.938,0.));
#6126 = VECTOR('',#6127,1.);
#6127 = DIRECTION('',(-1.,-3.216245299353E-16,0.));
#6128 = ORIENTED_EDGE('',*,*,#6129,.T.);
#6129 = EDGE_CURVE('',#6122,#6130,#6132,.T.);
#6130 = VERTEX_POINT('',#6131);
#6131 = CARTESIAN_POINT('',(7.493,-11.938,1.776));
#6132 = LINE('',#6133,#6134);
#6133 = CARTESIAN_POINT('',(7.493,-11.938,0.));
#6134 = VECTOR('',#6135,1.);
#6135 = DIRECTION('',(-1.324339206003E-31,4.11765609504E-16,1.));
#6136 = ORIENTED_EDGE('',*,*,#6137,.T.);
#6137 = EDGE_CURVE('',#6130,#4487,#6138,.T.);
#6138 = CIRCLE('',#6139,0.127);
#6139 = AXIS2_PLACEMENT_3D('',#6140,#6141,#6142);
#6140 = CARTESIAN_POINT('',(7.366,-11.938,1.776));
#6141 = DIRECTION('',(3.216245299353E-16,-1.,0.));
#6142 = DIRECTION('',(0.,0.,-1.));
#6143 = PLANE('',#6144);
#6144 = AXIS2_PLACEMENT_3D('',#6145,#6146,#6147);
#6145 = CARTESIAN_POINT('',(0.254,-11.938,2.157));
#6146 = DIRECTION('',(-4.440892098501E-16,1.,0.));
#6147 = DIRECTION('',(0.,0.,1.));
#6148 = ADVANCED_FACE('',(#6149),#6160,.F.);
#6149 = FACE_BOUND('',#6150,.F.);
#6150 = EDGE_LOOP('',(#6151,#6157,#6158,#6159));
#6151 = ORIENTED_EDGE('',*,*,#6152,.T.);
#6152 = EDGE_CURVE('',#5983,#6130,#6153,.T.);
#6153 = LINE('',#6154,#6155);
#6154 = CARTESIAN_POINT('',(7.493,-13.462,1.776));
#6155 = VECTOR('',#6156,1.);
#6156 = DIRECTION('',(-3.216245299353E-16,1.,0.));
#6157 = ORIENTED_EDGE('',*,*,#6137,.T.);
#6158 = ORIENTED_EDGE('',*,*,#4503,.F.);
#6159 = ORIENTED_EDGE('',*,*,#5990,.F.);
#6160 = CYLINDRICAL_SURFACE('',#6161,0.127);
#6161 = AXIS2_PLACEMENT_3D('',#6162,#6163,#6164);
#6162 = CARTESIAN_POINT('',(7.366,-13.462,1.776));
#6163 = DIRECTION('',(-3.216245299353E-16,1.,0.));
#6164 = DIRECTION('',(1.,3.216245299353E-16,0.));
#6165 = ADVANCED_FACE('',(#6166),#6185,.F.);
#6166 = FACE_BOUND('',#6167,.F.);
#6167 = EDGE_LOOP('',(#6168,#6176,#6177,#6178));
#6168 = ORIENTED_EDGE('',*,*,#6169,.T.);
#6169 = EDGE_CURVE('',#6170,#6041,#6172,.T.);
#6170 = VERTEX_POINT('',#6171);
#6171 = CARTESIAN_POINT('',(7.493,-5.842,1.776));
#6172 = LINE('',#6173,#6174);
#6173 = CARTESIAN_POINT('',(7.493,-5.842,1.776));
#6174 = VECTOR('',#6175,1.);
#6175 = DIRECTION('',(-3.216245299353E-16,1.,0.));
#6176 = ORIENTED_EDGE('',*,*,#6048,.T.);
#6177 = ORIENTED_EDGE('',*,*,#4534,.F.);
#6178 = ORIENTED_EDGE('',*,*,#6179,.F.);
#6179 = EDGE_CURVE('',#6170,#4527,#6180,.T.);
#6180 = CIRCLE('',#6181,0.127);
#6181 = AXIS2_PLACEMENT_3D('',#6182,#6183,#6184);
#6182 = CARTESIAN_POINT('',(7.366,-5.842,1.776));
#6183 = DIRECTION('',(3.216245299353E-16,-1.,0.));
#6184 = DIRECTION('',(0.,0.,-1.));
#6185 = CYLINDRICAL_SURFACE('',#6186,0.127);
#6186 = AXIS2_PLACEMENT_3D('',#6187,#6188,#6189);
#6187 = CARTESIAN_POINT('',(7.366,-5.842,1.776));
#6188 = DIRECTION('',(-3.216245299353E-16,1.,0.));
#6189 = DIRECTION('',(1.,3.216245299353E-16,0.));
#6190 = ADVANCED_FACE('',(#6191),#6235,.F.);
#6191 = FACE_BOUND('',#6192,.F.);
#6192 = EDGE_LOOP('',(#6193,#6194,#6195,#6203,#6212,#6220,#6228,#6234));
#6193 = ORIENTED_EDGE('',*,*,#4526,.T.);
#6194 = ORIENTED_EDGE('',*,*,#4588,.T.);
#6195 = ORIENTED_EDGE('',*,*,#6196,.F.);
#6196 = EDGE_CURVE('',#6197,#4589,#6199,.T.);
#6197 = VERTEX_POINT('',#6198);
#6198 = CARTESIAN_POINT('',(7.366,-5.842,2.157));
#6199 = LINE('',#6200,#6201);
#6200 = CARTESIAN_POINT('',(7.62,-5.842,2.157));
#6201 = VECTOR('',#6202,1.);
#6202 = DIRECTION('',(-1.,-3.216245299353E-16,0.));
#6203 = ORIENTED_EDGE('',*,*,#6204,.T.);
#6204 = EDGE_CURVE('',#6197,#6205,#6207,.T.);
#6205 = VERTEX_POINT('',#6206);
#6206 = CARTESIAN_POINT('',(7.747,-5.842,1.776));
#6207 = CIRCLE('',#6208,0.381);
#6208 = AXIS2_PLACEMENT_3D('',#6209,#6210,#6211);
#6209 = CARTESIAN_POINT('',(7.366,-5.842,1.776));
#6210 = DIRECTION('',(-3.216245299353E-16,1.,0.));
#6211 = DIRECTION('',(0.,0.,1.));
#6212 = ORIENTED_EDGE('',*,*,#6213,.T.);
#6213 = EDGE_CURVE('',#6205,#6214,#6216,.T.);
#6214 = VERTEX_POINT('',#6215);
#6215 = CARTESIAN_POINT('',(7.747,-5.842,0.));
#6216 = LINE('',#6217,#6218);
#6217 = CARTESIAN_POINT('',(7.747,-5.842,2.157));
#6218 = VECTOR('',#6219,1.);
#6219 = DIRECTION('',(-1.324339206003E-31,4.11765609504E-16,-1.));
#6220 = ORIENTED_EDGE('',*,*,#6221,.T.);
#6221 = EDGE_CURVE('',#6214,#6222,#6224,.T.);
#6222 = VERTEX_POINT('',#6223);
#6223 = CARTESIAN_POINT('',(7.493,-5.842,0.));
#6224 = LINE('',#6225,#6226);
#6225 = CARTESIAN_POINT('',(7.747,-5.842,0.));
#6226 = VECTOR('',#6227,1.);
#6227 = DIRECTION('',(-1.,-3.216245299353E-16,0.));
#6228 = ORIENTED_EDGE('',*,*,#6229,.F.);
#6229 = EDGE_CURVE('',#6170,#6222,#6230,.T.);
#6230 = LINE('',#6231,#6232);
#6231 = CARTESIAN_POINT('',(7.493,-5.842,2.157));
#6232 = VECTOR('',#6233,1.);
#6233 = DIRECTION('',(-1.324339206003E-31,4.11765609504E-16,-1.));
#6234 = ORIENTED_EDGE('',*,*,#6179,.T.);
#6235 = PLANE('',#6236);
#6236 = AXIS2_PLACEMENT_3D('',#6237,#6238,#6239);
#6237 = CARTESIAN_POINT('',(0.254,-5.842,2.157));
#6238 = DIRECTION('',(-4.440892098501E-16,1.,0.));
#6239 = DIRECTION('',(0.,0.,1.));
#6240 = ADVANCED_FACE('',(#6241),#6266,.T.);
#6241 = FACE_BOUND('',#6242,.T.);
#6242 = EDGE_LOOP('',(#6243,#6251,#6252,#6260));
#6243 = ORIENTED_EDGE('',*,*,#6244,.T.);
#6244 = EDGE_CURVE('',#6245,#4549,#6247,.T.);
#6245 = VERTEX_POINT('',#6246);
#6246 = CARTESIAN_POINT('',(6.91,-11.938,2.157));
#6247 = LINE('',#6248,#6249);
#6248 = CARTESIAN_POINT('',(3.683,-11.938,2.157));
#6249 = VECTOR('',#6250,1.);
#6250 = DIRECTION('',(1.,3.216245299353E-16,0.));
#6251 = ORIENTED_EDGE('',*,*,#4565,.T.);
#6252 = ORIENTED_EDGE('',*,*,#6253,.T.);
#6253 = EDGE_CURVE('',#4558,#6254,#6256,.T.);
#6254 = VERTEX_POINT('',#6255);
#6255 = CARTESIAN_POINT('',(6.91,-10.922,2.157));
#6256 = LINE('',#6257,#6258);
#6257 = CARTESIAN_POINT('',(7.62,-10.922,2.157));
#6258 = VECTOR('',#6259,1.);
#6259 = DIRECTION('',(-1.,-3.216245299353E-16,0.));
#6260 = ORIENTED_EDGE('',*,*,#6261,.F.);
#6261 = EDGE_CURVE('',#6245,#6254,#6262,.T.);
#6262 = LINE('',#6263,#6264);
#6263 = CARTESIAN_POINT('',(6.91,-18.4035,2.157));
#6264 = VECTOR('',#6265,1.);
#6265 = DIRECTION('',(-4.440892098501E-16,1.,0.));
#6266 = B_SPLINE_SURFACE_WITH_KNOTS('',1,1,(
    (#6267,#6268)
    ,(#6269,#6270
    )),.UNSPECIFIED.,.F.,.F.,.F.,(2,2),(2,2),(0.,19.177),(0.,1.),
  .PIECEWISE_BEZIER_KNOTS.);
#6267 = CARTESIAN_POINT('',(6.985,-18.4785,2.157));
#6268 = CARTESIAN_POINT('',(6.91,-18.4035,2.157));
#6269 = CARTESIAN_POINT('',(6.985,0.6985,2.157));
#6270 = CARTESIAN_POINT('',(6.91,0.6235,2.157));
#6271 = ADVANCED_FACE('',(#6272),#6324,.F.);
#6272 = FACE_BOUND('',#6273,.F.);
#6273 = EDGE_LOOP('',(#6274,#6275,#6276,#6284,#6293,#6301,#6309,#6317));
#6274 = ORIENTED_EDGE('',*,*,#4619,.T.);
#6275 = ORIENTED_EDGE('',*,*,#4557,.T.);
#6276 = ORIENTED_EDGE('',*,*,#6277,.F.);
#6277 = EDGE_CURVE('',#6278,#4558,#6280,.T.);
#6278 = VERTEX_POINT('',#6279);
#6279 = CARTESIAN_POINT('',(7.366,-10.922,2.157));
#6280 = LINE('',#6281,#6282);
#6281 = CARTESIAN_POINT('',(7.62,-10.922,2.157));
#6282 = VECTOR('',#6283,1.);
#6283 = DIRECTION('',(-1.,-3.216245299353E-16,0.));
#6284 = ORIENTED_EDGE('',*,*,#6285,.T.);
#6285 = EDGE_CURVE('',#6278,#6286,#6288,.T.);
#6286 = VERTEX_POINT('',#6287);
#6287 = CARTESIAN_POINT('',(7.747,-10.922,1.776));
#6288 = CIRCLE('',#6289,0.381);
#6289 = AXIS2_PLACEMENT_3D('',#6290,#6291,#6292);
#6290 = CARTESIAN_POINT('',(7.366,-10.922,1.776));
#6291 = DIRECTION('',(-3.216245299353E-16,1.,0.));
#6292 = DIRECTION('',(0.,0.,1.));
#6293 = ORIENTED_EDGE('',*,*,#6294,.T.);
#6294 = EDGE_CURVE('',#6286,#6295,#6297,.T.);
#6295 = VERTEX_POINT('',#6296);
#6296 = CARTESIAN_POINT('',(7.747,-10.922,0.));
#6297 = LINE('',#6298,#6299);
#6298 = CARTESIAN_POINT('',(7.747,-10.922,2.157));
#6299 = VECTOR('',#6300,1.);
#6300 = DIRECTION('',(-1.324339206003E-31,4.11765609504E-16,-1.));
#6301 = ORIENTED_EDGE('',*,*,#6302,.T.);
#6302 = EDGE_CURVE('',#6295,#6303,#6305,.T.);
#6303 = VERTEX_POINT('',#6304);
#6304 = CARTESIAN_POINT('',(7.493,-10.922,0.));
#6305 = LINE('',#6306,#6307);
#6306 = CARTESIAN_POINT('',(7.747,-10.922,0.));
#6307 = VECTOR('',#6308,1.);
#6308 = DIRECTION('',(-1.,-3.216245299353E-16,0.));
#6309 = ORIENTED_EDGE('',*,*,#6310,.F.);
#6310 = EDGE_CURVE('',#6311,#6303,#6313,.T.);
#6311 = VERTEX_POINT('',#6312);
#6312 = CARTESIAN_POINT('',(7.493,-10.922,1.776));
#6313 = LINE('',#6314,#6315);
#6314 = CARTESIAN_POINT('',(7.493,-10.922,2.157));
#6315 = VECTOR('',#6316,1.);
#6316 = DIRECTION('',(-1.324339206003E-31,4.11765609504E-16,-1.));
#6317 = ORIENTED_EDGE('',*,*,#6318,.T.);
#6318 = EDGE_CURVE('',#6311,#4620,#6319,.T.);
#6319 = CIRCLE('',#6320,0.127);
#6320 = AXIS2_PLACEMENT_3D('',#6321,#6322,#6323);
#6321 = CARTESIAN_POINT('',(7.366,-10.922,1.776));
#6322 = DIRECTION('',(3.216245299353E-16,-1.,0.));
#6323 = DIRECTION('',(0.,0.,-1.));
#6324 = PLANE('',#6325);
#6325 = AXIS2_PLACEMENT_3D('',#6326,#6327,#6328);
#6326 = CARTESIAN_POINT('',(0.254,-10.922,2.157));
#6327 = DIRECTION('',(-4.440892098501E-16,1.,0.));
#6328 = DIRECTION('',(0.,0.,1.));
#6329 = ADVANCED_FACE('',(#6330),#6382,.T.);
#6330 = FACE_BOUND('',#6331,.T.);
#6331 = EDGE_LOOP('',(#6332,#6333,#6334,#6342,#6351,#6359,#6367,#6375));
#6332 = ORIENTED_EDGE('',*,*,#4641,.F.);
#6333 = ORIENTED_EDGE('',*,*,#4579,.T.);
#6334 = ORIENTED_EDGE('',*,*,#6335,.T.);
#6335 = EDGE_CURVE('',#4580,#6336,#6338,.T.);
#6336 = VERTEX_POINT('',#6337);
#6337 = CARTESIAN_POINT('',(7.366,-6.858,2.157));
#6338 = LINE('',#6339,#6340);
#6339 = CARTESIAN_POINT('',(3.683,-6.858,2.157));
#6340 = VECTOR('',#6341,1.);
#6341 = DIRECTION('',(1.,3.216245299353E-16,0.));
#6342 = ORIENTED_EDGE('',*,*,#6343,.T.);
#6343 = EDGE_CURVE('',#6336,#6344,#6346,.T.);
#6344 = VERTEX_POINT('',#6345);
#6345 = CARTESIAN_POINT('',(7.747,-6.858,1.776));
#6346 = CIRCLE('',#6347,0.381);
#6347 = AXIS2_PLACEMENT_3D('',#6348,#6349,#6350);
#6348 = CARTESIAN_POINT('',(7.366,-6.858,1.776));
#6349 = DIRECTION('',(-3.216245299353E-16,1.,0.));
#6350 = DIRECTION('',(0.,0.,1.));
#6351 = ORIENTED_EDGE('',*,*,#6352,.F.);
#6352 = EDGE_CURVE('',#6353,#6344,#6355,.T.);
#6353 = VERTEX_POINT('',#6354);
#6354 = CARTESIAN_POINT('',(7.747,-6.858,0.));
#6355 = LINE('',#6356,#6357);
#6356 = CARTESIAN_POINT('',(7.747,-6.858,0.));
#6357 = VECTOR('',#6358,1.);
#6358 = DIRECTION('',(-1.324339206003E-31,4.11765609504E-16,1.));
#6359 = ORIENTED_EDGE('',*,*,#6360,.T.);
#6360 = EDGE_CURVE('',#6353,#6361,#6363,.T.);
#6361 = VERTEX_POINT('',#6362);
#6362 = CARTESIAN_POINT('',(7.493,-6.858,0.));
#6363 = LINE('',#6364,#6365);
#6364 = CARTESIAN_POINT('',(7.747,-6.858,0.));
#6365 = VECTOR('',#6366,1.);
#6366 = DIRECTION('',(-1.,-3.216245299353E-16,0.));
#6367 = ORIENTED_EDGE('',*,*,#6368,.T.);
#6368 = EDGE_CURVE('',#6361,#6369,#6371,.T.);
#6369 = VERTEX_POINT('',#6370);
#6370 = CARTESIAN_POINT('',(7.493,-6.858,1.776));
#6371 = LINE('',#6372,#6373);
#6372 = CARTESIAN_POINT('',(7.493,-6.858,0.));
#6373 = VECTOR('',#6374,1.);
#6374 = DIRECTION('',(-1.324339206003E-31,4.11765609504E-16,1.));
#6375 = ORIENTED_EDGE('',*,*,#6376,.T.);
#6376 = EDGE_CURVE('',#6369,#4642,#6377,.T.);
#6377 = CIRCLE('',#6378,0.127);
#6378 = AXIS2_PLACEMENT_3D('',#6379,#6380,#6381);
#6379 = CARTESIAN_POINT('',(7.366,-6.858,1.776));
#6380 = DIRECTION('',(3.216245299353E-16,-1.,0.));
#6381 = DIRECTION('',(0.,0.,-1.));
#6382 = PLANE('',#6383);
#6383 = AXIS2_PLACEMENT_3D('',#6384,#6385,#6386);
#6384 = CARTESIAN_POINT('',(0.254,-6.858,2.157));
#6385 = DIRECTION('',(-4.440892098501E-16,1.,0.));
#6386 = DIRECTION('',(0.,0.,1.));
#6387 = ADVANCED_FACE('',(#6388),#6413,.T.);
#6388 = FACE_BOUND('',#6389,.T.);
#6389 = EDGE_LOOP('',(#6390,#6398,#6399,#6407));
#6390 = ORIENTED_EDGE('',*,*,#6391,.T.);
#6391 = EDGE_CURVE('',#6392,#4580,#6394,.T.);
#6392 = VERTEX_POINT('',#6393);
#6393 = CARTESIAN_POINT('',(6.91,-6.858,2.157));
#6394 = LINE('',#6395,#6396);
#6395 = CARTESIAN_POINT('',(3.683,-6.858,2.157));
#6396 = VECTOR('',#6397,1.);
#6397 = DIRECTION('',(1.,3.216245299353E-16,0.));
#6398 = ORIENTED_EDGE('',*,*,#4596,.T.);
#6399 = ORIENTED_EDGE('',*,*,#6400,.T.);
#6400 = EDGE_CURVE('',#4589,#6401,#6403,.T.);
#6401 = VERTEX_POINT('',#6402);
#6402 = CARTESIAN_POINT('',(6.91,-5.842,2.157));
#6403 = LINE('',#6404,#6405);
#6404 = CARTESIAN_POINT('',(7.62,-5.842,2.157));
#6405 = VECTOR('',#6406,1.);
#6406 = DIRECTION('',(-1.,-3.216245299353E-16,0.));
#6407 = ORIENTED_EDGE('',*,*,#6408,.F.);
#6408 = EDGE_CURVE('',#6392,#6401,#6409,.T.);
#6409 = LINE('',#6410,#6411);
#6410 = CARTESIAN_POINT('',(6.91,-18.4035,2.157));
#6411 = VECTOR('',#6412,1.);
#6412 = DIRECTION('',(-4.440892098501E-16,1.,0.));
#6413 = B_SPLINE_SURFACE_WITH_KNOTS('',1,1,(
    (#6414,#6415)
    ,(#6416,#6417
    )),.UNSPECIFIED.,.F.,.F.,.F.,(2,2),(2,2),(0.,19.177),(0.,1.),
  .PIECEWISE_BEZIER_KNOTS.);
#6414 = CARTESIAN_POINT('',(6.985,-18.4785,2.157));
#6415 = CARTESIAN_POINT('',(6.91,-18.4035,2.157));
#6416 = CARTESIAN_POINT('',(6.985,0.6985,2.157));
#6417 = CARTESIAN_POINT('',(6.91,0.6235,2.157));
#6418 = ADVANCED_FACE('',(#6419),#6471,.T.);
#6419 = FACE_BOUND('',#6420,.T.);
#6420 = EDGE_LOOP('',(#6421,#6422,#6423,#6431,#6440,#6448,#6456,#6464));
#6421 = ORIENTED_EDGE('',*,*,#4610,.F.);
#6422 = ORIENTED_EDGE('',*,*,#4672,.T.);
#6423 = ORIENTED_EDGE('',*,*,#6424,.T.);
#6424 = EDGE_CURVE('',#4673,#6425,#6427,.T.);
#6425 = VERTEX_POINT('',#6426);
#6426 = CARTESIAN_POINT('',(7.366,-9.398,2.157));
#6427 = LINE('',#6428,#6429);
#6428 = CARTESIAN_POINT('',(3.683,-9.398,2.157));
#6429 = VECTOR('',#6430,1.);
#6430 = DIRECTION('',(1.,3.216245299353E-16,0.));
#6431 = ORIENTED_EDGE('',*,*,#6432,.T.);
#6432 = EDGE_CURVE('',#6425,#6433,#6435,.T.);
#6433 = VERTEX_POINT('',#6434);
#6434 = CARTESIAN_POINT('',(7.747,-9.398,1.776));
#6435 = CIRCLE('',#6436,0.381);
#6436 = AXIS2_PLACEMENT_3D('',#6437,#6438,#6439);
#6437 = CARTESIAN_POINT('',(7.366,-9.398,1.776));
#6438 = DIRECTION('',(-3.216245299353E-16,1.,0.));
#6439 = DIRECTION('',(0.,0.,1.));
#6440 = ORIENTED_EDGE('',*,*,#6441,.F.);
#6441 = EDGE_CURVE('',#6442,#6433,#6444,.T.);
#6442 = VERTEX_POINT('',#6443);
#6443 = CARTESIAN_POINT('',(7.747,-9.398,0.));
#6444 = LINE('',#6445,#6446);
#6445 = CARTESIAN_POINT('',(7.747,-9.398,0.));
#6446 = VECTOR('',#6447,1.);
#6447 = DIRECTION('',(-1.324339206003E-31,4.11765609504E-16,1.));
#6448 = ORIENTED_EDGE('',*,*,#6449,.T.);
#6449 = EDGE_CURVE('',#6442,#6450,#6452,.T.);
#6450 = VERTEX_POINT('',#6451);
#6451 = CARTESIAN_POINT('',(7.493,-9.398,0.));
#6452 = LINE('',#6453,#6454);
#6453 = CARTESIAN_POINT('',(7.747,-9.398,0.));
#6454 = VECTOR('',#6455,1.);
#6455 = DIRECTION('',(-1.,-3.216245299353E-16,0.));
#6456 = ORIENTED_EDGE('',*,*,#6457,.T.);
#6457 = EDGE_CURVE('',#6450,#6458,#6460,.T.);
#6458 = VERTEX_POINT('',#6459);
#6459 = CARTESIAN_POINT('',(7.493,-9.398,1.776));
#6460 = LINE('',#6461,#6462);
#6461 = CARTESIAN_POINT('',(7.493,-9.398,0.));
#6462 = VECTOR('',#6463,1.);
#6463 = DIRECTION('',(-1.324339206003E-31,4.11765609504E-16,1.));
#6464 = ORIENTED_EDGE('',*,*,#6465,.T.);
#6465 = EDGE_CURVE('',#6458,#4611,#6466,.T.);
#6466 = CIRCLE('',#6467,0.127);
#6467 = AXIS2_PLACEMENT_3D('',#6468,#6469,#6470);
#6468 = CARTESIAN_POINT('',(7.366,-9.398,1.776));
#6469 = DIRECTION('',(3.216245299353E-16,-1.,0.));
#6470 = DIRECTION('',(0.,0.,-1.));
#6471 = PLANE('',#6472);
#6472 = AXIS2_PLACEMENT_3D('',#6473,#6474,#6475);
#6473 = CARTESIAN_POINT('',(0.254,-9.398,2.157));
#6474 = DIRECTION('',(-4.440892098501E-16,1.,0.));
#6475 = DIRECTION('',(0.,0.,1.));
#6476 = ADVANCED_FACE('',(#6477),#6488,.F.);
#6477 = FACE_BOUND('',#6478,.F.);
#6478 = EDGE_LOOP('',(#6479,#6485,#6486,#6487));
#6479 = ORIENTED_EDGE('',*,*,#6480,.T.);
#6480 = EDGE_CURVE('',#6311,#6458,#6481,.T.);
#6481 = LINE('',#6482,#6483);
#6482 = CARTESIAN_POINT('',(7.493,-10.922,1.776));
#6483 = VECTOR('',#6484,1.);
#6484 = DIRECTION('',(-3.216245299353E-16,1.,0.));
#6485 = ORIENTED_EDGE('',*,*,#6465,.T.);
#6486 = ORIENTED_EDGE('',*,*,#4627,.F.);
#6487 = ORIENTED_EDGE('',*,*,#6318,.F.);
#6488 = CYLINDRICAL_SURFACE('',#6489,0.127);
#6489 = AXIS2_PLACEMENT_3D('',#6490,#6491,#6492);
#6490 = CARTESIAN_POINT('',(7.366,-10.922,1.776));
#6491 = DIRECTION('',(-3.216245299353E-16,1.,0.));
#6492 = DIRECTION('',(1.,3.216245299353E-16,0.));
#6493 = ADVANCED_FACE('',(#6494),#6513,.F.);
#6494 = FACE_BOUND('',#6495,.F.);
#6495 = EDGE_LOOP('',(#6496,#6504,#6505,#6506));
#6496 = ORIENTED_EDGE('',*,*,#6497,.T.);
#6497 = EDGE_CURVE('',#6498,#6369,#6500,.T.);
#6498 = VERTEX_POINT('',#6499);
#6499 = CARTESIAN_POINT('',(7.493,-8.382,1.776));
#6500 = LINE('',#6501,#6502);
#6501 = CARTESIAN_POINT('',(7.493,-8.382,1.776));
#6502 = VECTOR('',#6503,1.);
#6503 = DIRECTION('',(-3.216245299353E-16,1.,0.));
#6504 = ORIENTED_EDGE('',*,*,#6376,.T.);
#6505 = ORIENTED_EDGE('',*,*,#4658,.F.);
#6506 = ORIENTED_EDGE('',*,*,#6507,.F.);
#6507 = EDGE_CURVE('',#6498,#4651,#6508,.T.);
#6508 = CIRCLE('',#6509,0.127);
#6509 = AXIS2_PLACEMENT_3D('',#6510,#6511,#6512);
#6510 = CARTESIAN_POINT('',(7.366,-8.382,1.776));
#6511 = DIRECTION('',(3.216245299353E-16,-1.,0.));
#6512 = DIRECTION('',(0.,0.,-1.));
#6513 = CYLINDRICAL_SURFACE('',#6514,0.127);
#6514 = AXIS2_PLACEMENT_3D('',#6515,#6516,#6517);
#6515 = CARTESIAN_POINT('',(7.366,-8.382,1.776));
#6516 = DIRECTION('',(-3.216245299353E-16,1.,0.));
#6517 = DIRECTION('',(1.,3.216245299353E-16,0.));
#6518 = ADVANCED_FACE('',(#6519),#6563,.F.);
#6519 = FACE_BOUND('',#6520,.F.);
#6520 = EDGE_LOOP('',(#6521,#6522,#6523,#6531,#6540,#6548,#6556,#6562));
#6521 = ORIENTED_EDGE('',*,*,#4650,.T.);
#6522 = ORIENTED_EDGE('',*,*,#4681,.T.);
#6523 = ORIENTED_EDGE('',*,*,#6524,.F.);
#6524 = EDGE_CURVE('',#6525,#4682,#6527,.T.);
#6525 = VERTEX_POINT('',#6526);
#6526 = CARTESIAN_POINT('',(7.366,-8.382,2.157));
#6527 = LINE('',#6528,#6529);
#6528 = CARTESIAN_POINT('',(7.62,-8.382,2.157));
#6529 = VECTOR('',#6530,1.);
#6530 = DIRECTION('',(-1.,-3.216245299353E-16,0.));
#6531 = ORIENTED_EDGE('',*,*,#6532,.T.);
#6532 = EDGE_CURVE('',#6525,#6533,#6535,.T.);
#6533 = VERTEX_POINT('',#6534);
#6534 = CARTESIAN_POINT('',(7.747,-8.382,1.776));
#6535 = CIRCLE('',#6536,0.381);
#6536 = AXIS2_PLACEMENT_3D('',#6537,#6538,#6539);
#6537 = CARTESIAN_POINT('',(7.366,-8.382,1.776));
#6538 = DIRECTION('',(-3.216245299353E-16,1.,0.));
#6539 = DIRECTION('',(0.,0.,1.));
#6540 = ORIENTED_EDGE('',*,*,#6541,.T.);
#6541 = EDGE_CURVE('',#6533,#6542,#6544,.T.);
#6542 = VERTEX_POINT('',#6543);
#6543 = CARTESIAN_POINT('',(7.747,-8.382,0.));
#6544 = LINE('',#6545,#6546);
#6545 = CARTESIAN_POINT('',(7.747,-8.382,2.157));
#6546 = VECTOR('',#6547,1.);
#6547 = DIRECTION('',(-1.324339206003E-31,4.11765609504E-16,-1.));
#6548 = ORIENTED_EDGE('',*,*,#6549,.T.);
#6549 = EDGE_CURVE('',#6542,#6550,#6552,.T.);
#6550 = VERTEX_POINT('',#6551);
#6551 = CARTESIAN_POINT('',(7.493,-8.382,0.));
#6552 = LINE('',#6553,#6554);
#6553 = CARTESIAN_POINT('',(7.747,-8.382,0.));
#6554 = VECTOR('',#6555,1.);
#6555 = DIRECTION('',(-1.,-3.216245299353E-16,0.));
#6556 = ORIENTED_EDGE('',*,*,#6557,.F.);
#6557 = EDGE_CURVE('',#6498,#6550,#6558,.T.);
#6558 = LINE('',#6559,#6560);
#6559 = CARTESIAN_POINT('',(7.493,-8.382,2.157));
#6560 = VECTOR('',#6561,1.);
#6561 = DIRECTION('',(-1.324339206003E-31,4.11765609504E-16,-1.));
#6562 = ORIENTED_EDGE('',*,*,#6507,.T.);
#6563 = PLANE('',#6564);
#6564 = AXIS2_PLACEMENT_3D('',#6565,#6566,#6567);
#6565 = CARTESIAN_POINT('',(0.254,-8.382,2.157));
#6566 = DIRECTION('',(-4.440892098501E-16,1.,0.));
#6567 = DIRECTION('',(0.,0.,1.));
#6568 = ADVANCED_FACE('',(#6569),#6594,.T.);
#6569 = FACE_BOUND('',#6570,.T.);
#6570 = EDGE_LOOP('',(#6571,#6579,#6580,#6588));
#6571 = ORIENTED_EDGE('',*,*,#6572,.T.);
#6572 = EDGE_CURVE('',#6573,#4673,#6575,.T.);
#6573 = VERTEX_POINT('',#6574);
#6574 = CARTESIAN_POINT('',(6.91,-9.398,2.157));
#6575 = LINE('',#6576,#6577);
#6576 = CARTESIAN_POINT('',(3.683,-9.398,2.157));
#6577 = VECTOR('',#6578,1.);
#6578 = DIRECTION('',(1.,3.216245299353E-16,0.));
#6579 = ORIENTED_EDGE('',*,*,#4689,.T.);
#6580 = ORIENTED_EDGE('',*,*,#6581,.T.);
#6581 = EDGE_CURVE('',#4682,#6582,#6584,.T.);
#6582 = VERTEX_POINT('',#6583);
#6583 = CARTESIAN_POINT('',(6.91,-8.382,2.157));
#6584 = LINE('',#6585,#6586);
#6585 = CARTESIAN_POINT('',(7.62,-8.382,2.157));
#6586 = VECTOR('',#6587,1.);
#6587 = DIRECTION('',(-1.,-3.216245299353E-16,0.));
#6588 = ORIENTED_EDGE('',*,*,#6589,.F.);
#6589 = EDGE_CURVE('',#6573,#6582,#6590,.T.);
#6590 = LINE('',#6591,#6592);
#6591 = CARTESIAN_POINT('',(6.91,-18.4035,2.157));
#6592 = VECTOR('',#6593,1.);
#6593 = DIRECTION('',(-4.440892098501E-16,1.,0.));
#6594 = B_SPLINE_SURFACE_WITH_KNOTS('',1,1,(
    (#6595,#6596)
    ,(#6597,#6598
    )),.UNSPECIFIED.,.F.,.F.,.F.,(2,2),(2,2),(0.,19.177),(0.,1.),
  .PIECEWISE_BEZIER_KNOTS.);
#6595 = CARTESIAN_POINT('',(6.985,-18.4785,2.157));
#6596 = CARTESIAN_POINT('',(6.91,-18.4035,2.157));
#6597 = CARTESIAN_POINT('',(6.985,0.6985,2.157));
#6598 = CARTESIAN_POINT('',(6.91,0.6235,2.157));
#6599 = ADVANCED_FACE('',(#6600),#6617,.T.);
#6600 = FACE_BOUND('',#6601,.T.);
#6601 = EDGE_LOOP('',(#6602,#6603,#6610,#6616));
#6602 = ORIENTED_EDGE('',*,*,#4711,.T.);
#6603 = ORIENTED_EDGE('',*,*,#6604,.T.);
#6604 = EDGE_CURVE('',#4705,#6605,#6607,.T.);
#6605 = VERTEX_POINT('',#6606);
#6606 = CARTESIAN_POINT('',(0.71,0.6235,2.157));
#6607 = B_SPLINE_CURVE_WITH_KNOTS('',1,(#6608,#6609),.UNSPECIFIED.,.F.,
  .F.,(2,2),(0.,1.),.PIECEWISE_BEZIER_KNOTS.);
#6608 = CARTESIAN_POINT('',(0.635,0.6985,2.157));
#6609 = CARTESIAN_POINT('',(0.71,0.6235,2.157));
#6610 = ORIENTED_EDGE('',*,*,#6611,.F.);
#6611 = EDGE_CURVE('',#5418,#6605,#6612,.T.);
#6612 = LINE('',#6613,#6614);
#6613 = CARTESIAN_POINT('',(6.91,0.6235,2.157));
#6614 = VECTOR('',#6615,1.);
#6615 = DIRECTION('',(-1.,-4.440892098501E-16,0.));
#6616 = ORIENTED_EDGE('',*,*,#5417,.F.);
#6617 = B_SPLINE_SURFACE_WITH_KNOTS('',1,1,(
    (#6618,#6619)
    ,(#6620,#6621
    )),.UNSPECIFIED.,.F.,.F.,.F.,(2,2),(2,2),(0.,6.35),(0.,1.),
  .PIECEWISE_BEZIER_KNOTS.);
#6618 = CARTESIAN_POINT('',(6.985,0.6985,2.157));
#6619 = CARTESIAN_POINT('',(6.91,0.6235,2.157));
#6620 = CARTESIAN_POINT('',(0.635,0.6985,2.157));
#6621 = CARTESIAN_POINT('',(0.71,0.6235,2.157));
#6622 = ADVANCED_FACE('',(#6623),#6641,.T.);
#6623 = FACE_BOUND('',#6624,.T.);
#6624 = EDGE_LOOP('',(#6625,#6626,#6627,#6635));
#6625 = ORIENTED_EDGE('',*,*,#6604,.F.);
#6626 = ORIENTED_EDGE('',*,*,#4736,.T.);
#6627 = ORIENTED_EDGE('',*,*,#6628,.T.);
#6628 = EDGE_CURVE('',#4729,#6629,#6631,.T.);
#6629 = VERTEX_POINT('',#6630);
#6630 = CARTESIAN_POINT('',(0.71,0.2285,2.157));
#6631 = LINE('',#6632,#6633);
#6632 = CARTESIAN_POINT('',(-0.127,0.2285,2.157));
#6633 = VECTOR('',#6634,1.);
#6634 = DIRECTION('',(1.,4.440892098501E-16,0.));
#6635 = ORIENTED_EDGE('',*,*,#6636,.F.);
#6636 = EDGE_CURVE('',#6605,#6629,#6637,.T.);
#6637 = LINE('',#6638,#6639);
#6638 = CARTESIAN_POINT('',(0.71,0.6235,2.157));
#6639 = VECTOR('',#6640,1.);
#6640 = DIRECTION('',(4.440892098501E-16,-1.,0.));
#6641 = B_SPLINE_SURFACE_WITH_KNOTS('',1,1,(
    (#6642,#6643)
    ,(#6644,#6645
    )),.UNSPECIFIED.,.F.,.F.,.F.,(2,2),(2,2),(0.,19.177),(0.,1.),
  .PIECEWISE_BEZIER_KNOTS.);
#6642 = CARTESIAN_POINT('',(0.635,0.6985,2.157));
#6643 = CARTESIAN_POINT('',(0.71,0.6235,2.157));
#6644 = CARTESIAN_POINT('',(0.635,-18.4785,2.157));
#6645 = CARTESIAN_POINT('',(0.71,-18.4035,2.157));
#6646 = ADVANCED_FACE('',(#6647),#6699,.F.);
#6647 = FACE_BOUND('',#6648,.F.);
#6648 = EDGE_LOOP('',(#6649,#6657,#6666,#6674,#6682,#6690,#6697,#6698));
#6649 = ORIENTED_EDGE('',*,*,#6650,.F.);
#6650 = EDGE_CURVE('',#6651,#4729,#6653,.T.);
#6651 = VERTEX_POINT('',#6652);
#6652 = CARTESIAN_POINT('',(0.254,0.2285,2.157));
#6653 = LINE('',#6654,#6655);
#6654 = CARTESIAN_POINT('',(-0.127,0.2285,2.157));
#6655 = VECTOR('',#6656,1.);
#6656 = DIRECTION('',(1.,4.440892098501E-16,0.));
#6657 = ORIENTED_EDGE('',*,*,#6658,.T.);
#6658 = EDGE_CURVE('',#6651,#6659,#6661,.T.);
#6659 = VERTEX_POINT('',#6660);
#6660 = CARTESIAN_POINT('',(-0.127,0.2285,1.776));
#6661 = CIRCLE('',#6662,0.381);
#6662 = AXIS2_PLACEMENT_3D('',#6663,#6664,#6665);
#6663 = CARTESIAN_POINT('',(0.254,0.2285,1.776));
#6664 = DIRECTION('',(4.440892098501E-16,-1.,0.));
#6665 = DIRECTION('',(0.,0.,1.));
#6666 = ORIENTED_EDGE('',*,*,#6667,.T.);
#6667 = EDGE_CURVE('',#6659,#6668,#6670,.T.);
#6668 = VERTEX_POINT('',#6669);
#6669 = CARTESIAN_POINT('',(-0.127,0.2285,-2.843));
#6670 = LINE('',#6671,#6672);
#6671 = CARTESIAN_POINT('',(-0.127,0.2285,2.157));
#6672 = VECTOR('',#6673,1.);
#6673 = DIRECTION('',(1.577721810442E-31,-3.552713678801E-16,-1.));
#6674 = ORIENTED_EDGE('',*,*,#6675,.T.);
#6675 = EDGE_CURVE('',#6668,#6676,#6678,.T.);
#6676 = VERTEX_POINT('',#6677);
#6677 = CARTESIAN_POINT('',(0.127,0.2285,-2.843));
#6678 = LINE('',#6679,#6680);
#6679 = CARTESIAN_POINT('',(-0.127,0.2285,-2.843));
#6680 = VECTOR('',#6681,1.);
#6681 = DIRECTION('',(1.,4.440892098501E-16,0.));
#6682 = ORIENTED_EDGE('',*,*,#6683,.F.);
#6683 = EDGE_CURVE('',#6684,#6676,#6686,.T.);
#6684 = VERTEX_POINT('',#6685);
#6685 = CARTESIAN_POINT('',(0.127,0.2285,1.776));
#6686 = LINE('',#6687,#6688);
#6687 = CARTESIAN_POINT('',(0.127,0.2285,2.157));
#6688 = VECTOR('',#6689,1.);
#6689 = DIRECTION('',(1.577721810442E-31,-3.552713678801E-16,-1.));
#6690 = ORIENTED_EDGE('',*,*,#6691,.T.);
#6691 = EDGE_CURVE('',#6684,#4781,#6692,.T.);
#6692 = CIRCLE('',#6693,0.127);
#6693 = AXIS2_PLACEMENT_3D('',#6694,#6695,#6696);
#6694 = CARTESIAN_POINT('',(0.254,0.2285,1.776));
#6695 = DIRECTION('',(-4.440892098501E-16,1.,0.));
#6696 = DIRECTION('',(0.,0.,-1.));
#6697 = ORIENTED_EDGE('',*,*,#4780,.T.);
#6698 = ORIENTED_EDGE('',*,*,#4728,.T.);
#6699 = PLANE('',#6700);
#6700 = AXIS2_PLACEMENT_3D('',#6701,#6702,#6703);
#6701 = CARTESIAN_POINT('',(0.254,0.2285,2.157));
#6702 = DIRECTION('',(4.440892098501E-16,-1.,-1.864941563675E-14));
#6703 = DIRECTION('',(-8.282004254289E-30,1.864941563675E-14,-1.));
#6704 = ADVANCED_FACE('',(#6705),#6757,.F.);
#6705 = FACE_BOUND('',#6706,.F.);
#6706 = EDGE_LOOP('',(#6707,#6717,#6726,#6732,#6733,#6734,#6743,#6751));
#6707 = ORIENTED_EDGE('',*,*,#6708,.F.);
#6708 = EDGE_CURVE('',#6709,#6711,#6713,.T.);
#6709 = VERTEX_POINT('',#6710);
#6710 = CARTESIAN_POINT('',(-0.127,-18.0085,1.776));
#6711 = VERTEX_POINT('',#6712);
#6712 = CARTESIAN_POINT('',(-0.127,-18.0085,-2.843));
#6713 = LINE('',#6714,#6715);
#6714 = CARTESIAN_POINT('',(-0.127,-18.0085,2.157));
#6715 = VECTOR('',#6716,1.);
#6716 = DIRECTION('',(-1.577721810442E-31,3.552713678801E-16,-1.));
#6717 = ORIENTED_EDGE('',*,*,#6718,.T.);
#6718 = EDGE_CURVE('',#6709,#6719,#6721,.T.);
#6719 = VERTEX_POINT('',#6720);
#6720 = CARTESIAN_POINT('',(0.254,-18.0085,2.157));
#6721 = CIRCLE('',#6722,0.381);
#6722 = AXIS2_PLACEMENT_3D('',#6723,#6724,#6725);
#6723 = CARTESIAN_POINT('',(0.254,-18.0085,1.776));
#6724 = DIRECTION('',(-4.440892098501E-16,1.,0.));
#6725 = DIRECTION('',(0.,0.,1.));
#6726 = ORIENTED_EDGE('',*,*,#6727,.F.);
#6727 = EDGE_CURVE('',#4751,#6719,#6728,.T.);
#6728 = LINE('',#6729,#6730);
#6729 = CARTESIAN_POINT('',(3.81,-18.0085,2.157));
#6730 = VECTOR('',#6731,1.);
#6731 = DIRECTION('',(-1.,-4.440892098501E-16,0.));
#6732 = ORIENTED_EDGE('',*,*,#4750,.T.);
#6733 = ORIENTED_EDGE('',*,*,#4827,.T.);
#6734 = ORIENTED_EDGE('',*,*,#6735,.F.);
#6735 = EDGE_CURVE('',#6736,#4820,#6738,.T.);
#6736 = VERTEX_POINT('',#6737);
#6737 = CARTESIAN_POINT('',(0.127,-18.0085,1.776));
#6738 = CIRCLE('',#6739,0.127);
#6739 = AXIS2_PLACEMENT_3D('',#6740,#6741,#6742);
#6740 = CARTESIAN_POINT('',(0.254,-18.0085,1.776));
#6741 = DIRECTION('',(-4.440892098501E-16,1.,0.));
#6742 = DIRECTION('',(0.,0.,1.));
#6743 = ORIENTED_EDGE('',*,*,#6744,.T.);
#6744 = EDGE_CURVE('',#6736,#6745,#6747,.T.);
#6745 = VERTEX_POINT('',#6746);
#6746 = CARTESIAN_POINT('',(0.127,-18.0085,-2.843));
#6747 = LINE('',#6748,#6749);
#6748 = CARTESIAN_POINT('',(0.127,-18.0085,2.157));
#6749 = VECTOR('',#6750,1.);
#6750 = DIRECTION('',(-1.577721810442E-31,3.552713678801E-16,-1.));
#6751 = ORIENTED_EDGE('',*,*,#6752,.F.);
#6752 = EDGE_CURVE('',#6711,#6745,#6753,.T.);
#6753 = LINE('',#6754,#6755);
#6754 = CARTESIAN_POINT('',(-0.127,-18.0085,-2.843));
#6755 = VECTOR('',#6756,1.);
#6756 = DIRECTION('',(1.,4.440892098501E-16,0.));
#6757 = PLANE('',#6758);
#6758 = AXIS2_PLACEMENT_3D('',#6759,#6760,#6761);
#6759 = CARTESIAN_POINT('',(-0.127,-18.0085,1.776));
#6760 = DIRECTION('',(-4.440892098501E-16,1.,3.845760639533E-16));
#6761 = DIRECTION('',(1.707860803683E-31,-3.845760639533E-16,1.));
#6762 = ADVANCED_FACE('',(#6763),#6787,.T.);
#6763 = FACE_BOUND('',#6764,.T.);
#6764 = EDGE_LOOP('',(#6765,#6773,#6774,#6781));
#6765 = ORIENTED_EDGE('',*,*,#6766,.T.);
#6766 = EDGE_CURVE('',#6767,#4751,#6769,.T.);
#6767 = VERTEX_POINT('',#6768);
#6768 = CARTESIAN_POINT('',(0.71,-18.0085,2.157));
#6769 = LINE('',#6770,#6771);
#6770 = CARTESIAN_POINT('',(3.81,-18.0085,2.157));
#6771 = VECTOR('',#6772,1.);
#6772 = DIRECTION('',(-1.,-4.440892098501E-16,0.));
#6773 = ORIENTED_EDGE('',*,*,#4766,.T.);
#6774 = ORIENTED_EDGE('',*,*,#6775,.T.);
#6775 = EDGE_CURVE('',#4760,#6776,#6778,.T.);
#6776 = VERTEX_POINT('',#6777);
#6777 = CARTESIAN_POINT('',(0.71,-18.4035,2.157));
#6778 = B_SPLINE_CURVE_WITH_KNOTS('',1,(#6779,#6780),.UNSPECIFIED.,.F.,
  .F.,(2,2),(0.,1.),.PIECEWISE_BEZIER_KNOTS.);
#6779 = CARTESIAN_POINT('',(0.635,-18.4785,2.157));
#6780 = CARTESIAN_POINT('',(0.71,-18.4035,2.157));
#6781 = ORIENTED_EDGE('',*,*,#6782,.F.);
#6782 = EDGE_CURVE('',#6767,#6776,#6783,.T.);
#6783 = LINE('',#6784,#6785);
#6784 = CARTESIAN_POINT('',(0.71,0.6235,2.157));
#6785 = VECTOR('',#6786,1.);
#6786 = DIRECTION('',(4.440892098501E-16,-1.,0.));
#6787 = B_SPLINE_SURFACE_WITH_KNOTS('',1,1,(
    (#6788,#6789)
    ,(#6790,#6791
    )),.UNSPECIFIED.,.F.,.F.,.F.,(2,2),(2,2),(0.,19.177),(0.,1.),
  .PIECEWISE_BEZIER_KNOTS.);
#6788 = CARTESIAN_POINT('',(0.635,0.6985,2.157));
#6789 = CARTESIAN_POINT('',(0.71,0.6235,2.157));
#6790 = CARTESIAN_POINT('',(0.635,-18.4785,2.157));
#6791 = CARTESIAN_POINT('',(0.71,-18.4035,2.157));
#6792 = ADVANCED_FACE('',(#6793),#6845,.T.);
#6793 = FACE_BOUND('',#6794,.T.);
#6794 = EDGE_LOOP('',(#6795,#6806,#6814,#6822,#6830,#6837,#6838,#6839));
#6795 = ORIENTED_EDGE('',*,*,#6796,.T.);
#6796 = EDGE_CURVE('',#6797,#6799,#6801,.T.);
#6797 = VERTEX_POINT('',#6798);
#6798 = CARTESIAN_POINT('',(0.254,-0.762,2.157));
#6799 = VERTEX_POINT('',#6800);
#6800 = CARTESIAN_POINT('',(-0.127,-0.762,1.776));
#6801 = CIRCLE('',#6802,0.381);
#6802 = AXIS2_PLACEMENT_3D('',#6803,#6804,#6805);
#6803 = CARTESIAN_POINT('',(0.254,-0.762,1.776));
#6804 = DIRECTION('',(4.440892098501E-16,-1.,0.));
#6805 = DIRECTION('',(0.,0.,1.));
#6806 = ORIENTED_EDGE('',*,*,#6807,.F.);
#6807 = EDGE_CURVE('',#6808,#6799,#6810,.T.);
#6808 = VERTEX_POINT('',#6809);
#6809 = CARTESIAN_POINT('',(-0.127,-0.762,0.));
#6810 = LINE('',#6811,#6812);
#6811 = CARTESIAN_POINT('',(-0.127,-0.762,0.));
#6812 = VECTOR('',#6813,1.);
#6813 = DIRECTION('',(3.657213283361E-31,-8.23531219008E-16,1.));
#6814 = ORIENTED_EDGE('',*,*,#6815,.T.);
#6815 = EDGE_CURVE('',#6808,#6816,#6818,.T.);
#6816 = VERTEX_POINT('',#6817);
#6817 = CARTESIAN_POINT('',(0.127,-0.762,0.));
#6818 = LINE('',#6819,#6820);
#6819 = CARTESIAN_POINT('',(-0.127,-0.762,0.));
#6820 = VECTOR('',#6821,1.);
#6821 = DIRECTION('',(1.,4.440892098501E-16,0.));
#6822 = ORIENTED_EDGE('',*,*,#6823,.T.);
#6823 = EDGE_CURVE('',#6816,#6824,#6826,.T.);
#6824 = VERTEX_POINT('',#6825);
#6825 = CARTESIAN_POINT('',(0.127,-0.762,1.776));
#6826 = LINE('',#6827,#6828);
#6827 = CARTESIAN_POINT('',(0.127,-0.762,0.));
#6828 = VECTOR('',#6829,1.);
#6829 = DIRECTION('',(3.657213283361E-31,-8.23531219008E-16,1.));
#6830 = ORIENTED_EDGE('',*,*,#6831,.T.);
#6831 = EDGE_CURVE('',#6824,#4789,#6832,.T.);
#6832 = CIRCLE('',#6833,0.127);
#6833 = AXIS2_PLACEMENT_3D('',#6834,#6835,#6836);
#6834 = CARTESIAN_POINT('',(0.254,-0.762,1.776));
#6835 = DIRECTION('',(-4.440892098501E-16,1.,0.));
#6836 = DIRECTION('',(0.,0.,-1.));
#6837 = ORIENTED_EDGE('',*,*,#4796,.F.);
#6838 = ORIENTED_EDGE('',*,*,#4842,.T.);
#6839 = ORIENTED_EDGE('',*,*,#6840,.T.);
#6840 = EDGE_CURVE('',#4843,#6797,#6841,.T.);
#6841 = LINE('',#6842,#6843);
#6842 = CARTESIAN_POINT('',(3.81,-0.762,2.157));
#6843 = VECTOR('',#6844,1.);
#6844 = DIRECTION('',(-1.,-4.440892098501E-16,0.));
#6845 = PLANE('',#6846);
#6846 = AXIS2_PLACEMENT_3D('',#6847,#6848,#6849);
#6847 = CARTESIAN_POINT('',(-0.127,-0.762,0.));
#6848 = DIRECTION('',(4.440892098501E-16,-1.,-1.000200923086E-15));
#6849 = DIRECTION('',(-4.441784376244E-31,1.000200923086E-15,-1.));
#6850 = ADVANCED_FACE('',(#6851),#6862,.F.);
#6851 = FACE_BOUND('',#6852,.F.);
#6852 = EDGE_LOOP('',(#6853,#6859,#6860,#6861));
#6853 = ORIENTED_EDGE('',*,*,#6854,.T.);
#6854 = EDGE_CURVE('',#6684,#6824,#6855,.T.);
#6855 = LINE('',#6856,#6857);
#6856 = CARTESIAN_POINT('',(0.127,0.2285,1.776));
#6857 = VECTOR('',#6858,1.);
#6858 = DIRECTION('',(4.440892098501E-16,-1.,0.));
#6859 = ORIENTED_EDGE('',*,*,#6831,.T.);
#6860 = ORIENTED_EDGE('',*,*,#4788,.F.);
#6861 = ORIENTED_EDGE('',*,*,#6691,.F.);
#6862 = CYLINDRICAL_SURFACE('',#6863,0.127);
#6863 = AXIS2_PLACEMENT_3D('',#6864,#6865,#6866);
#6864 = CARTESIAN_POINT('',(0.254,0.2285,1.776));
#6865 = DIRECTION('',(4.440892098501E-16,-1.,0.));
#6866 = DIRECTION('',(-1.,-4.440892098501E-16,0.));
#6867 = ADVANCED_FACE('',(#6868),#6920,.F.);
#6868 = FACE_BOUND('',#6869,.F.);
#6869 = EDGE_LOOP('',(#6870,#6878,#6887,#6895,#6903,#6911,#6918,#6919));
#6870 = ORIENTED_EDGE('',*,*,#6871,.F.);
#6871 = EDGE_CURVE('',#6872,#4883,#6874,.T.);
#6872 = VERTEX_POINT('',#6873);
#6873 = CARTESIAN_POINT('',(0.254,-17.018,2.157));
#6874 = LINE('',#6875,#6876);
#6875 = CARTESIAN_POINT('',(-0.127,-17.018,2.157));
#6876 = VECTOR('',#6877,1.);
#6877 = DIRECTION('',(1.,4.440892098501E-16,0.));
#6878 = ORIENTED_EDGE('',*,*,#6879,.F.);
#6879 = EDGE_CURVE('',#6880,#6872,#6882,.T.);
#6880 = VERTEX_POINT('',#6881);
#6881 = CARTESIAN_POINT('',(-0.127,-17.018,1.776));
#6882 = CIRCLE('',#6883,0.381);
#6883 = AXIS2_PLACEMENT_3D('',#6884,#6885,#6886);
#6884 = CARTESIAN_POINT('',(0.254,-17.018,1.776));
#6885 = DIRECTION('',(-4.440892098501E-16,1.,0.));
#6886 = DIRECTION('',(0.,0.,1.));
#6887 = ORIENTED_EDGE('',*,*,#6888,.F.);
#6888 = EDGE_CURVE('',#6889,#6880,#6891,.T.);
#6889 = VERTEX_POINT('',#6890);
#6890 = CARTESIAN_POINT('',(-0.127,-17.018,0.));
#6891 = LINE('',#6892,#6893);
#6892 = CARTESIAN_POINT('',(-0.127,-17.018,0.));
#6893 = VECTOR('',#6894,1.);
#6894 = DIRECTION('',(-3.657213283361E-31,8.23531219008E-16,1.));
#6895 = ORIENTED_EDGE('',*,*,#6896,.T.);
#6896 = EDGE_CURVE('',#6889,#6897,#6899,.T.);
#6897 = VERTEX_POINT('',#6898);
#6898 = CARTESIAN_POINT('',(0.127,-17.018,0.));
#6899 = LINE('',#6900,#6901);
#6900 = CARTESIAN_POINT('',(-0.127,-17.018,0.));
#6901 = VECTOR('',#6902,1.);
#6902 = DIRECTION('',(1.,4.440892098501E-16,0.));
#6903 = ORIENTED_EDGE('',*,*,#6904,.T.);
#6904 = EDGE_CURVE('',#6897,#6905,#6907,.T.);
#6905 = VERTEX_POINT('',#6906);
#6906 = CARTESIAN_POINT('',(0.127,-17.018,1.776));
#6907 = LINE('',#6908,#6909);
#6908 = CARTESIAN_POINT('',(0.127,-17.018,0.));
#6909 = VECTOR('',#6910,1.);
#6910 = DIRECTION('',(-3.657213283361E-31,8.23531219008E-16,1.));
#6911 = ORIENTED_EDGE('',*,*,#6912,.T.);
#6912 = EDGE_CURVE('',#6905,#4812,#6913,.T.);
#6913 = CIRCLE('',#6914,0.127);
#6914 = AXIS2_PLACEMENT_3D('',#6915,#6916,#6917);
#6915 = CARTESIAN_POINT('',(0.254,-17.018,1.776));
#6916 = DIRECTION('',(-4.440892098501E-16,1.,0.));
#6917 = DIRECTION('',(0.,0.,1.));
#6918 = ORIENTED_EDGE('',*,*,#4811,.T.);
#6919 = ORIENTED_EDGE('',*,*,#4882,.T.);
#6920 = PLANE('',#6921);
#6921 = AXIS2_PLACEMENT_3D('',#6922,#6923,#6924);
#6922 = CARTESIAN_POINT('',(0.254,-17.018,2.157));
#6923 = DIRECTION('',(4.440892098501E-16,-1.,-1.044008500317E-13));
#6924 = DIRECTION('',(-4.636329099826E-29,1.044008500317E-13,-1.));
#6925 = ADVANCED_FACE('',(#6926),#6937,.F.);
#6926 = FACE_BOUND('',#6927,.F.);
#6927 = EDGE_LOOP('',(#6928,#6929,#6930,#6931));
#6928 = ORIENTED_EDGE('',*,*,#6735,.T.);
#6929 = ORIENTED_EDGE('',*,*,#4819,.T.);
#6930 = ORIENTED_EDGE('',*,*,#6912,.F.);
#6931 = ORIENTED_EDGE('',*,*,#6932,.F.);
#6932 = EDGE_CURVE('',#6736,#6905,#6933,.T.);
#6933 = LINE('',#6934,#6935);
#6934 = CARTESIAN_POINT('',(0.127,-18.0085,1.776));
#6935 = VECTOR('',#6936,1.);
#6936 = DIRECTION('',(-4.440892098501E-16,1.,0.));
#6937 = CYLINDRICAL_SURFACE('',#6938,0.127);
#6938 = AXIS2_PLACEMENT_3D('',#6939,#6940,#6941);
#6939 = CARTESIAN_POINT('',(0.254,-18.0085,1.776));
#6940 = DIRECTION('',(-4.440892098501E-16,1.,0.));
#6941 = DIRECTION('',(-1.,-4.440892098501E-16,0.));
#6942 = ADVANCED_FACE('',(#6943),#6968,.T.);
#6943 = FACE_BOUND('',#6944,.T.);
#6944 = EDGE_LOOP('',(#6945,#6953,#6954,#6962));
#6945 = ORIENTED_EDGE('',*,*,#6946,.T.);
#6946 = EDGE_CURVE('',#6947,#4843,#6949,.T.);
#6947 = VERTEX_POINT('',#6948);
#6948 = CARTESIAN_POINT('',(0.71,-0.762,2.157));
#6949 = LINE('',#6950,#6951);
#6950 = CARTESIAN_POINT('',(3.81,-0.762,2.157));
#6951 = VECTOR('',#6952,1.);
#6952 = DIRECTION('',(-1.,-4.440892098501E-16,0.));
#6953 = ORIENTED_EDGE('',*,*,#4859,.T.);
#6954 = ORIENTED_EDGE('',*,*,#6955,.T.);
#6955 = EDGE_CURVE('',#4852,#6956,#6958,.T.);
#6956 = VERTEX_POINT('',#6957);
#6957 = CARTESIAN_POINT('',(0.71,-1.778,2.157));
#6958 = LINE('',#6959,#6960);
#6959 = CARTESIAN_POINT('',(-3.996802888651E-15,-1.778,2.157));
#6960 = VECTOR('',#6961,1.);
#6961 = DIRECTION('',(1.,4.440892098501E-16,0.));
#6962 = ORIENTED_EDGE('',*,*,#6963,.F.);
#6963 = EDGE_CURVE('',#6947,#6956,#6964,.T.);
#6964 = LINE('',#6965,#6966);
#6965 = CARTESIAN_POINT('',(0.71,0.6235,2.157));
#6966 = VECTOR('',#6967,1.);
#6967 = DIRECTION('',(4.440892098501E-16,-1.,0.));
#6968 = B_SPLINE_SURFACE_WITH_KNOTS('',1,1,(
    (#6969,#6970)
    ,(#6971,#6972
    )),.UNSPECIFIED.,.F.,.F.,.F.,(2,2),(2,2),(0.,19.177),(0.,1.),
  .PIECEWISE_BEZIER_KNOTS.);
#6969 = CARTESIAN_POINT('',(0.635,0.6985,2.157));
#6970 = CARTESIAN_POINT('',(0.71,0.6235,2.157));
#6971 = CARTESIAN_POINT('',(0.635,-18.4785,2.157));
#6972 = CARTESIAN_POINT('',(0.71,-18.4035,2.157));
#6973 = ADVANCED_FACE('',(#6974),#7026,.T.);
#6974 = FACE_BOUND('',#6975,.T.);
#6975 = EDGE_LOOP('',(#6976,#6987,#6993,#6994,#6995,#7004,#7012,#7020));
#6976 = ORIENTED_EDGE('',*,*,#6977,.F.);
#6977 = EDGE_CURVE('',#6978,#6980,#6982,.T.);
#6978 = VERTEX_POINT('',#6979);
#6979 = CARTESIAN_POINT('',(0.254,-1.778,2.157));
#6980 = VERTEX_POINT('',#6981);
#6981 = CARTESIAN_POINT('',(-0.127,-1.778,1.776));
#6982 = CIRCLE('',#6983,0.381);
#6983 = AXIS2_PLACEMENT_3D('',#6984,#6985,#6986);
#6984 = CARTESIAN_POINT('',(0.254,-1.778,1.776));
#6985 = DIRECTION('',(4.440892098501E-16,-1.,0.));
#6986 = DIRECTION('',(0.,0.,1.));
#6987 = ORIENTED_EDGE('',*,*,#6988,.T.);
#6988 = EDGE_CURVE('',#6978,#4852,#6989,.T.);
#6989 = LINE('',#6990,#6991);
#6990 = CARTESIAN_POINT('',(-3.996802888651E-15,-1.778,2.157));
#6991 = VECTOR('',#6992,1.);
#6992 = DIRECTION('',(1.,4.440892098501E-16,0.));
#6993 = ORIENTED_EDGE('',*,*,#4851,.T.);
#6994 = ORIENTED_EDGE('',*,*,#4904,.F.);
#6995 = ORIENTED_EDGE('',*,*,#6996,.F.);
#6996 = EDGE_CURVE('',#6997,#4905,#6999,.T.);
#6997 = VERTEX_POINT('',#6998);
#6998 = CARTESIAN_POINT('',(0.127,-1.778,1.776));
#6999 = CIRCLE('',#7000,0.127);
#7000 = AXIS2_PLACEMENT_3D('',#7001,#7002,#7003);
#7001 = CARTESIAN_POINT('',(0.254,-1.778,1.776));
#7002 = DIRECTION('',(-4.440892098501E-16,1.,0.));
#7003 = DIRECTION('',(0.,0.,-1.));
#7004 = ORIENTED_EDGE('',*,*,#7005,.T.);
#7005 = EDGE_CURVE('',#6997,#7006,#7008,.T.);
#7006 = VERTEX_POINT('',#7007);
#7007 = CARTESIAN_POINT('',(0.127,-1.778,0.));
#7008 = LINE('',#7009,#7010);
#7009 = CARTESIAN_POINT('',(0.127,-1.778,2.157));
#7010 = VECTOR('',#7011,1.);
#7011 = DIRECTION('',(1.828606641681E-31,-4.11765609504E-16,-1.));
#7012 = ORIENTED_EDGE('',*,*,#7013,.F.);
#7013 = EDGE_CURVE('',#7014,#7006,#7016,.T.);
#7014 = VERTEX_POINT('',#7015);
#7015 = CARTESIAN_POINT('',(-0.127,-1.778,0.));
#7016 = LINE('',#7017,#7018);
#7017 = CARTESIAN_POINT('',(-0.127,-1.778,0.));
#7018 = VECTOR('',#7019,1.);
#7019 = DIRECTION('',(1.,4.440892098501E-16,0.));
#7020 = ORIENTED_EDGE('',*,*,#7021,.F.);
#7021 = EDGE_CURVE('',#6980,#7014,#7022,.T.);
#7022 = LINE('',#7023,#7024);
#7023 = CARTESIAN_POINT('',(-0.127,-1.778,2.157));
#7024 = VECTOR('',#7025,1.);
#7025 = DIRECTION('',(1.828606641681E-31,-4.11765609504E-16,-1.));
#7026 = PLANE('',#7027);
#7027 = AXIS2_PLACEMENT_3D('',#7028,#7029,#7030);
#7028 = CARTESIAN_POINT('',(0.254,-1.778,2.157));
#7029 = DIRECTION('',(-4.440892098501E-16,1.,0.));
#7030 = DIRECTION('',(0.,0.,1.));
#7031 = ADVANCED_FACE('',(#7032),#7084,.F.);
#7032 = FACE_BOUND('',#7033,.F.);
#7033 = EDGE_LOOP('',(#7034,#7045,#7051,#7052,#7053,#7062,#7070,#7078));
#7034 = ORIENTED_EDGE('',*,*,#7035,.F.);
#7035 = EDGE_CURVE('',#7036,#7038,#7040,.T.);
#7036 = VERTEX_POINT('',#7037);
#7037 = CARTESIAN_POINT('',(0.254,-16.002,2.157));
#7038 = VERTEX_POINT('',#7039);
#7039 = CARTESIAN_POINT('',(-0.127,-16.002,1.776));
#7040 = CIRCLE('',#7041,0.381);
#7041 = AXIS2_PLACEMENT_3D('',#7042,#7043,#7044);
#7042 = CARTESIAN_POINT('',(0.254,-16.002,1.776));
#7043 = DIRECTION('',(4.440892098501E-16,-1.,0.));
#7044 = DIRECTION('',(0.,0.,1.));
#7045 = ORIENTED_EDGE('',*,*,#7046,.F.);
#7046 = EDGE_CURVE('',#4874,#7036,#7047,.T.);
#7047 = LINE('',#7048,#7049);
#7048 = CARTESIAN_POINT('',(3.937,-16.002,2.157));
#7049 = VECTOR('',#7050,1.);
#7050 = DIRECTION('',(-1.,-4.440892098501E-16,0.));
#7051 = ORIENTED_EDGE('',*,*,#4873,.T.);
#7052 = ORIENTED_EDGE('',*,*,#4951,.T.);
#7053 = ORIENTED_EDGE('',*,*,#7054,.F.);
#7054 = EDGE_CURVE('',#7055,#4944,#7057,.T.);
#7055 = VERTEX_POINT('',#7056);
#7056 = CARTESIAN_POINT('',(0.127,-16.002,1.776));
#7057 = CIRCLE('',#7058,0.127);
#7058 = AXIS2_PLACEMENT_3D('',#7059,#7060,#7061);
#7059 = CARTESIAN_POINT('',(0.254,-16.002,1.776));
#7060 = DIRECTION('',(-4.440892098501E-16,1.,0.));
#7061 = DIRECTION('',(0.,0.,-1.));
#7062 = ORIENTED_EDGE('',*,*,#7063,.F.);
#7063 = EDGE_CURVE('',#7064,#7055,#7066,.T.);
#7064 = VERTEX_POINT('',#7065);
#7065 = CARTESIAN_POINT('',(0.127,-16.002,0.));
#7066 = LINE('',#7067,#7068);
#7067 = CARTESIAN_POINT('',(0.127,-16.002,0.));
#7068 = VECTOR('',#7069,1.);
#7069 = DIRECTION('',(1.828606641681E-31,-4.11765609504E-16,1.));
#7070 = ORIENTED_EDGE('',*,*,#7071,.F.);
#7071 = EDGE_CURVE('',#7072,#7064,#7074,.T.);
#7072 = VERTEX_POINT('',#7073);
#7073 = CARTESIAN_POINT('',(-0.127,-16.002,0.));
#7074 = LINE('',#7075,#7076);
#7075 = CARTESIAN_POINT('',(-0.127,-16.002,0.));
#7076 = VECTOR('',#7077,1.);
#7077 = DIRECTION('',(1.,4.440892098501E-16,0.));
#7078 = ORIENTED_EDGE('',*,*,#7079,.T.);
#7079 = EDGE_CURVE('',#7072,#7038,#7080,.T.);
#7080 = LINE('',#7081,#7082);
#7081 = CARTESIAN_POINT('',(-0.127,-16.002,0.));
#7082 = VECTOR('',#7083,1.);
#7083 = DIRECTION('',(1.828606641681E-31,-4.11765609504E-16,1.));
#7084 = PLANE('',#7085);
#7085 = AXIS2_PLACEMENT_3D('',#7086,#7087,#7088);
#7086 = CARTESIAN_POINT('',(0.254,-16.002,2.157));
#7087 = DIRECTION('',(-4.440892098501E-16,1.,0.));
#7088 = DIRECTION('',(0.,0.,1.));
#7089 = ADVANCED_FACE('',(#7090),#7115,.T.);
#7090 = FACE_BOUND('',#7091,.T.);
#7091 = EDGE_LOOP('',(#7092,#7100,#7101,#7109));
#7092 = ORIENTED_EDGE('',*,*,#7093,.T.);
#7093 = EDGE_CURVE('',#7094,#4874,#7096,.T.);
#7094 = VERTEX_POINT('',#7095);
#7095 = CARTESIAN_POINT('',(0.71,-16.002,2.157));
#7096 = LINE('',#7097,#7098);
#7097 = CARTESIAN_POINT('',(3.937,-16.002,2.157));
#7098 = VECTOR('',#7099,1.);
#7099 = DIRECTION('',(-1.,-4.440892098501E-16,0.));
#7100 = ORIENTED_EDGE('',*,*,#4890,.T.);
#7101 = ORIENTED_EDGE('',*,*,#7102,.T.);
#7102 = EDGE_CURVE('',#4883,#7103,#7105,.T.);
#7103 = VERTEX_POINT('',#7104);
#7104 = CARTESIAN_POINT('',(0.71,-17.018,2.157));
#7105 = LINE('',#7106,#7107);
#7106 = CARTESIAN_POINT('',(-0.127,-17.018,2.157));
#7107 = VECTOR('',#7108,1.);
#7108 = DIRECTION('',(1.,4.440892098501E-16,0.));
#7109 = ORIENTED_EDGE('',*,*,#7110,.F.);
#7110 = EDGE_CURVE('',#7094,#7103,#7111,.T.);
#7111 = LINE('',#7112,#7113);
#7112 = CARTESIAN_POINT('',(0.71,0.6235,2.157));
#7113 = VECTOR('',#7114,1.);
#7114 = DIRECTION('',(4.440892098501E-16,-1.,0.));
#7115 = B_SPLINE_SURFACE_WITH_KNOTS('',1,1,(
    (#7116,#7117)
    ,(#7118,#7119
    )),.UNSPECIFIED.,.F.,.F.,.F.,(2,2),(2,2),(0.,19.177),(0.,1.),
  .PIECEWISE_BEZIER_KNOTS.);
#7116 = CARTESIAN_POINT('',(0.635,0.6985,2.157));
#7117 = CARTESIAN_POINT('',(0.71,0.6235,2.157));
#7118 = CARTESIAN_POINT('',(0.635,-18.4785,2.157));
#7119 = CARTESIAN_POINT('',(0.71,-18.4035,2.157));
#7120 = ADVANCED_FACE('',(#7121),#7173,.F.);
#7121 = FACE_BOUND('',#7122,.F.);
#7122 = EDGE_LOOP('',(#7123,#7134,#7140,#7141,#7142,#7151,#7159,#7167));
#7123 = ORIENTED_EDGE('',*,*,#7124,.F.);
#7124 = EDGE_CURVE('',#7125,#7127,#7129,.T.);
#7125 = VERTEX_POINT('',#7126);
#7126 = CARTESIAN_POINT('',(0.254,-3.302,2.157));
#7127 = VERTEX_POINT('',#7128);
#7128 = CARTESIAN_POINT('',(-0.127,-3.302,1.776));
#7129 = CIRCLE('',#7130,0.381);
#7130 = AXIS2_PLACEMENT_3D('',#7131,#7132,#7133);
#7131 = CARTESIAN_POINT('',(0.254,-3.302,1.776));
#7132 = DIRECTION('',(4.440892098501E-16,-1.,0.));
#7133 = DIRECTION('',(0.,0.,1.));
#7134 = ORIENTED_EDGE('',*,*,#7135,.F.);
#7135 = EDGE_CURVE('',#4967,#7125,#7136,.T.);
#7136 = LINE('',#7137,#7138);
#7137 = CARTESIAN_POINT('',(3.937,-3.302,2.157));
#7138 = VECTOR('',#7139,1.);
#7139 = DIRECTION('',(-1.,-4.440892098501E-16,0.));
#7140 = ORIENTED_EDGE('',*,*,#4966,.T.);
#7141 = ORIENTED_EDGE('',*,*,#4920,.T.);
#7142 = ORIENTED_EDGE('',*,*,#7143,.F.);
#7143 = EDGE_CURVE('',#7144,#4913,#7146,.T.);
#7144 = VERTEX_POINT('',#7145);
#7145 = CARTESIAN_POINT('',(0.127,-3.302,1.776));
#7146 = CIRCLE('',#7147,0.127);
#7147 = AXIS2_PLACEMENT_3D('',#7148,#7149,#7150);
#7148 = CARTESIAN_POINT('',(0.254,-3.302,1.776));
#7149 = DIRECTION('',(-4.440892098501E-16,1.,0.));
#7150 = DIRECTION('',(0.,0.,-1.));
#7151 = ORIENTED_EDGE('',*,*,#7152,.F.);
#7152 = EDGE_CURVE('',#7153,#7144,#7155,.T.);
#7153 = VERTEX_POINT('',#7154);
#7154 = CARTESIAN_POINT('',(0.127,-3.302,0.));
#7155 = LINE('',#7156,#7157);
#7156 = CARTESIAN_POINT('',(0.127,-3.302,0.));
#7157 = VECTOR('',#7158,1.);
#7158 = DIRECTION('',(1.828606641681E-31,-4.11765609504E-16,1.));
#7159 = ORIENTED_EDGE('',*,*,#7160,.F.);
#7160 = EDGE_CURVE('',#7161,#7153,#7163,.T.);
#7161 = VERTEX_POINT('',#7162);
#7162 = CARTESIAN_POINT('',(-0.127,-3.302,0.));
#7163 = LINE('',#7164,#7165);
#7164 = CARTESIAN_POINT('',(-0.127,-3.302,0.));
#7165 = VECTOR('',#7166,1.);
#7166 = DIRECTION('',(1.,4.440892098501E-16,0.));
#7167 = ORIENTED_EDGE('',*,*,#7168,.T.);
#7168 = EDGE_CURVE('',#7161,#7127,#7169,.T.);
#7169 = LINE('',#7170,#7171);
#7170 = CARTESIAN_POINT('',(-0.127,-3.302,0.));
#7171 = VECTOR('',#7172,1.);
#7172 = DIRECTION('',(1.828606641681E-31,-4.11765609504E-16,1.));
#7173 = PLANE('',#7174);
#7174 = AXIS2_PLACEMENT_3D('',#7175,#7176,#7177);
#7175 = CARTESIAN_POINT('',(0.254,-3.302,2.157));
#7176 = DIRECTION('',(-4.440892098501E-16,1.,0.));
#7177 = DIRECTION('',(0.,0.,1.));
#7178 = ADVANCED_FACE('',(#7179),#7190,.F.);
#7179 = FACE_BOUND('',#7180,.F.);
#7180 = EDGE_LOOP('',(#7181,#7187,#7188,#7189));
#7181 = ORIENTED_EDGE('',*,*,#7182,.T.);
#7182 = EDGE_CURVE('',#6997,#7144,#7183,.T.);
#7183 = LINE('',#7184,#7185);
#7184 = CARTESIAN_POINT('',(0.127,-1.778,1.776));
#7185 = VECTOR('',#7186,1.);
#7186 = DIRECTION('',(4.440892098501E-16,-1.,0.));
#7187 = ORIENTED_EDGE('',*,*,#7143,.T.);
#7188 = ORIENTED_EDGE('',*,*,#4912,.F.);
#7189 = ORIENTED_EDGE('',*,*,#6996,.F.);
#7190 = CYLINDRICAL_SURFACE('',#7191,0.127);
#7191 = AXIS2_PLACEMENT_3D('',#7192,#7193,#7194);
#7192 = CARTESIAN_POINT('',(0.254,-1.778,1.776));
#7193 = DIRECTION('',(4.440892098501E-16,-1.,0.));
#7194 = DIRECTION('',(-1.,-4.440892098501E-16,0.));
#7195 = ADVANCED_FACE('',(#7196),#7248,.T.);
#7196 = FACE_BOUND('',#7197,.T.);
#7197 = EDGE_LOOP('',(#7198,#7209,#7215,#7216,#7217,#7226,#7234,#7242));
#7198 = ORIENTED_EDGE('',*,*,#7199,.F.);
#7199 = EDGE_CURVE('',#7200,#7202,#7204,.T.);
#7200 = VERTEX_POINT('',#7201);
#7201 = CARTESIAN_POINT('',(0.254,-14.478,2.157));
#7202 = VERTEX_POINT('',#7203);
#7203 = CARTESIAN_POINT('',(-0.127,-14.478,1.776));
#7204 = CIRCLE('',#7205,0.381);
#7205 = AXIS2_PLACEMENT_3D('',#7206,#7207,#7208);
#7206 = CARTESIAN_POINT('',(0.254,-14.478,1.776));
#7207 = DIRECTION('',(4.440892098501E-16,-1.,0.));
#7208 = DIRECTION('',(0.,0.,1.));
#7209 = ORIENTED_EDGE('',*,*,#7210,.T.);
#7210 = EDGE_CURVE('',#7200,#5007,#7211,.T.);
#7211 = LINE('',#7212,#7213);
#7212 = CARTESIAN_POINT('',(1.7763568394E-15,-14.478,2.157));
#7213 = VECTOR('',#7214,1.);
#7214 = DIRECTION('',(1.,4.440892098501E-16,0.));
#7215 = ORIENTED_EDGE('',*,*,#5006,.T.);
#7216 = ORIENTED_EDGE('',*,*,#4935,.F.);
#7217 = ORIENTED_EDGE('',*,*,#7218,.F.);
#7218 = EDGE_CURVE('',#7219,#4936,#7221,.T.);
#7219 = VERTEX_POINT('',#7220);
#7220 = CARTESIAN_POINT('',(0.127,-14.478,1.776));
#7221 = CIRCLE('',#7222,0.127);
#7222 = AXIS2_PLACEMENT_3D('',#7223,#7224,#7225);
#7223 = CARTESIAN_POINT('',(0.254,-14.478,1.776));
#7224 = DIRECTION('',(-4.440892098501E-16,1.,0.));
#7225 = DIRECTION('',(0.,0.,-1.));
#7226 = ORIENTED_EDGE('',*,*,#7227,.T.);
#7227 = EDGE_CURVE('',#7219,#7228,#7230,.T.);
#7228 = VERTEX_POINT('',#7229);
#7229 = CARTESIAN_POINT('',(0.127,-14.478,0.));
#7230 = LINE('',#7231,#7232);
#7231 = CARTESIAN_POINT('',(0.127,-14.478,2.157));
#7232 = VECTOR('',#7233,1.);
#7233 = DIRECTION('',(1.828606641681E-31,-4.11765609504E-16,-1.));
#7234 = ORIENTED_EDGE('',*,*,#7235,.F.);
#7235 = EDGE_CURVE('',#7236,#7228,#7238,.T.);
#7236 = VERTEX_POINT('',#7237);
#7237 = CARTESIAN_POINT('',(-0.127,-14.478,0.));
#7238 = LINE('',#7239,#7240);
#7239 = CARTESIAN_POINT('',(-0.127,-14.478,0.));
#7240 = VECTOR('',#7241,1.);
#7241 = DIRECTION('',(1.,4.440892098501E-16,0.));
#7242 = ORIENTED_EDGE('',*,*,#7243,.F.);
#7243 = EDGE_CURVE('',#7202,#7236,#7244,.T.);
#7244 = LINE('',#7245,#7246);
#7245 = CARTESIAN_POINT('',(-0.127,-14.478,2.157));
#7246 = VECTOR('',#7247,1.);
#7247 = DIRECTION('',(1.828606641681E-31,-4.11765609504E-16,-1.));
#7248 = PLANE('',#7249);
#7249 = AXIS2_PLACEMENT_3D('',#7250,#7251,#7252);
#7250 = CARTESIAN_POINT('',(0.254,-14.478,2.157));
#7251 = DIRECTION('',(-4.440892098501E-16,1.,0.));
#7252 = DIRECTION('',(0.,0.,1.));
#7253 = ADVANCED_FACE('',(#7254),#7265,.F.);
#7254 = FACE_BOUND('',#7255,.F.);
#7255 = EDGE_LOOP('',(#7256,#7262,#7263,#7264));
#7256 = ORIENTED_EDGE('',*,*,#7257,.T.);
#7257 = EDGE_CURVE('',#7219,#7055,#7258,.T.);
#7258 = LINE('',#7259,#7260);
#7259 = CARTESIAN_POINT('',(0.127,-14.478,1.776));
#7260 = VECTOR('',#7261,1.);
#7261 = DIRECTION('',(4.440892098501E-16,-1.,0.));
#7262 = ORIENTED_EDGE('',*,*,#7054,.T.);
#7263 = ORIENTED_EDGE('',*,*,#4943,.F.);
#7264 = ORIENTED_EDGE('',*,*,#7218,.F.);
#7265 = CYLINDRICAL_SURFACE('',#7266,0.127);
#7266 = AXIS2_PLACEMENT_3D('',#7267,#7268,#7269);
#7267 = CARTESIAN_POINT('',(0.254,-14.478,1.776));
#7268 = DIRECTION('',(4.440892098501E-16,-1.,0.));
#7269 = DIRECTION('',(-1.,-4.440892098501E-16,0.));
#7270 = ADVANCED_FACE('',(#7271),#7296,.T.);
#7271 = FACE_BOUND('',#7272,.T.);
#7272 = EDGE_LOOP('',(#7273,#7281,#7282,#7290));
#7273 = ORIENTED_EDGE('',*,*,#7274,.T.);
#7274 = EDGE_CURVE('',#7275,#4967,#7277,.T.);
#7275 = VERTEX_POINT('',#7276);
#7276 = CARTESIAN_POINT('',(0.71,-3.302,2.157));
#7277 = LINE('',#7278,#7279);
#7278 = CARTESIAN_POINT('',(3.937,-3.302,2.157));
#7279 = VECTOR('',#7280,1.);
#7280 = DIRECTION('',(-1.,-4.440892098501E-16,0.));
#7281 = ORIENTED_EDGE('',*,*,#4983,.T.);
#7282 = ORIENTED_EDGE('',*,*,#7283,.T.);
#7283 = EDGE_CURVE('',#4976,#7284,#7286,.T.);
#7284 = VERTEX_POINT('',#7285);
#7285 = CARTESIAN_POINT('',(0.71,-4.318,2.157));
#7286 = LINE('',#7287,#7288);
#7287 = CARTESIAN_POINT('',(-2.6645352591E-15,-4.318,2.157));
#7288 = VECTOR('',#7289,1.);
#7289 = DIRECTION('',(1.,4.440892098501E-16,0.));
#7290 = ORIENTED_EDGE('',*,*,#7291,.F.);
#7291 = EDGE_CURVE('',#7275,#7284,#7292,.T.);
#7292 = LINE('',#7293,#7294);
#7293 = CARTESIAN_POINT('',(0.71,0.6235,2.157));
#7294 = VECTOR('',#7295,1.);
#7295 = DIRECTION('',(4.440892098501E-16,-1.,0.));
#7296 = B_SPLINE_SURFACE_WITH_KNOTS('',1,1,(
    (#7297,#7298)
    ,(#7299,#7300
    )),.UNSPECIFIED.,.F.,.F.,.F.,(2,2),(2,2),(0.,19.177),(0.,1.),
  .PIECEWISE_BEZIER_KNOTS.);
#7297 = CARTESIAN_POINT('',(0.635,0.6985,2.157));
#7298 = CARTESIAN_POINT('',(0.71,0.6235,2.157));
#7299 = CARTESIAN_POINT('',(0.635,-18.4785,2.157));
#7300 = CARTESIAN_POINT('',(0.71,-18.4035,2.157));
#7301 = ADVANCED_FACE('',(#7302),#7354,.T.);
#7302 = FACE_BOUND('',#7303,.T.);
#7303 = EDGE_LOOP('',(#7304,#7315,#7321,#7322,#7323,#7332,#7340,#7348));
#7304 = ORIENTED_EDGE('',*,*,#7305,.F.);
#7305 = EDGE_CURVE('',#7306,#7308,#7310,.T.);
#7306 = VERTEX_POINT('',#7307);
#7307 = CARTESIAN_POINT('',(0.254,-4.318,2.157));
#7308 = VERTEX_POINT('',#7309);
#7309 = CARTESIAN_POINT('',(-0.127,-4.318,1.776));
#7310 = CIRCLE('',#7311,0.381);
#7311 = AXIS2_PLACEMENT_3D('',#7312,#7313,#7314);
#7312 = CARTESIAN_POINT('',(0.254,-4.318,1.776));
#7313 = DIRECTION('',(4.440892098501E-16,-1.,0.));
#7314 = DIRECTION('',(0.,0.,1.));
#7315 = ORIENTED_EDGE('',*,*,#7316,.T.);
#7316 = EDGE_CURVE('',#7306,#4976,#7317,.T.);
#7317 = LINE('',#7318,#7319);
#7318 = CARTESIAN_POINT('',(-2.6645352591E-15,-4.318,2.157));
#7319 = VECTOR('',#7320,1.);
#7320 = DIRECTION('',(1.,4.440892098501E-16,0.));
#7321 = ORIENTED_EDGE('',*,*,#4975,.T.);
#7322 = ORIENTED_EDGE('',*,*,#5028,.F.);
#7323 = ORIENTED_EDGE('',*,*,#7324,.F.);
#7324 = EDGE_CURVE('',#7325,#5029,#7327,.T.);
#7325 = VERTEX_POINT('',#7326);
#7326 = CARTESIAN_POINT('',(0.127,-4.318,1.776));
#7327 = CIRCLE('',#7328,0.127);
#7328 = AXIS2_PLACEMENT_3D('',#7329,#7330,#7331);
#7329 = CARTESIAN_POINT('',(0.254,-4.318,1.776));
#7330 = DIRECTION('',(-4.440892098501E-16,1.,0.));
#7331 = DIRECTION('',(0.,0.,-1.));
#7332 = ORIENTED_EDGE('',*,*,#7333,.T.);
#7333 = EDGE_CURVE('',#7325,#7334,#7336,.T.);
#7334 = VERTEX_POINT('',#7335);
#7335 = CARTESIAN_POINT('',(0.127,-4.318,0.));
#7336 = LINE('',#7337,#7338);
#7337 = CARTESIAN_POINT('',(0.127,-4.318,2.157));
#7338 = VECTOR('',#7339,1.);
#7339 = DIRECTION('',(1.828606641681E-31,-4.11765609504E-16,-1.));
#7340 = ORIENTED_EDGE('',*,*,#7341,.F.);
#7341 = EDGE_CURVE('',#7342,#7334,#7344,.T.);
#7342 = VERTEX_POINT('',#7343);
#7343 = CARTESIAN_POINT('',(-0.127,-4.318,0.));
#7344 = LINE('',#7345,#7346);
#7345 = CARTESIAN_POINT('',(-0.127,-4.318,0.));
#7346 = VECTOR('',#7347,1.);
#7347 = DIRECTION('',(1.,4.440892098501E-16,0.));
#7348 = ORIENTED_EDGE('',*,*,#7349,.F.);
#7349 = EDGE_CURVE('',#7308,#7342,#7350,.T.);
#7350 = LINE('',#7351,#7352);
#7351 = CARTESIAN_POINT('',(-0.127,-4.318,2.157));
#7352 = VECTOR('',#7353,1.);
#7353 = DIRECTION('',(1.828606641681E-31,-4.11765609504E-16,-1.));
#7354 = PLANE('',#7355);
#7355 = AXIS2_PLACEMENT_3D('',#7356,#7357,#7358);
#7356 = CARTESIAN_POINT('',(0.254,-4.318,2.157));
#7357 = DIRECTION('',(-4.440892098501E-16,1.,0.));
#7358 = DIRECTION('',(0.,0.,1.));
#7359 = ADVANCED_FACE('',(#7360),#7412,.F.);
#7360 = FACE_BOUND('',#7361,.F.);
#7361 = EDGE_LOOP('',(#7362,#7373,#7379,#7380,#7381,#7390,#7398,#7406));
#7362 = ORIENTED_EDGE('',*,*,#7363,.F.);
#7363 = EDGE_CURVE('',#7364,#7366,#7368,.T.);
#7364 = VERTEX_POINT('',#7365);
#7365 = CARTESIAN_POINT('',(0.254,-13.462,2.157));
#7366 = VERTEX_POINT('',#7367);
#7367 = CARTESIAN_POINT('',(-0.127,-13.462,1.776));
#7368 = CIRCLE('',#7369,0.381);
#7369 = AXIS2_PLACEMENT_3D('',#7370,#7371,#7372);
#7370 = CARTESIAN_POINT('',(0.254,-13.462,1.776));
#7371 = DIRECTION('',(4.440892098501E-16,-1.,0.));
#7372 = DIRECTION('',(0.,0.,1.));
#7373 = ORIENTED_EDGE('',*,*,#7374,.F.);
#7374 = EDGE_CURVE('',#4998,#7364,#7375,.T.);
#7375 = LINE('',#7376,#7377);
#7376 = CARTESIAN_POINT('',(3.937,-13.462,2.157));
#7377 = VECTOR('',#7378,1.);
#7378 = DIRECTION('',(-1.,-4.440892098501E-16,0.));
#7379 = ORIENTED_EDGE('',*,*,#4997,.T.);
#7380 = ORIENTED_EDGE('',*,*,#5075,.T.);
#7381 = ORIENTED_EDGE('',*,*,#7382,.F.);
#7382 = EDGE_CURVE('',#7383,#5068,#7385,.T.);
#7383 = VERTEX_POINT('',#7384);
#7384 = CARTESIAN_POINT('',(0.127,-13.462,1.776));
#7385 = CIRCLE('',#7386,0.127);
#7386 = AXIS2_PLACEMENT_3D('',#7387,#7388,#7389);
#7387 = CARTESIAN_POINT('',(0.254,-13.462,1.776));
#7388 = DIRECTION('',(-4.440892098501E-16,1.,0.));
#7389 = DIRECTION('',(0.,0.,-1.));
#7390 = ORIENTED_EDGE('',*,*,#7391,.F.);
#7391 = EDGE_CURVE('',#7392,#7383,#7394,.T.);
#7392 = VERTEX_POINT('',#7393);
#7393 = CARTESIAN_POINT('',(0.127,-13.462,0.));
#7394 = LINE('',#7395,#7396);
#7395 = CARTESIAN_POINT('',(0.127,-13.462,0.));
#7396 = VECTOR('',#7397,1.);
#7397 = DIRECTION('',(1.828606641681E-31,-4.11765609504E-16,1.));
#7398 = ORIENTED_EDGE('',*,*,#7399,.F.);
#7399 = EDGE_CURVE('',#7400,#7392,#7402,.T.);
#7400 = VERTEX_POINT('',#7401);
#7401 = CARTESIAN_POINT('',(-0.127,-13.462,0.));
#7402 = LINE('',#7403,#7404);
#7403 = CARTESIAN_POINT('',(-0.127,-13.462,0.));
#7404 = VECTOR('',#7405,1.);
#7405 = DIRECTION('',(1.,4.440892098501E-16,0.));
#7406 = ORIENTED_EDGE('',*,*,#7407,.T.);
#7407 = EDGE_CURVE('',#7400,#7366,#7408,.T.);
#7408 = LINE('',#7409,#7410);
#7409 = CARTESIAN_POINT('',(-0.127,-13.462,0.));
#7410 = VECTOR('',#7411,1.);
#7411 = DIRECTION('',(1.828606641681E-31,-4.11765609504E-16,1.));
#7412 = PLANE('',#7413);
#7413 = AXIS2_PLACEMENT_3D('',#7414,#7415,#7416);
#7414 = CARTESIAN_POINT('',(0.254,-13.462,2.157));
#7415 = DIRECTION('',(-4.440892098501E-16,1.,0.));
#7416 = DIRECTION('',(0.,0.,1.));
#7417 = ADVANCED_FACE('',(#7418),#7443,.T.);
#7418 = FACE_BOUND('',#7419,.T.);
#7419 = EDGE_LOOP('',(#7420,#7428,#7429,#7437));
#7420 = ORIENTED_EDGE('',*,*,#7421,.T.);
#7421 = EDGE_CURVE('',#7422,#4998,#7424,.T.);
#7422 = VERTEX_POINT('',#7423);
#7423 = CARTESIAN_POINT('',(0.71,-13.462,2.157));
#7424 = LINE('',#7425,#7426);
#7425 = CARTESIAN_POINT('',(3.937,-13.462,2.157));
#7426 = VECTOR('',#7427,1.);
#7427 = DIRECTION('',(-1.,-4.440892098501E-16,0.));
#7428 = ORIENTED_EDGE('',*,*,#5014,.T.);
#7429 = ORIENTED_EDGE('',*,*,#7430,.T.);
#7430 = EDGE_CURVE('',#5007,#7431,#7433,.T.);
#7431 = VERTEX_POINT('',#7432);
#7432 = CARTESIAN_POINT('',(0.71,-14.478,2.157));
#7433 = LINE('',#7434,#7435);
#7434 = CARTESIAN_POINT('',(1.7763568394E-15,-14.478,2.157));
#7435 = VECTOR('',#7436,1.);
#7436 = DIRECTION('',(1.,4.440892098501E-16,0.));
#7437 = ORIENTED_EDGE('',*,*,#7438,.F.);
#7438 = EDGE_CURVE('',#7422,#7431,#7439,.T.);
#7439 = LINE('',#7440,#7441);
#7440 = CARTESIAN_POINT('',(0.71,0.6235,2.157));
#7441 = VECTOR('',#7442,1.);
#7442 = DIRECTION('',(4.440892098501E-16,-1.,0.));
#7443 = B_SPLINE_SURFACE_WITH_KNOTS('',1,1,(
    (#7444,#7445)
    ,(#7446,#7447
    )),.UNSPECIFIED.,.F.,.F.,.F.,(2,2),(2,2),(0.,19.177),(0.,1.),
  .PIECEWISE_BEZIER_KNOTS.);
#7444 = CARTESIAN_POINT('',(0.635,0.6985,2.157));
#7445 = CARTESIAN_POINT('',(0.71,0.6235,2.157));
#7446 = CARTESIAN_POINT('',(0.635,-18.4785,2.157));
#7447 = CARTESIAN_POINT('',(0.71,-18.4035,2.157));
#7448 = ADVANCED_FACE('',(#7449),#7501,.F.);
#7449 = FACE_BOUND('',#7450,.F.);
#7450 = EDGE_LOOP('',(#7451,#7462,#7468,#7469,#7470,#7479,#7487,#7495));
#7451 = ORIENTED_EDGE('',*,*,#7452,.F.);
#7452 = EDGE_CURVE('',#7453,#7455,#7457,.T.);
#7453 = VERTEX_POINT('',#7454);
#7454 = CARTESIAN_POINT('',(0.254,-5.842,2.157));
#7455 = VERTEX_POINT('',#7456);
#7456 = CARTESIAN_POINT('',(-0.127,-5.842,1.776));
#7457 = CIRCLE('',#7458,0.381);
#7458 = AXIS2_PLACEMENT_3D('',#7459,#7460,#7461);
#7459 = CARTESIAN_POINT('',(0.254,-5.842,1.776));
#7460 = DIRECTION('',(4.440892098501E-16,-1.,0.));
#7461 = DIRECTION('',(0.,0.,1.));
#7462 = ORIENTED_EDGE('',*,*,#7463,.F.);
#7463 = EDGE_CURVE('',#5091,#7453,#7464,.T.);
#7464 = LINE('',#7465,#7466);
#7465 = CARTESIAN_POINT('',(3.937,-5.842,2.157));
#7466 = VECTOR('',#7467,1.);
#7467 = DIRECTION('',(-1.,-4.440892098501E-16,0.));
#7468 = ORIENTED_EDGE('',*,*,#5090,.T.);
#7469 = ORIENTED_EDGE('',*,*,#5044,.T.);
#7470 = ORIENTED_EDGE('',*,*,#7471,.F.);
#7471 = EDGE_CURVE('',#7472,#5037,#7474,.T.);
#7472 = VERTEX_POINT('',#7473);
#7473 = CARTESIAN_POINT('',(0.127,-5.842,1.776));
#7474 = CIRCLE('',#7475,0.127);
#7475 = AXIS2_PLACEMENT_3D('',#7476,#7477,#7478);
#7476 = CARTESIAN_POINT('',(0.254,-5.842,1.776));
#7477 = DIRECTION('',(-4.440892098501E-16,1.,0.));
#7478 = DIRECTION('',(0.,0.,-1.));
#7479 = ORIENTED_EDGE('',*,*,#7480,.F.);
#7480 = EDGE_CURVE('',#7481,#7472,#7483,.T.);
#7481 = VERTEX_POINT('',#7482);
#7482 = CARTESIAN_POINT('',(0.127,-5.842,0.));
#7483 = LINE('',#7484,#7485);
#7484 = CARTESIAN_POINT('',(0.127,-5.842,0.));
#7485 = VECTOR('',#7486,1.);
#7486 = DIRECTION('',(1.828606641681E-31,-4.11765609504E-16,1.));
#7487 = ORIENTED_EDGE('',*,*,#7488,.F.);
#7488 = EDGE_CURVE('',#7489,#7481,#7491,.T.);
#7489 = VERTEX_POINT('',#7490);
#7490 = CARTESIAN_POINT('',(-0.127,-5.842,0.));
#7491 = LINE('',#7492,#7493);
#7492 = CARTESIAN_POINT('',(-0.127,-5.842,0.));
#7493 = VECTOR('',#7494,1.);
#7494 = DIRECTION('',(1.,4.440892098501E-16,0.));
#7495 = ORIENTED_EDGE('',*,*,#7496,.T.);
#7496 = EDGE_CURVE('',#7489,#7455,#7497,.T.);
#7497 = LINE('',#7498,#7499);
#7498 = CARTESIAN_POINT('',(-0.127,-5.842,0.));
#7499 = VECTOR('',#7500,1.);
#7500 = DIRECTION('',(1.828606641681E-31,-4.11765609504E-16,1.));
#7501 = PLANE('',#7502);
#7502 = AXIS2_PLACEMENT_3D('',#7503,#7504,#7505);
#7503 = CARTESIAN_POINT('',(0.254,-5.842,2.157));
#7504 = DIRECTION('',(-4.440892098501E-16,1.,0.));
#7505 = DIRECTION('',(0.,0.,1.));
#7506 = ADVANCED_FACE('',(#7507),#7518,.F.);
#7507 = FACE_BOUND('',#7508,.F.);
#7508 = EDGE_LOOP('',(#7509,#7515,#7516,#7517));
#7509 = ORIENTED_EDGE('',*,*,#7510,.T.);
#7510 = EDGE_CURVE('',#7325,#7472,#7511,.T.);
#7511 = LINE('',#7512,#7513);
#7512 = CARTESIAN_POINT('',(0.127,-4.318,1.776));
#7513 = VECTOR('',#7514,1.);
#7514 = DIRECTION('',(4.440892098501E-16,-1.,0.));
#7515 = ORIENTED_EDGE('',*,*,#7471,.T.);
#7516 = ORIENTED_EDGE('',*,*,#5036,.F.);
#7517 = ORIENTED_EDGE('',*,*,#7324,.F.);
#7518 = CYLINDRICAL_SURFACE('',#7519,0.127);
#7519 = AXIS2_PLACEMENT_3D('',#7520,#7521,#7522);
#7520 = CARTESIAN_POINT('',(0.254,-4.318,1.776));
#7521 = DIRECTION('',(4.440892098501E-16,-1.,0.));
#7522 = DIRECTION('',(-1.,-4.440892098501E-16,0.));
#7523 = ADVANCED_FACE('',(#7524),#7576,.T.);
#7524 = FACE_BOUND('',#7525,.T.);
#7525 = EDGE_LOOP('',(#7526,#7537,#7543,#7544,#7545,#7554,#7562,#7570));
#7526 = ORIENTED_EDGE('',*,*,#7527,.F.);
#7527 = EDGE_CURVE('',#7528,#7530,#7532,.T.);
#7528 = VERTEX_POINT('',#7529);
#7529 = CARTESIAN_POINT('',(0.254,-11.938,2.157));
#7530 = VERTEX_POINT('',#7531);
#7531 = CARTESIAN_POINT('',(-0.127,-11.938,1.776));
#7532 = CIRCLE('',#7533,0.381);
#7533 = AXIS2_PLACEMENT_3D('',#7534,#7535,#7536);
#7534 = CARTESIAN_POINT('',(0.254,-11.938,1.776));
#7535 = DIRECTION('',(4.440892098501E-16,-1.,0.));
#7536 = DIRECTION('',(0.,0.,1.));
#7537 = ORIENTED_EDGE('',*,*,#7538,.T.);
#7538 = EDGE_CURVE('',#7528,#5131,#7539,.T.);
#7539 = LINE('',#7540,#7541);
#7540 = CARTESIAN_POINT('',(4.440892098501E-16,-11.938,2.157));
#7541 = VECTOR('',#7542,1.);
#7542 = DIRECTION('',(1.,4.440892098501E-16,0.));
#7543 = ORIENTED_EDGE('',*,*,#5130,.T.);
#7544 = ORIENTED_EDGE('',*,*,#5059,.F.);
#7545 = ORIENTED_EDGE('',*,*,#7546,.F.);
#7546 = EDGE_CURVE('',#7547,#5060,#7549,.T.);
#7547 = VERTEX_POINT('',#7548);
#7548 = CARTESIAN_POINT('',(0.127,-11.938,1.776));
#7549 = CIRCLE('',#7550,0.127);
#7550 = AXIS2_PLACEMENT_3D('',#7551,#7552,#7553);
#7551 = CARTESIAN_POINT('',(0.254,-11.938,1.776));
#7552 = DIRECTION('',(-4.440892098501E-16,1.,0.));
#7553 = DIRECTION('',(0.,0.,-1.));
#7554 = ORIENTED_EDGE('',*,*,#7555,.T.);
#7555 = EDGE_CURVE('',#7547,#7556,#7558,.T.);
#7556 = VERTEX_POINT('',#7557);
#7557 = CARTESIAN_POINT('',(0.127,-11.938,0.));
#7558 = LINE('',#7559,#7560);
#7559 = CARTESIAN_POINT('',(0.127,-11.938,2.157));
#7560 = VECTOR('',#7561,1.);
#7561 = DIRECTION('',(1.828606641681E-31,-4.11765609504E-16,-1.));
#7562 = ORIENTED_EDGE('',*,*,#7563,.F.);
#7563 = EDGE_CURVE('',#7564,#7556,#7566,.T.);
#7564 = VERTEX_POINT('',#7565);
#7565 = CARTESIAN_POINT('',(-0.127,-11.938,0.));
#7566 = LINE('',#7567,#7568);
#7567 = CARTESIAN_POINT('',(-0.127,-11.938,0.));
#7568 = VECTOR('',#7569,1.);
#7569 = DIRECTION('',(1.,4.440892098501E-16,0.));
#7570 = ORIENTED_EDGE('',*,*,#7571,.F.);
#7571 = EDGE_CURVE('',#7530,#7564,#7572,.T.);
#7572 = LINE('',#7573,#7574);
#7573 = CARTESIAN_POINT('',(-0.127,-11.938,2.157));
#7574 = VECTOR('',#7575,1.);
#7575 = DIRECTION('',(1.828606641681E-31,-4.11765609504E-16,-1.));
#7576 = PLANE('',#7577);
#7577 = AXIS2_PLACEMENT_3D('',#7578,#7579,#7580);
#7578 = CARTESIAN_POINT('',(0.254,-11.938,2.157));
#7579 = DIRECTION('',(-4.440892098501E-16,1.,0.));
#7580 = DIRECTION('',(0.,0.,1.));
#7581 = ADVANCED_FACE('',(#7582),#7593,.F.);
#7582 = FACE_BOUND('',#7583,.F.);
#7583 = EDGE_LOOP('',(#7584,#7590,#7591,#7592));
#7584 = ORIENTED_EDGE('',*,*,#7585,.T.);
#7585 = EDGE_CURVE('',#7547,#7383,#7586,.T.);
#7586 = LINE('',#7587,#7588);
#7587 = CARTESIAN_POINT('',(0.127,-11.938,1.776));
#7588 = VECTOR('',#7589,1.);
#7589 = DIRECTION('',(4.440892098501E-16,-1.,0.));
#7590 = ORIENTED_EDGE('',*,*,#7382,.T.);
#7591 = ORIENTED_EDGE('',*,*,#5067,.F.);
#7592 = ORIENTED_EDGE('',*,*,#7546,.F.);
#7593 = CYLINDRICAL_SURFACE('',#7594,0.127);
#7594 = AXIS2_PLACEMENT_3D('',#7595,#7596,#7597);
#7595 = CARTESIAN_POINT('',(0.254,-11.938,1.776));
#7596 = DIRECTION('',(4.440892098501E-16,-1.,0.));
#7597 = DIRECTION('',(-1.,-4.440892098501E-16,0.));
#7598 = ADVANCED_FACE('',(#7599),#7624,.T.);
#7599 = FACE_BOUND('',#7600,.T.);
#7600 = EDGE_LOOP('',(#7601,#7609,#7610,#7618));
#7601 = ORIENTED_EDGE('',*,*,#7602,.T.);
#7602 = EDGE_CURVE('',#7603,#5091,#7605,.T.);
#7603 = VERTEX_POINT('',#7604);
#7604 = CARTESIAN_POINT('',(0.71,-5.842,2.157));
#7605 = LINE('',#7606,#7607);
#7606 = CARTESIAN_POINT('',(3.937,-5.842,2.157));
#7607 = VECTOR('',#7608,1.);
#7608 = DIRECTION('',(-1.,-4.440892098501E-16,0.));
#7609 = ORIENTED_EDGE('',*,*,#5107,.T.);
#7610 = ORIENTED_EDGE('',*,*,#7611,.T.);
#7611 = EDGE_CURVE('',#5100,#7612,#7614,.T.);
#7612 = VERTEX_POINT('',#7613);
#7613 = CARTESIAN_POINT('',(0.71,-6.858,2.157));
#7614 = LINE('',#7615,#7616);
#7615 = CARTESIAN_POINT('',(-1.7763568394E-15,-6.858,2.157));
#7616 = VECTOR('',#7617,1.);
#7617 = DIRECTION('',(1.,4.440892098501E-16,0.));
#7618 = ORIENTED_EDGE('',*,*,#7619,.F.);
#7619 = EDGE_CURVE('',#7603,#7612,#7620,.T.);
#7620 = LINE('',#7621,#7622);
#7621 = CARTESIAN_POINT('',(0.71,0.6235,2.157));
#7622 = VECTOR('',#7623,1.);
#7623 = DIRECTION('',(4.440892098501E-16,-1.,0.));
#7624 = B_SPLINE_SURFACE_WITH_KNOTS('',1,1,(
    (#7625,#7626)
    ,(#7627,#7628
    )),.UNSPECIFIED.,.F.,.F.,.F.,(2,2),(2,2),(0.,19.177),(0.,1.),
  .PIECEWISE_BEZIER_KNOTS.);
#7625 = CARTESIAN_POINT('',(0.635,0.6985,2.157));
#7626 = CARTESIAN_POINT('',(0.71,0.6235,2.157));
#7627 = CARTESIAN_POINT('',(0.635,-18.4785,2.157));
#7628 = CARTESIAN_POINT('',(0.71,-18.4035,2.157));
#7629 = ADVANCED_FACE('',(#7630),#7682,.T.);
#7630 = FACE_BOUND('',#7631,.T.);
#7631 = EDGE_LOOP('',(#7632,#7643,#7649,#7650,#7651,#7660,#7668,#7676));
#7632 = ORIENTED_EDGE('',*,*,#7633,.F.);
#7633 = EDGE_CURVE('',#7634,#7636,#7638,.T.);
#7634 = VERTEX_POINT('',#7635);
#7635 = CARTESIAN_POINT('',(0.254,-6.858,2.157));
#7636 = VERTEX_POINT('',#7637);
#7637 = CARTESIAN_POINT('',(-0.127,-6.858,1.776));
#7638 = CIRCLE('',#7639,0.381);
#7639 = AXIS2_PLACEMENT_3D('',#7640,#7641,#7642);
#7640 = CARTESIAN_POINT('',(0.254,-6.858,1.776));
#7641 = DIRECTION('',(4.440892098501E-16,-1.,0.));
#7642 = DIRECTION('',(0.,0.,1.));
#7643 = ORIENTED_EDGE('',*,*,#7644,.T.);
#7644 = EDGE_CURVE('',#7634,#5100,#7645,.T.);
#7645 = LINE('',#7646,#7647);
#7646 = CARTESIAN_POINT('',(-1.7763568394E-15,-6.858,2.157));
#7647 = VECTOR('',#7648,1.);
#7648 = DIRECTION('',(1.,4.440892098501E-16,0.));
#7649 = ORIENTED_EDGE('',*,*,#5099,.T.);
#7650 = ORIENTED_EDGE('',*,*,#5152,.F.);
#7651 = ORIENTED_EDGE('',*,*,#7652,.F.);
#7652 = EDGE_CURVE('',#7653,#5153,#7655,.T.);
#7653 = VERTEX_POINT('',#7654);
#7654 = CARTESIAN_POINT('',(0.127,-6.858,1.776));
#7655 = CIRCLE('',#7656,0.127);
#7656 = AXIS2_PLACEMENT_3D('',#7657,#7658,#7659);
#7657 = CARTESIAN_POINT('',(0.254,-6.858,1.776));
#7658 = DIRECTION('',(-4.440892098501E-16,1.,0.));
#7659 = DIRECTION('',(0.,0.,-1.));
#7660 = ORIENTED_EDGE('',*,*,#7661,.T.);
#7661 = EDGE_CURVE('',#7653,#7662,#7664,.T.);
#7662 = VERTEX_POINT('',#7663);
#7663 = CARTESIAN_POINT('',(0.127,-6.858,0.));
#7664 = LINE('',#7665,#7666);
#7665 = CARTESIAN_POINT('',(0.127,-6.858,2.157));
#7666 = VECTOR('',#7667,1.);
#7667 = DIRECTION('',(1.828606641681E-31,-4.11765609504E-16,-1.));
#7668 = ORIENTED_EDGE('',*,*,#7669,.F.);
#7669 = EDGE_CURVE('',#7670,#7662,#7672,.T.);
#7670 = VERTEX_POINT('',#7671);
#7671 = CARTESIAN_POINT('',(-0.127,-6.858,0.));
#7672 = LINE('',#7673,#7674);
#7673 = CARTESIAN_POINT('',(-0.127,-6.858,0.));
#7674 = VECTOR('',#7675,1.);
#7675 = DIRECTION('',(1.,4.440892098501E-16,0.));
#7676 = ORIENTED_EDGE('',*,*,#7677,.F.);
#7677 = EDGE_CURVE('',#7636,#7670,#7678,.T.);
#7678 = LINE('',#7679,#7680);
#7679 = CARTESIAN_POINT('',(-0.127,-6.858,2.157));
#7680 = VECTOR('',#7681,1.);
#7681 = DIRECTION('',(1.828606641681E-31,-4.11765609504E-16,-1.));
#7682 = PLANE('',#7683);
#7683 = AXIS2_PLACEMENT_3D('',#7684,#7685,#7686);
#7684 = CARTESIAN_POINT('',(0.254,-6.858,2.157));
#7685 = DIRECTION('',(-4.440892098501E-16,1.,0.));
#7686 = DIRECTION('',(0.,0.,1.));
#7687 = ADVANCED_FACE('',(#7688),#7740,.F.);
#7688 = FACE_BOUND('',#7689,.F.);
#7689 = EDGE_LOOP('',(#7690,#7701,#7707,#7708,#7709,#7718,#7726,#7734));
#7690 = ORIENTED_EDGE('',*,*,#7691,.F.);
#7691 = EDGE_CURVE('',#7692,#7694,#7696,.T.);
#7692 = VERTEX_POINT('',#7693);
#7693 = CARTESIAN_POINT('',(0.254,-10.922,2.157));
#7694 = VERTEX_POINT('',#7695);
#7695 = CARTESIAN_POINT('',(-0.127,-10.922,1.776));
#7696 = CIRCLE('',#7697,0.381);
#7697 = AXIS2_PLACEMENT_3D('',#7698,#7699,#7700);
#7698 = CARTESIAN_POINT('',(0.254,-10.922,1.776));
#7699 = DIRECTION('',(4.440892098501E-16,-1.,0.));
#7700 = DIRECTION('',(0.,0.,1.));
#7701 = ORIENTED_EDGE('',*,*,#7702,.F.);
#7702 = EDGE_CURVE('',#5122,#7692,#7703,.T.);
#7703 = LINE('',#7704,#7705);
#7704 = CARTESIAN_POINT('',(3.937,-10.922,2.157));
#7705 = VECTOR('',#7706,1.);
#7706 = DIRECTION('',(-1.,-4.440892098501E-16,0.));
#7707 = ORIENTED_EDGE('',*,*,#5121,.T.);
#7708 = ORIENTED_EDGE('',*,*,#5199,.T.);
#7709 = ORIENTED_EDGE('',*,*,#7710,.F.);
#7710 = EDGE_CURVE('',#7711,#5192,#7713,.T.);
#7711 = VERTEX_POINT('',#7712);
#7712 = CARTESIAN_POINT('',(0.127,-10.922,1.776));
#7713 = CIRCLE('',#7714,0.127);
#7714 = AXIS2_PLACEMENT_3D('',#7715,#7716,#7717);
#7715 = CARTESIAN_POINT('',(0.254,-10.922,1.776));
#7716 = DIRECTION('',(-4.440892098501E-16,1.,0.));
#7717 = DIRECTION('',(0.,0.,-1.));
#7718 = ORIENTED_EDGE('',*,*,#7719,.F.);
#7719 = EDGE_CURVE('',#7720,#7711,#7722,.T.);
#7720 = VERTEX_POINT('',#7721);
#7721 = CARTESIAN_POINT('',(0.127,-10.922,0.));
#7722 = LINE('',#7723,#7724);
#7723 = CARTESIAN_POINT('',(0.127,-10.922,0.));
#7724 = VECTOR('',#7725,1.);
#7725 = DIRECTION('',(1.828606641681E-31,-4.11765609504E-16,1.));
#7726 = ORIENTED_EDGE('',*,*,#7727,.F.);
#7727 = EDGE_CURVE('',#7728,#7720,#7730,.T.);
#7728 = VERTEX_POINT('',#7729);
#7729 = CARTESIAN_POINT('',(-0.127,-10.922,0.));
#7730 = LINE('',#7731,#7732);
#7731 = CARTESIAN_POINT('',(-0.127,-10.922,0.));
#7732 = VECTOR('',#7733,1.);
#7733 = DIRECTION('',(1.,4.440892098501E-16,0.));
#7734 = ORIENTED_EDGE('',*,*,#7735,.T.);
#7735 = EDGE_CURVE('',#7728,#7694,#7736,.T.);
#7736 = LINE('',#7737,#7738);
#7737 = CARTESIAN_POINT('',(-0.127,-10.922,0.));
#7738 = VECTOR('',#7739,1.);
#7739 = DIRECTION('',(1.828606641681E-31,-4.11765609504E-16,1.));
#7740 = PLANE('',#7741);
#7741 = AXIS2_PLACEMENT_3D('',#7742,#7743,#7744);
#7742 = CARTESIAN_POINT('',(0.254,-10.922,2.157));
#7743 = DIRECTION('',(-4.440892098501E-16,1.,0.));
#7744 = DIRECTION('',(0.,0.,1.));
#7745 = ADVANCED_FACE('',(#7746),#7771,.T.);
#7746 = FACE_BOUND('',#7747,.T.);
#7747 = EDGE_LOOP('',(#7748,#7756,#7757,#7765));
#7748 = ORIENTED_EDGE('',*,*,#7749,.T.);
#7749 = EDGE_CURVE('',#7750,#5122,#7752,.T.);
#7750 = VERTEX_POINT('',#7751);
#7751 = CARTESIAN_POINT('',(0.71,-10.922,2.157));
#7752 = LINE('',#7753,#7754);
#7753 = CARTESIAN_POINT('',(3.937,-10.922,2.157));
#7754 = VECTOR('',#7755,1.);
#7755 = DIRECTION('',(-1.,-4.440892098501E-16,0.));
#7756 = ORIENTED_EDGE('',*,*,#5138,.T.);
#7757 = ORIENTED_EDGE('',*,*,#7758,.T.);
#7758 = EDGE_CURVE('',#5131,#7759,#7761,.T.);
#7759 = VERTEX_POINT('',#7760);
#7760 = CARTESIAN_POINT('',(0.71,-11.938,2.157));
#7761 = LINE('',#7762,#7763);
#7762 = CARTESIAN_POINT('',(4.440892098501E-16,-11.938,2.157));
#7763 = VECTOR('',#7764,1.);
#7764 = DIRECTION('',(1.,4.440892098501E-16,0.));
#7765 = ORIENTED_EDGE('',*,*,#7766,.F.);
#7766 = EDGE_CURVE('',#7750,#7759,#7767,.T.);
#7767 = LINE('',#7768,#7769);
#7768 = CARTESIAN_POINT('',(0.71,0.6235,2.157));
#7769 = VECTOR('',#7770,1.);
#7770 = DIRECTION('',(4.440892098501E-16,-1.,0.));
#7771 = B_SPLINE_SURFACE_WITH_KNOTS('',1,1,(
    (#7772,#7773)
    ,(#7774,#7775
    )),.UNSPECIFIED.,.F.,.F.,.F.,(2,2),(2,2),(0.,19.177),(0.,1.),
  .PIECEWISE_BEZIER_KNOTS.);
#7772 = CARTESIAN_POINT('',(0.635,0.6985,2.157));
#7773 = CARTESIAN_POINT('',(0.71,0.6235,2.157));
#7774 = CARTESIAN_POINT('',(0.635,-18.4785,2.157));
#7775 = CARTESIAN_POINT('',(0.71,-18.4035,2.157));
#7776 = ADVANCED_FACE('',(#7777),#7829,.F.);
#7777 = FACE_BOUND('',#7778,.F.);
#7778 = EDGE_LOOP('',(#7779,#7790,#7796,#7797,#7798,#7807,#7815,#7823));
#7779 = ORIENTED_EDGE('',*,*,#7780,.F.);
#7780 = EDGE_CURVE('',#7781,#7783,#7785,.T.);
#7781 = VERTEX_POINT('',#7782);
#7782 = CARTESIAN_POINT('',(0.254,-8.382,2.157));
#7783 = VERTEX_POINT('',#7784);
#7784 = CARTESIAN_POINT('',(-0.127,-8.382,1.776));
#7785 = CIRCLE('',#7786,0.381);
#7786 = AXIS2_PLACEMENT_3D('',#7787,#7788,#7789);
#7787 = CARTESIAN_POINT('',(0.254,-8.382,1.776));
#7788 = DIRECTION('',(4.440892098501E-16,-1.,0.));
#7789 = DIRECTION('',(0.,0.,1.));
#7790 = ORIENTED_EDGE('',*,*,#7791,.F.);
#7791 = EDGE_CURVE('',#5215,#7781,#7792,.T.);
#7792 = LINE('',#7793,#7794);
#7793 = CARTESIAN_POINT('',(3.937,-8.382,2.157));
#7794 = VECTOR('',#7795,1.);
#7795 = DIRECTION('',(-1.,-4.440892098501E-16,0.));
#7796 = ORIENTED_EDGE('',*,*,#5214,.T.);
#7797 = ORIENTED_EDGE('',*,*,#5168,.T.);
#7798 = ORIENTED_EDGE('',*,*,#7799,.F.);
#7799 = EDGE_CURVE('',#7800,#5161,#7802,.T.);
#7800 = VERTEX_POINT('',#7801);
#7801 = CARTESIAN_POINT('',(0.127,-8.382,1.776));
#7802 = CIRCLE('',#7803,0.127);
#7803 = AXIS2_PLACEMENT_3D('',#7804,#7805,#7806);
#7804 = CARTESIAN_POINT('',(0.254,-8.382,1.776));
#7805 = DIRECTION('',(-4.440892098501E-16,1.,0.));
#7806 = DIRECTION('',(0.,0.,-1.));
#7807 = ORIENTED_EDGE('',*,*,#7808,.F.);
#7808 = EDGE_CURVE('',#7809,#7800,#7811,.T.);
#7809 = VERTEX_POINT('',#7810);
#7810 = CARTESIAN_POINT('',(0.127,-8.382,0.));
#7811 = LINE('',#7812,#7813);
#7812 = CARTESIAN_POINT('',(0.127,-8.382,0.));
#7813 = VECTOR('',#7814,1.);
#7814 = DIRECTION('',(1.828606641681E-31,-4.11765609504E-16,1.));
#7815 = ORIENTED_EDGE('',*,*,#7816,.F.);
#7816 = EDGE_CURVE('',#7817,#7809,#7819,.T.);
#7817 = VERTEX_POINT('',#7818);
#7818 = CARTESIAN_POINT('',(-0.127,-8.382,0.));
#7819 = LINE('',#7820,#7821);
#7820 = CARTESIAN_POINT('',(-0.127,-8.382,0.));
#7821 = VECTOR('',#7822,1.);
#7822 = DIRECTION('',(1.,4.440892098501E-16,0.));
#7823 = ORIENTED_EDGE('',*,*,#7824,.T.);
#7824 = EDGE_CURVE('',#7817,#7783,#7825,.T.);
#7825 = LINE('',#7826,#7827);
#7826 = CARTESIAN_POINT('',(-0.127,-8.382,0.));
#7827 = VECTOR('',#7828,1.);
#7828 = DIRECTION('',(1.828606641681E-31,-4.11765609504E-16,1.));
#7829 = PLANE('',#7830);
#7830 = AXIS2_PLACEMENT_3D('',#7831,#7832,#7833);
#7831 = CARTESIAN_POINT('',(0.254,-8.382,2.157));
#7832 = DIRECTION('',(-4.440892098501E-16,1.,0.));
#7833 = DIRECTION('',(0.,0.,1.));
#7834 = ADVANCED_FACE('',(#7835),#7846,.F.);
#7835 = FACE_BOUND('',#7836,.F.);
#7836 = EDGE_LOOP('',(#7837,#7843,#7844,#7845));
#7837 = ORIENTED_EDGE('',*,*,#7838,.T.);
#7838 = EDGE_CURVE('',#7653,#7800,#7839,.T.);
#7839 = LINE('',#7840,#7841);
#7840 = CARTESIAN_POINT('',(0.127,-6.858,1.776));
#7841 = VECTOR('',#7842,1.);
#7842 = DIRECTION('',(4.440892098501E-16,-1.,0.));
#7843 = ORIENTED_EDGE('',*,*,#7799,.T.);
#7844 = ORIENTED_EDGE('',*,*,#5160,.F.);
#7845 = ORIENTED_EDGE('',*,*,#7652,.F.);
#7846 = CYLINDRICAL_SURFACE('',#7847,0.127);
#7847 = AXIS2_PLACEMENT_3D('',#7848,#7849,#7850);
#7848 = CARTESIAN_POINT('',(0.254,-6.858,1.776));
#7849 = DIRECTION('',(4.440892098501E-16,-1.,0.));
#7850 = DIRECTION('',(-1.,-4.440892098501E-16,0.));
#7851 = ADVANCED_FACE('',(#7852),#7904,.T.);
#7852 = FACE_BOUND('',#7853,.T.);
#7853 = EDGE_LOOP('',(#7854,#7865,#7871,#7872,#7873,#7882,#7890,#7898));
#7854 = ORIENTED_EDGE('',*,*,#7855,.F.);
#7855 = EDGE_CURVE('',#7856,#7858,#7860,.T.);
#7856 = VERTEX_POINT('',#7857);
#7857 = CARTESIAN_POINT('',(0.254,-9.398,2.157));
#7858 = VERTEX_POINT('',#7859);
#7859 = CARTESIAN_POINT('',(-0.127,-9.398,1.776));
#7860 = CIRCLE('',#7861,0.381);
#7861 = AXIS2_PLACEMENT_3D('',#7862,#7863,#7864);
#7862 = CARTESIAN_POINT('',(0.254,-9.398,1.776));
#7863 = DIRECTION('',(4.440892098501E-16,-1.,0.));
#7864 = DIRECTION('',(0.,0.,1.));
#7865 = ORIENTED_EDGE('',*,*,#7866,.T.);
#7866 = EDGE_CURVE('',#7856,#5224,#7867,.T.);
#7867 = LINE('',#7868,#7869);
#7868 = CARTESIAN_POINT('',(-4.440892098501E-16,-9.398,2.157));
#7869 = VECTOR('',#7870,1.);
#7870 = DIRECTION('',(1.,4.440892098501E-16,0.));
#7871 = ORIENTED_EDGE('',*,*,#5223,.T.);
#7872 = ORIENTED_EDGE('',*,*,#5183,.F.);
#7873 = ORIENTED_EDGE('',*,*,#7874,.F.);
#7874 = EDGE_CURVE('',#7875,#5184,#7877,.T.);
#7875 = VERTEX_POINT('',#7876);
#7876 = CARTESIAN_POINT('',(0.127,-9.398,1.776));
#7877 = CIRCLE('',#7878,0.127);
#7878 = AXIS2_PLACEMENT_3D('',#7879,#7880,#7881);
#7879 = CARTESIAN_POINT('',(0.254,-9.398,1.776));
#7880 = DIRECTION('',(-4.440892098501E-16,1.,0.));
#7881 = DIRECTION('',(0.,0.,-1.));
#7882 = ORIENTED_EDGE('',*,*,#7883,.T.);
#7883 = EDGE_CURVE('',#7875,#7884,#7886,.T.);
#7884 = VERTEX_POINT('',#7885);
#7885 = CARTESIAN_POINT('',(0.127,-9.398,0.));
#7886 = LINE('',#7887,#7888);
#7887 = CARTESIAN_POINT('',(0.127,-9.398,2.157));
#7888 = VECTOR('',#7889,1.);
#7889 = DIRECTION('',(1.828606641681E-31,-4.11765609504E-16,-1.));
#7890 = ORIENTED_EDGE('',*,*,#7891,.F.);
#7891 = EDGE_CURVE('',#7892,#7884,#7894,.T.);
#7892 = VERTEX_POINT('',#7893);
#7893 = CARTESIAN_POINT('',(-0.127,-9.398,0.));
#7894 = LINE('',#7895,#7896);
#7895 = CARTESIAN_POINT('',(-0.127,-9.398,0.));
#7896 = VECTOR('',#7897,1.);
#7897 = DIRECTION('',(1.,4.440892098501E-16,0.));
#7898 = ORIENTED_EDGE('',*,*,#7899,.F.);
#7899 = EDGE_CURVE('',#7858,#7892,#7900,.T.);
#7900 = LINE('',#7901,#7902);
#7901 = CARTESIAN_POINT('',(-0.127,-9.398,2.157));
#7902 = VECTOR('',#7903,1.);
#7903 = DIRECTION('',(1.828606641681E-31,-4.11765609504E-16,-1.));
#7904 = PLANE('',#7905);
#7905 = AXIS2_PLACEMENT_3D('',#7906,#7907,#7908);
#7906 = CARTESIAN_POINT('',(0.254,-9.398,2.157));
#7907 = DIRECTION('',(-4.440892098501E-16,1.,0.));
#7908 = DIRECTION('',(0.,0.,1.));
#7909 = ADVANCED_FACE('',(#7910),#7921,.F.);
#7910 = FACE_BOUND('',#7911,.F.);
#7911 = EDGE_LOOP('',(#7912,#7918,#7919,#7920));
#7912 = ORIENTED_EDGE('',*,*,#7913,.T.);
#7913 = EDGE_CURVE('',#7875,#7711,#7914,.T.);
#7914 = LINE('',#7915,#7916);
#7915 = CARTESIAN_POINT('',(0.127,-9.398,1.776));
#7916 = VECTOR('',#7917,1.);
#7917 = DIRECTION('',(4.440892098501E-16,-1.,0.));
#7918 = ORIENTED_EDGE('',*,*,#7710,.T.);
#7919 = ORIENTED_EDGE('',*,*,#5191,.F.);
#7920 = ORIENTED_EDGE('',*,*,#7874,.F.);
#7921 = CYLINDRICAL_SURFACE('',#7922,0.127);
#7922 = AXIS2_PLACEMENT_3D('',#7923,#7924,#7925);
#7923 = CARTESIAN_POINT('',(0.254,-9.398,1.776));
#7924 = DIRECTION('',(4.440892098501E-16,-1.,0.));
#7925 = DIRECTION('',(-1.,-4.440892098501E-16,0.));
#7926 = ADVANCED_FACE('',(#7927),#7952,.T.);
#7927 = FACE_BOUND('',#7928,.T.);
#7928 = EDGE_LOOP('',(#7929,#7937,#7938,#7946));
#7929 = ORIENTED_EDGE('',*,*,#7930,.T.);
#7930 = EDGE_CURVE('',#7931,#5215,#7933,.T.);
#7931 = VERTEX_POINT('',#7932);
#7932 = CARTESIAN_POINT('',(0.71,-8.382,2.157));
#7933 = LINE('',#7934,#7935);
#7934 = CARTESIAN_POINT('',(3.937,-8.382,2.157));
#7935 = VECTOR('',#7936,1.);
#7936 = DIRECTION('',(-1.,-4.440892098501E-16,0.));
#7937 = ORIENTED_EDGE('',*,*,#5231,.T.);
#7938 = ORIENTED_EDGE('',*,*,#7939,.T.);
#7939 = EDGE_CURVE('',#5224,#7940,#7942,.T.);
#7940 = VERTEX_POINT('',#7941);
#7941 = CARTESIAN_POINT('',(0.71,-9.398,2.157));
#7942 = LINE('',#7943,#7944);
#7943 = CARTESIAN_POINT('',(-4.440892098501E-16,-9.398,2.157));
#7944 = VECTOR('',#7945,1.);
#7945 = DIRECTION('',(1.,4.440892098501E-16,0.));
#7946 = ORIENTED_EDGE('',*,*,#7947,.F.);
#7947 = EDGE_CURVE('',#7931,#7940,#7948,.T.);
#7948 = LINE('',#7949,#7950);
#7949 = CARTESIAN_POINT('',(0.71,0.6235,2.157));
#7950 = VECTOR('',#7951,1.);
#7951 = DIRECTION('',(4.440892098501E-16,-1.,0.));
#7952 = B_SPLINE_SURFACE_WITH_KNOTS('',1,1,(
    (#7953,#7954)
    ,(#7955,#7956
    )),.UNSPECIFIED.,.F.,.F.,.F.,(2,2),(2,2),(0.,19.177),(0.,1.),
  .PIECEWISE_BEZIER_KNOTS.);
#7953 = CARTESIAN_POINT('',(0.635,0.6985,2.157));
#7954 = CARTESIAN_POINT('',(0.71,0.6235,2.157));
#7955 = CARTESIAN_POINT('',(0.635,-18.4785,2.157));
#7956 = CARTESIAN_POINT('',(0.71,-18.4035,2.157));
#7957 = ADVANCED_FACE('',(#7958),#7969,.T.);
#7958 = FACE_BOUND('',#7959,.T.);
#7959 = EDGE_LOOP('',(#7960,#7961,#7962,#7968));
#7960 = ORIENTED_EDGE('',*,*,#5247,.T.);
#7961 = ORIENTED_EDGE('',*,*,#5262,.T.);
#7962 = ORIENTED_EDGE('',*,*,#7963,.F.);
#7963 = EDGE_CURVE('',#6776,#5263,#7964,.T.);
#7964 = LINE('',#7965,#7966);
#7965 = CARTESIAN_POINT('',(0.71,-18.4035,2.157));
#7966 = VECTOR('',#7967,1.);
#7967 = DIRECTION('',(1.,4.440892098501E-16,0.));
#7968 = ORIENTED_EDGE('',*,*,#6775,.F.);
#7969 = B_SPLINE_SURFACE_WITH_KNOTS('',1,1,(
    (#7970,#7971)
    ,(#7972,#7973
    )),.UNSPECIFIED.,.F.,.F.,.F.,(2,2),(2,2),(0.,6.35),(0.,1.),
  .PIECEWISE_BEZIER_KNOTS.);
#7970 = CARTESIAN_POINT('',(0.635,-18.4785,2.157));
#7971 = CARTESIAN_POINT('',(0.71,-18.4035,2.157));
#7972 = CARTESIAN_POINT('',(6.985,-18.4785,2.157));
#7973 = CARTESIAN_POINT('',(6.91,-18.4035,2.157));
#7974 = ADVANCED_FACE('',(#7975),#8054,.T.);
#7975 = FACE_BOUND('',#7976,.T.);
#7976 = EDGE_LOOP('',(#7977,#7978,#7984,#7985,#7991,#7992,#7998,#7999,
    #8005,#8006,#8012,#8013,#8019,#8020,#8026,#8027,#8033,#8034,#8041,
    #8049));
#7977 = ORIENTED_EDGE('',*,*,#5278,.T.);
#7978 = ORIENTED_EDGE('',*,*,#7979,.T.);
#7979 = EDGE_CURVE('',#5271,#5589,#7980,.T.);
#7980 = LINE('',#7981,#7982);
#7981 = CARTESIAN_POINT('',(6.91,-18.4035,2.157));
#7982 = VECTOR('',#7983,1.);
#7983 = DIRECTION('',(-4.440892098501E-16,1.,0.));
#7984 = ORIENTED_EDGE('',*,*,#5605,.T.);
#7985 = ORIENTED_EDGE('',*,*,#7986,.T.);
#7986 = EDGE_CURVE('',#5598,#5917,#7987,.T.);
#7987 = LINE('',#7988,#7989);
#7988 = CARTESIAN_POINT('',(6.91,-18.4035,2.157));
#7989 = VECTOR('',#7990,1.);
#7990 = DIRECTION('',(-4.440892098501E-16,1.,0.));
#7991 = ORIENTED_EDGE('',*,*,#5933,.T.);
#7992 = ORIENTED_EDGE('',*,*,#7993,.T.);
#7993 = EDGE_CURVE('',#5926,#6245,#7994,.T.);
#7994 = LINE('',#7995,#7996);
#7995 = CARTESIAN_POINT('',(6.91,-18.4035,2.157));
#7996 = VECTOR('',#7997,1.);
#7997 = DIRECTION('',(-4.440892098501E-16,1.,0.));
#7998 = ORIENTED_EDGE('',*,*,#6261,.T.);
#7999 = ORIENTED_EDGE('',*,*,#8000,.T.);
#8000 = EDGE_CURVE('',#6254,#6573,#8001,.T.);
#8001 = LINE('',#8002,#8003);
#8002 = CARTESIAN_POINT('',(6.91,-18.4035,2.157));
#8003 = VECTOR('',#8004,1.);
#8004 = DIRECTION('',(-4.440892098501E-16,1.,0.));
#8005 = ORIENTED_EDGE('',*,*,#6589,.T.);
#8006 = ORIENTED_EDGE('',*,*,#8007,.T.);
#8007 = EDGE_CURVE('',#6582,#6392,#8008,.T.);
#8008 = LINE('',#8009,#8010);
#8009 = CARTESIAN_POINT('',(6.91,-18.4035,2.157));
#8010 = VECTOR('',#8011,1.);
#8011 = DIRECTION('',(-4.440892098501E-16,1.,0.));
#8012 = ORIENTED_EDGE('',*,*,#6408,.T.);
#8013 = ORIENTED_EDGE('',*,*,#8014,.T.);
#8014 = EDGE_CURVE('',#6401,#6064,#8015,.T.);
#8015 = LINE('',#8016,#8017);
#8016 = CARTESIAN_POINT('',(6.91,-18.4035,2.157));
#8017 = VECTOR('',#8018,1.);
#8018 = DIRECTION('',(-4.440892098501E-16,1.,0.));
#8019 = ORIENTED_EDGE('',*,*,#6080,.T.);
#8020 = ORIENTED_EDGE('',*,*,#8021,.T.);
#8021 = EDGE_CURVE('',#6073,#5736,#8022,.T.);
#8022 = LINE('',#8023,#8024);
#8023 = CARTESIAN_POINT('',(6.91,-18.4035,2.157));
#8024 = VECTOR('',#8025,1.);
#8025 = DIRECTION('',(-4.440892098501E-16,1.,0.));
#8026 = ORIENTED_EDGE('',*,*,#5752,.T.);
#8027 = ORIENTED_EDGE('',*,*,#8028,.T.);
#8028 = EDGE_CURVE('',#5745,#5409,#8029,.T.);
#8029 = LINE('',#8030,#8031);
#8030 = CARTESIAN_POINT('',(6.91,-18.4035,2.157));
#8031 = VECTOR('',#8032,1.);
#8032 = DIRECTION('',(-4.440892098501E-16,1.,0.));
#8033 = ORIENTED_EDGE('',*,*,#5424,.T.);
#8034 = ORIENTED_EDGE('',*,*,#8035,.T.);
#8035 = EDGE_CURVE('',#5418,#8036,#8038,.T.);
#8036 = VERTEX_POINT('',#8037);
#8037 = CARTESIAN_POINT('',(6.586276356577,0.299776356577,3.68));
#8038 = B_SPLINE_CURVE_WITH_KNOTS('',1,(#8039,#8040),.UNSPECIFIED.,.F.,
  .F.,(2,2),(0.,1.),.PIECEWISE_BEZIER_KNOTS.);
#8039 = CARTESIAN_POINT('',(6.91,0.6235,2.157));
#8040 = CARTESIAN_POINT('',(6.586276356577,0.299776356577,3.68));
#8041 = ORIENTED_EDGE('',*,*,#8042,.F.);
#8042 = EDGE_CURVE('',#8043,#8036,#8045,.T.);
#8043 = VERTEX_POINT('',#8044);
#8044 = CARTESIAN_POINT('',(6.586276356577,-18.07977635657,3.68));
#8045 = LINE('',#8046,#8047);
#8046 = CARTESIAN_POINT('',(6.586276356577,-18.07977635657,3.68));
#8047 = VECTOR('',#8048,1.);
#8048 = DIRECTION('',(-4.440892098501E-16,1.,0.));
#8049 = ORIENTED_EDGE('',*,*,#8050,.F.);
#8050 = EDGE_CURVE('',#5263,#8043,#8051,.T.);
#8051 = B_SPLINE_CURVE_WITH_KNOTS('',1,(#8052,#8053),.UNSPECIFIED.,.F.,
  .F.,(2,2),(0.,1.),.PIECEWISE_BEZIER_KNOTS.);
#8052 = CARTESIAN_POINT('',(6.91,-18.4035,2.157));
#8053 = CARTESIAN_POINT('',(6.586276356577,-18.07977635657,3.68));
#8054 = B_SPLINE_SURFACE_WITH_KNOTS('',1,1,(
    (#8055,#8056)
    ,(#8057,#8058
    )),.UNSPECIFIED.,.F.,.F.,.F.,(2,2),(2,2),(0.,19.027),(0.,1.),
  .PIECEWISE_BEZIER_KNOTS.);
#8055 = CARTESIAN_POINT('',(6.91,-18.4035,2.157));
#8056 = CARTESIAN_POINT('',(6.586276356577,-18.07977635657,3.68));
#8057 = CARTESIAN_POINT('',(6.91,0.6235,2.157));
#8058 = CARTESIAN_POINT('',(6.586276356577,0.299776356577,3.68));
#8059 = ADVANCED_FACE('',(#8060),#8073,.T.);
#8060 = FACE_BOUND('',#8061,.T.);
#8061 = EDGE_LOOP('',(#8062,#8063,#8064,#8065,#8071,#8072));
#8062 = ORIENTED_EDGE('',*,*,#7979,.F.);
#8063 = ORIENTED_EDGE('',*,*,#5270,.F.);
#8064 = ORIENTED_EDGE('',*,*,#5294,.F.);
#8065 = ORIENTED_EDGE('',*,*,#8066,.F.);
#8066 = EDGE_CURVE('',#5474,#5295,#8067,.T.);
#8067 = LINE('',#8068,#8069);
#8068 = CARTESIAN_POINT('',(7.366,-17.018,2.157));
#8069 = VECTOR('',#8070,1.);
#8070 = DIRECTION('',(3.216245299353E-16,-1.,0.));
#8071 = ORIENTED_EDGE('',*,*,#5482,.F.);
#8072 = ORIENTED_EDGE('',*,*,#5588,.F.);
#8073 = PLANE('',#8074);
#8074 = AXIS2_PLACEMENT_3D('',#8075,#8076,#8077);
#8075 = CARTESIAN_POINT('',(3.81,-18.0085,2.157));
#8076 = DIRECTION('',(0.,0.,1.));
#8077 = DIRECTION('',(-4.440892098501E-16,1.,0.));
#8078 = ADVANCED_FACE('',(#8079),#8122,.T.);
#8079 = FACE_BOUND('',#8080,.T.);
#8080 = EDGE_LOOP('',(#8081,#8082,#8083,#8084,#8092,#8100,#8108,#8116));
#8081 = ORIENTED_EDGE('',*,*,#5327,.F.);
#8082 = ORIENTED_EDGE('',*,*,#5496,.T.);
#8083 = ORIENTED_EDGE('',*,*,#5449,.F.);
#8084 = ORIENTED_EDGE('',*,*,#8085,.F.);
#8085 = EDGE_CURVE('',#8086,#5450,#8088,.T.);
#8086 = VERTEX_POINT('',#8087);
#8087 = CARTESIAN_POINT('',(7.493,-17.5515,0.));
#8088 = LINE('',#8089,#8090);
#8089 = CARTESIAN_POINT('',(7.493,-17.5515,0.));
#8090 = VECTOR('',#8091,1.);
#8091 = DIRECTION('',(-3.216245299353E-16,1.,0.));
#8092 = ORIENTED_EDGE('',*,*,#8093,.F.);
#8093 = EDGE_CURVE('',#8094,#8086,#8096,.T.);
#8094 = VERTEX_POINT('',#8095);
#8095 = CARTESIAN_POINT('',(7.493,-17.5515,-2.843));
#8096 = LINE('',#8097,#8098);
#8097 = CARTESIAN_POINT('',(7.493,-17.5515,-2.843));
#8098 = VECTOR('',#8099,1.);
#8099 = DIRECTION('',(-2.009567124409E-31,6.248177416111E-16,1.));
#8100 = ORIENTED_EDGE('',*,*,#8101,.F.);
#8101 = EDGE_CURVE('',#8102,#8094,#8104,.T.);
#8102 = VERTEX_POINT('',#8103);
#8103 = CARTESIAN_POINT('',(7.493,-17.66575,-3.3));
#8104 = LINE('',#8105,#8106);
#8105 = CARTESIAN_POINT('',(7.493,-17.66575,-3.3));
#8106 = VECTOR('',#8107,1.);
#8107 = DIRECTION('',(-7.800540639491E-17,0.242535625036,0.970142500145)
  );
#8108 = ORIENTED_EDGE('',*,*,#8109,.F.);
#8109 = EDGE_CURVE('',#8110,#8102,#8112,.T.);
#8110 = VERTEX_POINT('',#8111);
#8111 = CARTESIAN_POINT('',(7.493,-17.89425,-3.3));
#8112 = LINE('',#8113,#8114);
#8113 = CARTESIAN_POINT('',(7.493,-17.89425,-3.3));
#8114 = VECTOR('',#8115,1.);
#8115 = DIRECTION('',(-3.216245299353E-16,1.,0.));
#8116 = ORIENTED_EDGE('',*,*,#8117,.F.);
#8117 = EDGE_CURVE('',#5320,#8110,#8118,.T.);
#8118 = LINE('',#8119,#8120);
#8119 = CARTESIAN_POINT('',(7.493,-18.0085,-2.843));
#8120 = VECTOR('',#8121,1.);
#8121 = DIRECTION('',(-7.800540639491E-17,0.242535625036,-0.970142500145
    ));
#8122 = PLANE('',#8123);
#8123 = AXIS2_PLACEMENT_3D('',#8124,#8125,#8126);
#8124 = CARTESIAN_POINT('',(7.493,-18.0085,2.157));
#8125 = DIRECTION('',(-1.,-3.216245299353E-16,0.));
#8126 = DIRECTION('',(0.,-0.,-1.));
#8127 = ADVANCED_FACE('',(#8128),#8146,.T.);
#8128 = FACE_BOUND('',#8129,.T.);
#8129 = EDGE_LOOP('',(#8130,#8131,#8132,#8140));
#8130 = ORIENTED_EDGE('',*,*,#5319,.T.);
#8131 = ORIENTED_EDGE('',*,*,#8117,.T.);
#8132 = ORIENTED_EDGE('',*,*,#8133,.F.);
#8133 = EDGE_CURVE('',#8134,#8110,#8136,.T.);
#8134 = VERTEX_POINT('',#8135);
#8135 = CARTESIAN_POINT('',(7.747,-17.89425,-3.3));
#8136 = LINE('',#8137,#8138);
#8137 = CARTESIAN_POINT('',(7.747,-17.89425,-3.3));
#8138 = VECTOR('',#8139,1.);
#8139 = DIRECTION('',(-1.,-3.216245299353E-16,0.));
#8140 = ORIENTED_EDGE('',*,*,#8141,.F.);
#8141 = EDGE_CURVE('',#5312,#8134,#8142,.T.);
#8142 = LINE('',#8143,#8144);
#8143 = CARTESIAN_POINT('',(7.747,-18.0085,-2.843));
#8144 = VECTOR('',#8145,1.);
#8145 = DIRECTION('',(-7.800540639491E-17,0.242535625036,-0.970142500145
    ));
#8146 = PLANE('',#8147);
#8147 = AXIS2_PLACEMENT_3D('',#8148,#8149,#8150);
#8148 = CARTESIAN_POINT('',(7.747,-18.0085,-2.843));
#8149 = DIRECTION('',(3.120216255796E-16,-0.970142500145,-0.242535625036
    ));
#8150 = DIRECTION('',(-7.800540639491E-17,0.242535625036,-0.970142500145
    ));
#8151 = ADVANCED_FACE('',(#8152),#8193,.F.);
#8152 = FACE_BOUND('',#8153,.F.);
#8153 = EDGE_LOOP('',(#8154,#8155,#8161,#8162,#8170,#8178,#8186,#8192));
#8154 = ORIENTED_EDGE('',*,*,#5311,.F.);
#8155 = ORIENTED_EDGE('',*,*,#8156,.F.);
#8156 = EDGE_CURVE('',#5466,#5303,#8157,.T.);
#8157 = LINE('',#8158,#8159);
#8158 = CARTESIAN_POINT('',(7.747,-17.018,1.776));
#8159 = VECTOR('',#8160,1.);
#8160 = DIRECTION('',(3.216245299353E-16,-1.,0.));
#8161 = ORIENTED_EDGE('',*,*,#5465,.F.);
#8162 = ORIENTED_EDGE('',*,*,#8163,.F.);
#8163 = EDGE_CURVE('',#8164,#5458,#8166,.T.);
#8164 = VERTEX_POINT('',#8165);
#8165 = CARTESIAN_POINT('',(7.747,-17.5515,0.));
#8166 = LINE('',#8167,#8168);
#8167 = CARTESIAN_POINT('',(7.747,-17.5515,0.));
#8168 = VECTOR('',#8169,1.);
#8169 = DIRECTION('',(-3.216245299353E-16,1.,0.));
#8170 = ORIENTED_EDGE('',*,*,#8171,.F.);
#8171 = EDGE_CURVE('',#8172,#8164,#8174,.T.);
#8172 = VERTEX_POINT('',#8173);
#8173 = CARTESIAN_POINT('',(7.747,-17.5515,-2.843));
#8174 = LINE('',#8175,#8176);
#8175 = CARTESIAN_POINT('',(7.747,-17.5515,-2.843));
#8176 = VECTOR('',#8177,1.);
#8177 = DIRECTION('',(-2.009567124409E-31,6.248177416111E-16,1.));
#8178 = ORIENTED_EDGE('',*,*,#8179,.F.);
#8179 = EDGE_CURVE('',#8180,#8172,#8182,.T.);
#8180 = VERTEX_POINT('',#8181);
#8181 = CARTESIAN_POINT('',(7.747,-17.66575,-3.3));
#8182 = LINE('',#8183,#8184);
#8183 = CARTESIAN_POINT('',(7.747,-17.66575,-3.3));
#8184 = VECTOR('',#8185,1.);
#8185 = DIRECTION('',(-7.800540639491E-17,0.242535625036,0.970142500145)
  );
#8186 = ORIENTED_EDGE('',*,*,#8187,.F.);
#8187 = EDGE_CURVE('',#8134,#8180,#8188,.T.);
#8188 = LINE('',#8189,#8190);
#8189 = CARTESIAN_POINT('',(7.747,-17.89425,-3.3));
#8190 = VECTOR('',#8191,1.);
#8191 = DIRECTION('',(-3.216245299353E-16,1.,0.));
#8192 = ORIENTED_EDGE('',*,*,#8141,.F.);
#8193 = PLANE('',#8194);
#8194 = AXIS2_PLACEMENT_3D('',#8195,#8196,#8197);
#8195 = CARTESIAN_POINT('',(7.747,-18.0085,2.157));
#8196 = DIRECTION('',(-1.,-3.216245299353E-16,0.));
#8197 = DIRECTION('',(0.,-0.,-1.));
#8198 = ADVANCED_FACE('',(#8199),#8205,.T.);
#8199 = FACE_BOUND('',#8200,.T.);
#8200 = EDGE_LOOP('',(#8201,#8202,#8203,#8204));
#8201 = ORIENTED_EDGE('',*,*,#8066,.T.);
#8202 = ORIENTED_EDGE('',*,*,#5302,.T.);
#8203 = ORIENTED_EDGE('',*,*,#8156,.F.);
#8204 = ORIENTED_EDGE('',*,*,#5473,.F.);
#8205 = CYLINDRICAL_SURFACE('',#8206,0.381);
#8206 = AXIS2_PLACEMENT_3D('',#8207,#8208,#8209);
#8207 = CARTESIAN_POINT('',(7.366,-17.018,1.776));
#8208 = DIRECTION('',(3.216245299353E-16,-1.,0.));
#8209 = DIRECTION('',(0.,0.,1.));
#8210 = ADVANCED_FACE('',(#8211),#8224,.T.);
#8211 = FACE_BOUND('',#8212,.T.);
#8212 = EDGE_LOOP('',(#8213,#8214,#8215,#8216,#8222,#8223));
#8213 = ORIENTED_EDGE('',*,*,#8028,.F.);
#8214 = ORIENTED_EDGE('',*,*,#5744,.F.);
#8215 = ORIENTED_EDGE('',*,*,#5574,.F.);
#8216 = ORIENTED_EDGE('',*,*,#8217,.F.);
#8217 = EDGE_CURVE('',#5386,#5566,#8218,.T.);
#8218 = LINE('',#8219,#8220);
#8219 = CARTESIAN_POINT('',(7.366,0.2285,2.157));
#8220 = VECTOR('',#8221,1.);
#8221 = DIRECTION('',(3.216245299353E-16,-1.,0.));
#8222 = ORIENTED_EDGE('',*,*,#5394,.F.);
#8223 = ORIENTED_EDGE('',*,*,#5408,.F.);
#8224 = PLANE('',#8225);
#8225 = AXIS2_PLACEMENT_3D('',#8226,#8227,#8228);
#8226 = CARTESIAN_POINT('',(3.81,-0.762,2.157));
#8227 = DIRECTION('',(0.,0.,1.));
#8228 = DIRECTION('',(-4.440892098501E-16,1.,0.));
#8229 = ADVANCED_FACE('',(#8230),#8241,.T.);
#8230 = FACE_BOUND('',#8231,.T.);
#8231 = EDGE_LOOP('',(#8232,#8233,#8234,#8235));
#8232 = ORIENTED_EDGE('',*,*,#5385,.T.);
#8233 = ORIENTED_EDGE('',*,*,#8217,.T.);
#8234 = ORIENTED_EDGE('',*,*,#5565,.F.);
#8235 = ORIENTED_EDGE('',*,*,#8236,.F.);
#8236 = EDGE_CURVE('',#5378,#5558,#8237,.T.);
#8237 = LINE('',#8238,#8239);
#8238 = CARTESIAN_POINT('',(7.747,0.2285,1.776));
#8239 = VECTOR('',#8240,1.);
#8240 = DIRECTION('',(3.216245299353E-16,-1.,0.));
#8241 = CYLINDRICAL_SURFACE('',#8242,0.381);
#8242 = AXIS2_PLACEMENT_3D('',#8243,#8244,#8245);
#8243 = CARTESIAN_POINT('',(7.366,0.2285,1.776));
#8244 = DIRECTION('',(3.216245299353E-16,-1.,0.));
#8245 = DIRECTION('',(1.,3.216245299353E-16,0.));
#8246 = ADVANCED_FACE('',(#8247),#8290,.T.);
#8247 = FACE_BOUND('',#8248,.T.);
#8248 = EDGE_LOOP('',(#8249,#8250,#8251,#8252,#8260,#8268,#8276,#8284));
#8249 = ORIENTED_EDGE('',*,*,#5377,.F.);
#8250 = ORIENTED_EDGE('',*,*,#8236,.T.);
#8251 = ORIENTED_EDGE('',*,*,#5557,.F.);
#8252 = ORIENTED_EDGE('',*,*,#8253,.F.);
#8253 = EDGE_CURVE('',#8254,#5550,#8256,.T.);
#8254 = VERTEX_POINT('',#8255);
#8255 = CARTESIAN_POINT('',(7.747,-0.2285,0.));
#8256 = LINE('',#8257,#8258);
#8257 = CARTESIAN_POINT('',(7.747,-0.2285,0.));
#8258 = VECTOR('',#8259,1.);
#8259 = DIRECTION('',(3.216245299353E-16,-1.,0.));
#8260 = ORIENTED_EDGE('',*,*,#8261,.F.);
#8261 = EDGE_CURVE('',#8262,#8254,#8264,.T.);
#8262 = VERTEX_POINT('',#8263);
#8263 = CARTESIAN_POINT('',(7.747,-0.2285,-2.843));
#8264 = LINE('',#8265,#8266);
#8265 = CARTESIAN_POINT('',(7.747,-0.2285,-2.843));
#8266 = VECTOR('',#8267,1.);
#8267 = DIRECTION('',(2.009567124409E-31,-6.248177416111E-16,1.));
#8268 = ORIENTED_EDGE('',*,*,#8269,.F.);
#8269 = EDGE_CURVE('',#8270,#8262,#8272,.T.);
#8270 = VERTEX_POINT('',#8271);
#8271 = CARTESIAN_POINT('',(7.747,-0.11425,-3.3));
#8272 = LINE('',#8273,#8274);
#8273 = CARTESIAN_POINT('',(7.747,-0.11425,-3.3));
#8274 = VECTOR('',#8275,1.);
#8275 = DIRECTION('',(7.800540639491E-17,-0.242535625036,0.970142500145)
  );
#8276 = ORIENTED_EDGE('',*,*,#8277,.F.);
#8277 = EDGE_CURVE('',#8278,#8270,#8280,.T.);
#8278 = VERTEX_POINT('',#8279);
#8279 = CARTESIAN_POINT('',(7.747,0.11425,-3.3));
#8280 = LINE('',#8281,#8282);
#8281 = CARTESIAN_POINT('',(7.747,0.11425,-3.3));
#8282 = VECTOR('',#8283,1.);
#8283 = DIRECTION('',(3.216245299353E-16,-1.,0.));
#8284 = ORIENTED_EDGE('',*,*,#8285,.F.);
#8285 = EDGE_CURVE('',#5370,#8278,#8286,.T.);
#8286 = LINE('',#8287,#8288);
#8287 = CARTESIAN_POINT('',(7.747,0.2285,-2.843));
#8288 = VECTOR('',#8289,1.);
#8289 = DIRECTION('',(7.800540639491E-17,-0.242535625036,-0.970142500145
    ));
#8290 = PLANE('',#8291);
#8291 = AXIS2_PLACEMENT_3D('',#8292,#8293,#8294);
#8292 = CARTESIAN_POINT('',(7.747,0.2285,2.157));
#8293 = DIRECTION('',(1.,3.216245299353E-16,0.));
#8294 = DIRECTION('',(0.,-0.,1.));
#8295 = ADVANCED_FACE('',(#8296),#8314,.F.);
#8296 = FACE_BOUND('',#8297,.F.);
#8297 = EDGE_LOOP('',(#8298,#8299,#8307,#8313));
#8298 = ORIENTED_EDGE('',*,*,#5369,.T.);
#8299 = ORIENTED_EDGE('',*,*,#8300,.T.);
#8300 = EDGE_CURVE('',#5362,#8301,#8303,.T.);
#8301 = VERTEX_POINT('',#8302);
#8302 = CARTESIAN_POINT('',(7.493,0.11425,-3.3));
#8303 = LINE('',#8304,#8305);
#8304 = CARTESIAN_POINT('',(7.493,0.2285,-2.843));
#8305 = VECTOR('',#8306,1.);
#8306 = DIRECTION('',(7.800540639491E-17,-0.242535625036,-0.970142500145
    ));
#8307 = ORIENTED_EDGE('',*,*,#8308,.F.);
#8308 = EDGE_CURVE('',#8278,#8301,#8309,.T.);
#8309 = LINE('',#8310,#8311);
#8310 = CARTESIAN_POINT('',(7.747,0.11425,-3.3));
#8311 = VECTOR('',#8312,1.);
#8312 = DIRECTION('',(-1.,-3.216245299353E-16,0.));
#8313 = ORIENTED_EDGE('',*,*,#8285,.F.);
#8314 = PLANE('',#8315);
#8315 = AXIS2_PLACEMENT_3D('',#8316,#8317,#8318);
#8316 = CARTESIAN_POINT('',(7.747,0.2285,-2.843));
#8317 = DIRECTION('',(3.120216255796E-16,-0.970142500145,0.242535625036)
  );
#8318 = DIRECTION('',(7.800540639491E-17,-0.242535625036,-0.970142500145
    ));
#8319 = ADVANCED_FACE('',(#8320),#8356,.F.);
#8320 = FACE_BOUND('',#8321,.F.);
#8321 = EDGE_LOOP('',(#8322,#8323,#8324,#8325,#8333,#8341,#8349,#8355));
#8322 = ORIENTED_EDGE('',*,*,#5361,.F.);
#8323 = ORIENTED_EDGE('',*,*,#5524,.T.);
#8324 = ORIENTED_EDGE('',*,*,#5541,.F.);
#8325 = ORIENTED_EDGE('',*,*,#8326,.F.);
#8326 = EDGE_CURVE('',#8327,#5542,#8329,.T.);
#8327 = VERTEX_POINT('',#8328);
#8328 = CARTESIAN_POINT('',(7.493,-0.2285,0.));
#8329 = LINE('',#8330,#8331);
#8330 = CARTESIAN_POINT('',(7.493,-0.2285,0.));
#8331 = VECTOR('',#8332,1.);
#8332 = DIRECTION('',(3.216245299353E-16,-1.,0.));
#8333 = ORIENTED_EDGE('',*,*,#8334,.F.);
#8334 = EDGE_CURVE('',#8335,#8327,#8337,.T.);
#8335 = VERTEX_POINT('',#8336);
#8336 = CARTESIAN_POINT('',(7.493,-0.2285,-2.843));
#8337 = LINE('',#8338,#8339);
#8338 = CARTESIAN_POINT('',(7.493,-0.2285,-2.843));
#8339 = VECTOR('',#8340,1.);
#8340 = DIRECTION('',(2.009567124409E-31,-6.248177416111E-16,1.));
#8341 = ORIENTED_EDGE('',*,*,#8342,.F.);
#8342 = EDGE_CURVE('',#8343,#8335,#8345,.T.);
#8343 = VERTEX_POINT('',#8344);
#8344 = CARTESIAN_POINT('',(7.493,-0.11425,-3.3));
#8345 = LINE('',#8346,#8347);
#8346 = CARTESIAN_POINT('',(7.493,-0.11425,-3.3));
#8347 = VECTOR('',#8348,1.);
#8348 = DIRECTION('',(7.800540639491E-17,-0.242535625036,0.970142500145)
  );
#8349 = ORIENTED_EDGE('',*,*,#8350,.F.);
#8350 = EDGE_CURVE('',#8301,#8343,#8351,.T.);
#8351 = LINE('',#8352,#8353);
#8352 = CARTESIAN_POINT('',(7.493,0.11425,-3.3));
#8353 = VECTOR('',#8354,1.);
#8354 = DIRECTION('',(3.216245299353E-16,-1.,0.));
#8355 = ORIENTED_EDGE('',*,*,#8300,.F.);
#8356 = PLANE('',#8357);
#8357 = AXIS2_PLACEMENT_3D('',#8358,#8359,#8360);
#8358 = CARTESIAN_POINT('',(7.493,0.2285,2.157));
#8359 = DIRECTION('',(1.,3.216245299353E-16,0.));
#8360 = DIRECTION('',(0.,-0.,1.));
#8361 = ADVANCED_FACE('',(#8362),#8373,.T.);
#8362 = FACE_BOUND('',#8363,.T.);
#8363 = EDGE_LOOP('',(#8364,#8370,#8371,#8372));
#8364 = ORIENTED_EDGE('',*,*,#8365,.T.);
#8365 = EDGE_CURVE('',#8164,#8086,#8366,.T.);
#8366 = LINE('',#8367,#8368);
#8367 = CARTESIAN_POINT('',(7.747,-17.5515,0.));
#8368 = VECTOR('',#8369,1.);
#8369 = DIRECTION('',(-1.,-3.216245299353E-16,0.));
#8370 = ORIENTED_EDGE('',*,*,#8085,.T.);
#8371 = ORIENTED_EDGE('',*,*,#5457,.F.);
#8372 = ORIENTED_EDGE('',*,*,#8163,.F.);
#8373 = PLANE('',#8374);
#8374 = AXIS2_PLACEMENT_3D('',#8375,#8376,#8377);
#8375 = CARTESIAN_POINT('',(7.747,-17.5515,0.));
#8376 = DIRECTION('',(-0.,0.,-1.));
#8377 = DIRECTION('',(-3.216245299353E-16,1.,0.));
#8378 = ADVANCED_FACE('',(#8379),#8390,.F.);
#8379 = FACE_BOUND('',#8380,.F.);
#8380 = EDGE_LOOP('',(#8381,#8387,#8388,#8389));
#8381 = ORIENTED_EDGE('',*,*,#8382,.T.);
#8382 = EDGE_CURVE('',#8254,#8327,#8383,.T.);
#8383 = LINE('',#8384,#8385);
#8384 = CARTESIAN_POINT('',(7.747,-0.2285,0.));
#8385 = VECTOR('',#8386,1.);
#8386 = DIRECTION('',(-1.,-3.216245299353E-16,0.));
#8387 = ORIENTED_EDGE('',*,*,#8326,.T.);
#8388 = ORIENTED_EDGE('',*,*,#5549,.F.);
#8389 = ORIENTED_EDGE('',*,*,#8253,.F.);
#8390 = PLANE('',#8391);
#8391 = AXIS2_PLACEMENT_3D('',#8392,#8393,#8394);
#8392 = CARTESIAN_POINT('',(7.747,-0.2285,0.));
#8393 = DIRECTION('',(0.,0.,1.));
#8394 = DIRECTION('',(3.216245299353E-16,-1.,0.));
#8395 = ADVANCED_FACE('',(#8396),#8409,.T.);
#8396 = FACE_BOUND('',#8397,.T.);
#8397 = EDGE_LOOP('',(#8398,#8399,#8400,#8401,#8407,#8408));
#8398 = ORIENTED_EDGE('',*,*,#7986,.F.);
#8399 = ORIENTED_EDGE('',*,*,#5597,.F.);
#8400 = ORIENTED_EDGE('',*,*,#5621,.F.);
#8401 = ORIENTED_EDGE('',*,*,#8402,.F.);
#8402 = EDGE_CURVE('',#5769,#5622,#8403,.T.);
#8403 = LINE('',#8404,#8405);
#8404 = CARTESIAN_POINT('',(7.366,-14.478,2.157));
#8405 = VECTOR('',#8406,1.);
#8406 = DIRECTION('',(3.216245299353E-16,-1.,0.));
#8407 = ORIENTED_EDGE('',*,*,#5768,.F.);
#8408 = ORIENTED_EDGE('',*,*,#5916,.F.);
#8409 = PLANE('',#8410);
#8410 = AXIS2_PLACEMENT_3D('',#8411,#8412,#8413);
#8411 = CARTESIAN_POINT('',(3.683,-16.002,2.157));
#8412 = DIRECTION('',(0.,0.,1.));
#8413 = DIRECTION('',(-4.440892098501E-16,1.,0.));
#8414 = ADVANCED_FACE('',(#8415),#8474,.T.);
#8415 = FACE_BOUND('',#8416,.T.);
#8416 = EDGE_LOOP('',(#8417,#8418,#8419,#8420,#8428,#8436,#8444,#8452,
    #8460,#8468));
#8417 = ORIENTED_EDGE('',*,*,#5654,.F.);
#8418 = ORIENTED_EDGE('',*,*,#5824,.T.);
#8419 = ORIENTED_EDGE('',*,*,#5801,.F.);
#8420 = ORIENTED_EDGE('',*,*,#8421,.F.);
#8421 = EDGE_CURVE('',#8422,#5794,#8424,.T.);
#8422 = VERTEX_POINT('',#8423);
#8423 = CARTESIAN_POINT('',(7.493,-15.0115,0.));
#8424 = LINE('',#8425,#8426);
#8425 = CARTESIAN_POINT('',(7.493,-15.0115,0.));
#8426 = VECTOR('',#8427,1.);
#8427 = DIRECTION('',(-3.216245299353E-16,1.,0.));
#8428 = ORIENTED_EDGE('',*,*,#8429,.F.);
#8429 = EDGE_CURVE('',#8430,#8422,#8432,.T.);
#8430 = VERTEX_POINT('',#8431);
#8431 = CARTESIAN_POINT('',(7.493,-15.0115,-2.843));
#8432 = LINE('',#8433,#8434);
#8433 = CARTESIAN_POINT('',(7.493,-15.0115,-2.843));
#8434 = VECTOR('',#8435,1.);
#8435 = DIRECTION('',(-1.004783562205E-31,3.124088708055E-16,1.));
#8436 = ORIENTED_EDGE('',*,*,#8437,.F.);
#8437 = EDGE_CURVE('',#8438,#8430,#8440,.T.);
#8438 = VERTEX_POINT('',#8439);
#8439 = CARTESIAN_POINT('',(7.493,-15.12575,-3.3));
#8440 = LINE('',#8441,#8442);
#8441 = CARTESIAN_POINT('',(7.493,-15.12575,-3.3));
#8442 = VECTOR('',#8443,1.);
#8443 = DIRECTION('',(-7.800540639491E-17,0.242535625036,0.970142500145)
  );
#8444 = ORIENTED_EDGE('',*,*,#8445,.F.);
#8445 = EDGE_CURVE('',#8446,#8438,#8448,.T.);
#8446 = VERTEX_POINT('',#8447);
#8447 = CARTESIAN_POINT('',(7.493,-15.35425,-3.3));
#8448 = LINE('',#8449,#8450);
#8449 = CARTESIAN_POINT('',(7.493,-15.35425,-3.3));
#8450 = VECTOR('',#8451,1.);
#8451 = DIRECTION('',(-3.216245299353E-16,1.,0.));
#8452 = ORIENTED_EDGE('',*,*,#8453,.F.);
#8453 = EDGE_CURVE('',#8454,#8446,#8456,.T.);
#8454 = VERTEX_POINT('',#8455);
#8455 = CARTESIAN_POINT('',(7.493,-15.4685,-2.843));
#8456 = LINE('',#8457,#8458);
#8457 = CARTESIAN_POINT('',(7.493,-15.4685,-2.843));
#8458 = VECTOR('',#8459,1.);
#8459 = DIRECTION('',(-7.800540639491E-17,0.242535625036,-0.970142500145
    ));
#8460 = ORIENTED_EDGE('',*,*,#8461,.F.);
#8461 = EDGE_CURVE('',#8462,#8454,#8464,.T.);
#8462 = VERTEX_POINT('',#8463);
#8463 = CARTESIAN_POINT('',(7.493,-15.4685,0.));
#8464 = LINE('',#8465,#8466);
#8465 = CARTESIAN_POINT('',(7.493,-15.4685,0.));
#8466 = VECTOR('',#8467,1.);
#8467 = DIRECTION('',(-1.004783562205E-31,3.124088708055E-16,-1.));
#8468 = ORIENTED_EDGE('',*,*,#8469,.F.);
#8469 = EDGE_CURVE('',#5647,#8462,#8470,.T.);
#8470 = LINE('',#8471,#8472);
#8471 = CARTESIAN_POINT('',(7.493,-16.002,0.));
#8472 = VECTOR('',#8473,1.);
#8473 = DIRECTION('',(-3.216245299353E-16,1.,0.));
#8474 = PLANE('',#8475);
#8475 = AXIS2_PLACEMENT_3D('',#8476,#8477,#8478);
#8476 = CARTESIAN_POINT('',(7.493,-16.002,2.157));
#8477 = DIRECTION('',(-1.,-3.216245299353E-16,0.));
#8478 = DIRECTION('',(0.,-0.,-1.));
#8479 = ADVANCED_FACE('',(#8480),#8498,.T.);
#8480 = FACE_BOUND('',#8481,.T.);
#8481 = EDGE_LOOP('',(#8482,#8483,#8484,#8492));
#8482 = ORIENTED_EDGE('',*,*,#5646,.T.);
#8483 = ORIENTED_EDGE('',*,*,#8469,.T.);
#8484 = ORIENTED_EDGE('',*,*,#8485,.F.);
#8485 = EDGE_CURVE('',#8486,#8462,#8488,.T.);
#8486 = VERTEX_POINT('',#8487);
#8487 = CARTESIAN_POINT('',(7.747,-15.4685,0.));
#8488 = LINE('',#8489,#8490);
#8489 = CARTESIAN_POINT('',(7.747,-15.4685,0.));
#8490 = VECTOR('',#8491,1.);
#8491 = DIRECTION('',(-1.,-3.216245299353E-16,0.));
#8492 = ORIENTED_EDGE('',*,*,#8493,.F.);
#8493 = EDGE_CURVE('',#5639,#8486,#8494,.T.);
#8494 = LINE('',#8495,#8496);
#8495 = CARTESIAN_POINT('',(7.747,-16.002,0.));
#8496 = VECTOR('',#8497,1.);
#8497 = DIRECTION('',(-3.216245299353E-16,1.,0.));
#8498 = PLANE('',#8499);
#8499 = AXIS2_PLACEMENT_3D('',#8500,#8501,#8502);
#8500 = CARTESIAN_POINT('',(7.747,-16.002,0.));
#8501 = DIRECTION('',(-0.,0.,-1.));
#8502 = DIRECTION('',(-3.216245299353E-16,1.,0.));
#8503 = ADVANCED_FACE('',(#8504),#8561,.F.);
#8504 = FACE_BOUND('',#8505,.F.);
#8505 = EDGE_LOOP('',(#8506,#8507,#8513,#8514,#8522,#8530,#8538,#8546,
    #8554,#8560));
#8506 = ORIENTED_EDGE('',*,*,#5638,.F.);
#8507 = ORIENTED_EDGE('',*,*,#8508,.F.);
#8508 = EDGE_CURVE('',#5777,#5630,#8509,.T.);
#8509 = LINE('',#8510,#8511);
#8510 = CARTESIAN_POINT('',(7.747,-14.478,1.776));
#8511 = VECTOR('',#8512,1.);
#8512 = DIRECTION('',(3.216245299353E-16,-1.,0.));
#8513 = ORIENTED_EDGE('',*,*,#5785,.F.);
#8514 = ORIENTED_EDGE('',*,*,#8515,.F.);
#8515 = EDGE_CURVE('',#8516,#5786,#8518,.T.);
#8516 = VERTEX_POINT('',#8517);
#8517 = CARTESIAN_POINT('',(7.747,-15.0115,0.));
#8518 = LINE('',#8519,#8520);
#8519 = CARTESIAN_POINT('',(7.747,-15.0115,0.));
#8520 = VECTOR('',#8521,1.);
#8521 = DIRECTION('',(-3.216245299353E-16,1.,0.));
#8522 = ORIENTED_EDGE('',*,*,#8523,.F.);
#8523 = EDGE_CURVE('',#8524,#8516,#8526,.T.);
#8524 = VERTEX_POINT('',#8525);
#8525 = CARTESIAN_POINT('',(7.747,-15.0115,-2.843));
#8526 = LINE('',#8527,#8528);
#8527 = CARTESIAN_POINT('',(7.747,-15.0115,-2.843));
#8528 = VECTOR('',#8529,1.);
#8529 = DIRECTION('',(-1.004783562205E-31,3.124088708055E-16,1.));
#8530 = ORIENTED_EDGE('',*,*,#8531,.F.);
#8531 = EDGE_CURVE('',#8532,#8524,#8534,.T.);
#8532 = VERTEX_POINT('',#8533);
#8533 = CARTESIAN_POINT('',(7.747,-15.12575,-3.3));
#8534 = LINE('',#8535,#8536);
#8535 = CARTESIAN_POINT('',(7.747,-15.12575,-3.3));
#8536 = VECTOR('',#8537,1.);
#8537 = DIRECTION('',(-7.800540639491E-17,0.242535625036,0.970142500145)
  );
#8538 = ORIENTED_EDGE('',*,*,#8539,.F.);
#8539 = EDGE_CURVE('',#8540,#8532,#8542,.T.);
#8540 = VERTEX_POINT('',#8541);
#8541 = CARTESIAN_POINT('',(7.747,-15.35425,-3.3));
#8542 = LINE('',#8543,#8544);
#8543 = CARTESIAN_POINT('',(7.747,-15.35425,-3.3));
#8544 = VECTOR('',#8545,1.);
#8545 = DIRECTION('',(-3.216245299353E-16,1.,0.));
#8546 = ORIENTED_EDGE('',*,*,#8547,.F.);
#8547 = EDGE_CURVE('',#8548,#8540,#8550,.T.);
#8548 = VERTEX_POINT('',#8549);
#8549 = CARTESIAN_POINT('',(7.747,-15.4685,-2.843));
#8550 = LINE('',#8551,#8552);
#8551 = CARTESIAN_POINT('',(7.747,-15.4685,-2.843));
#8552 = VECTOR('',#8553,1.);
#8553 = DIRECTION('',(-7.800540639491E-17,0.242535625036,-0.970142500145
    ));
#8554 = ORIENTED_EDGE('',*,*,#8555,.F.);
#8555 = EDGE_CURVE('',#8486,#8548,#8556,.T.);
#8556 = LINE('',#8557,#8558);
#8557 = CARTESIAN_POINT('',(7.747,-15.4685,0.));
#8558 = VECTOR('',#8559,1.);
#8559 = DIRECTION('',(-1.004783562205E-31,3.124088708055E-16,-1.));
#8560 = ORIENTED_EDGE('',*,*,#8493,.F.);
#8561 = PLANE('',#8562);
#8562 = AXIS2_PLACEMENT_3D('',#8563,#8564,#8565);
#8563 = CARTESIAN_POINT('',(7.747,-16.002,2.157));
#8564 = DIRECTION('',(-1.,-3.216245299353E-16,0.));
#8565 = DIRECTION('',(0.,-0.,-1.));
#8566 = ADVANCED_FACE('',(#8567),#8573,.T.);
#8567 = FACE_BOUND('',#8568,.T.);
#8568 = EDGE_LOOP('',(#8569,#8570,#8571,#8572));
#8569 = ORIENTED_EDGE('',*,*,#8402,.T.);
#8570 = ORIENTED_EDGE('',*,*,#5629,.T.);
#8571 = ORIENTED_EDGE('',*,*,#8508,.F.);
#8572 = ORIENTED_EDGE('',*,*,#5776,.F.);
#8573 = CYLINDRICAL_SURFACE('',#8574,0.381);
#8574 = AXIS2_PLACEMENT_3D('',#8575,#8576,#8577);
#8575 = CARTESIAN_POINT('',(7.366,-14.478,1.776));
#8576 = DIRECTION('',(3.216245299353E-16,-1.,0.));
#8577 = DIRECTION('',(0.,0.,1.));
#8578 = ADVANCED_FACE('',(#8579),#8638,.T.);
#8579 = FACE_BOUND('',#8580,.T.);
#8580 = EDGE_LOOP('',(#8581,#8582,#8583,#8584,#8592,#8600,#8608,#8616,
    #8624,#8632));
#8581 = ORIENTED_EDGE('',*,*,#5901,.F.);
#8582 = ORIENTED_EDGE('',*,*,#5841,.T.);
#8583 = ORIENTED_EDGE('',*,*,#5712,.F.);
#8584 = ORIENTED_EDGE('',*,*,#8585,.F.);
#8585 = EDGE_CURVE('',#8586,#5705,#8588,.T.);
#8586 = VERTEX_POINT('',#8587);
#8587 = CARTESIAN_POINT('',(7.493,-2.3115,0.));
#8588 = LINE('',#8589,#8590);
#8589 = CARTESIAN_POINT('',(7.493,-2.3115,0.));
#8590 = VECTOR('',#8591,1.);
#8591 = DIRECTION('',(-3.216245299353E-16,1.,0.));
#8592 = ORIENTED_EDGE('',*,*,#8593,.F.);
#8593 = EDGE_CURVE('',#8594,#8586,#8596,.T.);
#8594 = VERTEX_POINT('',#8595);
#8595 = CARTESIAN_POINT('',(7.493,-2.3115,-2.843));
#8596 = LINE('',#8597,#8598);
#8597 = CARTESIAN_POINT('',(7.493,-2.3115,-2.843));
#8598 = VECTOR('',#8599,1.);
#8599 = DIRECTION('',(-1.004783562205E-31,3.124088708055E-16,1.));
#8600 = ORIENTED_EDGE('',*,*,#8601,.F.);
#8601 = EDGE_CURVE('',#8602,#8594,#8604,.T.);
#8602 = VERTEX_POINT('',#8603);
#8603 = CARTESIAN_POINT('',(7.493,-2.42575,-3.3));
#8604 = LINE('',#8605,#8606);
#8605 = CARTESIAN_POINT('',(7.493,-2.42575,-3.3));
#8606 = VECTOR('',#8607,1.);
#8607 = DIRECTION('',(-7.800540639491E-17,0.242535625036,0.970142500145)
  );
#8608 = ORIENTED_EDGE('',*,*,#8609,.F.);
#8609 = EDGE_CURVE('',#8610,#8602,#8612,.T.);
#8610 = VERTEX_POINT('',#8611);
#8611 = CARTESIAN_POINT('',(7.493,-2.65425,-3.3));
#8612 = LINE('',#8613,#8614);
#8613 = CARTESIAN_POINT('',(7.493,-2.65425,-3.3));
#8614 = VECTOR('',#8615,1.);
#8615 = DIRECTION('',(-3.216245299353E-16,1.,0.));
#8616 = ORIENTED_EDGE('',*,*,#8617,.F.);
#8617 = EDGE_CURVE('',#8618,#8610,#8620,.T.);
#8618 = VERTEX_POINT('',#8619);
#8619 = CARTESIAN_POINT('',(7.493,-2.7685,-2.843));
#8620 = LINE('',#8621,#8622);
#8621 = CARTESIAN_POINT('',(7.493,-2.7685,-2.843));
#8622 = VECTOR('',#8623,1.);
#8623 = DIRECTION('',(-7.800540639491E-17,0.242535625036,-0.970142500145
    ));
#8624 = ORIENTED_EDGE('',*,*,#8625,.F.);
#8625 = EDGE_CURVE('',#8626,#8618,#8628,.T.);
#8626 = VERTEX_POINT('',#8627);
#8627 = CARTESIAN_POINT('',(7.493,-2.7685,0.));
#8628 = LINE('',#8629,#8630);
#8629 = CARTESIAN_POINT('',(7.493,-2.7685,0.));
#8630 = VECTOR('',#8631,1.);
#8631 = DIRECTION('',(-1.004783562205E-31,3.124088708055E-16,-1.));
#8632 = ORIENTED_EDGE('',*,*,#8633,.F.);
#8633 = EDGE_CURVE('',#5894,#8626,#8634,.T.);
#8634 = LINE('',#8635,#8636);
#8635 = CARTESIAN_POINT('',(7.493,-3.302,0.));
#8636 = VECTOR('',#8637,1.);
#8637 = DIRECTION('',(-3.216245299353E-16,1.,0.));
#8638 = PLANE('',#8639);
#8639 = AXIS2_PLACEMENT_3D('',#8640,#8641,#8642);
#8640 = CARTESIAN_POINT('',(7.493,-3.302,2.157));
#8641 = DIRECTION('',(-1.,-3.216245299353E-16,0.));
#8642 = DIRECTION('',(0.,-0.,-1.));
#8643 = ADVANCED_FACE('',(#8644),#8662,.T.);
#8644 = FACE_BOUND('',#8645,.T.);
#8645 = EDGE_LOOP('',(#8646,#8654,#8655,#8656));
#8646 = ORIENTED_EDGE('',*,*,#8647,.T.);
#8647 = EDGE_CURVE('',#8648,#8586,#8650,.T.);
#8648 = VERTEX_POINT('',#8649);
#8649 = CARTESIAN_POINT('',(7.747,-2.3115,0.));
#8650 = LINE('',#8651,#8652);
#8651 = CARTESIAN_POINT('',(7.747,-2.3115,0.));
#8652 = VECTOR('',#8653,1.);
#8653 = DIRECTION('',(-1.,-3.216245299353E-16,0.));
#8654 = ORIENTED_EDGE('',*,*,#8585,.T.);
#8655 = ORIENTED_EDGE('',*,*,#5704,.F.);
#8656 = ORIENTED_EDGE('',*,*,#8657,.F.);
#8657 = EDGE_CURVE('',#8648,#5697,#8658,.T.);
#8658 = LINE('',#8659,#8660);
#8659 = CARTESIAN_POINT('',(7.747,-2.3115,0.));
#8660 = VECTOR('',#8661,1.);
#8661 = DIRECTION('',(-3.216245299353E-16,1.,0.));
#8662 = PLANE('',#8663);
#8663 = AXIS2_PLACEMENT_3D('',#8664,#8665,#8666);
#8664 = CARTESIAN_POINT('',(7.747,-2.3115,0.));
#8665 = DIRECTION('',(-0.,0.,-1.));
#8666 = DIRECTION('',(-3.216245299353E-16,1.,0.));
#8667 = ADVANCED_FACE('',(#8668),#8725,.F.);
#8668 = FACE_BOUND('',#8669,.F.);
#8669 = EDGE_LOOP('',(#8670,#8671,#8677,#8678,#8679,#8687,#8695,#8703,
    #8711,#8719));
#8670 = ORIENTED_EDGE('',*,*,#5885,.F.);
#8671 = ORIENTED_EDGE('',*,*,#8672,.F.);
#8672 = EDGE_CURVE('',#5688,#5877,#8673,.T.);
#8673 = LINE('',#8674,#8675);
#8674 = CARTESIAN_POINT('',(7.747,-1.778,1.776));
#8675 = VECTOR('',#8676,1.);
#8676 = DIRECTION('',(3.216245299353E-16,-1.,0.));
#8677 = ORIENTED_EDGE('',*,*,#5696,.F.);
#8678 = ORIENTED_EDGE('',*,*,#8657,.F.);
#8679 = ORIENTED_EDGE('',*,*,#8680,.F.);
#8680 = EDGE_CURVE('',#8681,#8648,#8683,.T.);
#8681 = VERTEX_POINT('',#8682);
#8682 = CARTESIAN_POINT('',(7.747,-2.3115,-2.843));
#8683 = LINE('',#8684,#8685);
#8684 = CARTESIAN_POINT('',(7.747,-2.3115,-2.843));
#8685 = VECTOR('',#8686,1.);
#8686 = DIRECTION('',(-1.004783562205E-31,3.124088708055E-16,1.));
#8687 = ORIENTED_EDGE('',*,*,#8688,.F.);
#8688 = EDGE_CURVE('',#8689,#8681,#8691,.T.);
#8689 = VERTEX_POINT('',#8690);
#8690 = CARTESIAN_POINT('',(7.747,-2.42575,-3.3));
#8691 = LINE('',#8692,#8693);
#8692 = CARTESIAN_POINT('',(7.747,-2.42575,-3.3));
#8693 = VECTOR('',#8694,1.);
#8694 = DIRECTION('',(-7.800540639491E-17,0.242535625036,0.970142500145)
  );
#8695 = ORIENTED_EDGE('',*,*,#8696,.F.);
#8696 = EDGE_CURVE('',#8697,#8689,#8699,.T.);
#8697 = VERTEX_POINT('',#8698);
#8698 = CARTESIAN_POINT('',(7.747,-2.65425,-3.3));
#8699 = LINE('',#8700,#8701);
#8700 = CARTESIAN_POINT('',(7.747,-2.65425,-3.3));
#8701 = VECTOR('',#8702,1.);
#8702 = DIRECTION('',(-3.216245299353E-16,1.,0.));
#8703 = ORIENTED_EDGE('',*,*,#8704,.F.);
#8704 = EDGE_CURVE('',#8705,#8697,#8707,.T.);
#8705 = VERTEX_POINT('',#8706);
#8706 = CARTESIAN_POINT('',(7.747,-2.7685,-2.843));
#8707 = LINE('',#8708,#8709);
#8708 = CARTESIAN_POINT('',(7.747,-2.7685,-2.843));
#8709 = VECTOR('',#8710,1.);
#8710 = DIRECTION('',(-7.800540639491E-17,0.242535625036,-0.970142500145
    ));
#8711 = ORIENTED_EDGE('',*,*,#8712,.F.);
#8712 = EDGE_CURVE('',#8713,#8705,#8715,.T.);
#8713 = VERTEX_POINT('',#8714);
#8714 = CARTESIAN_POINT('',(7.747,-2.7685,0.));
#8715 = LINE('',#8716,#8717);
#8716 = CARTESIAN_POINT('',(7.747,-2.7685,0.));
#8717 = VECTOR('',#8718,1.);
#8718 = DIRECTION('',(-1.004783562205E-31,3.124088708055E-16,-1.));
#8719 = ORIENTED_EDGE('',*,*,#8720,.F.);
#8720 = EDGE_CURVE('',#5886,#8713,#8721,.T.);
#8721 = LINE('',#8722,#8723);
#8722 = CARTESIAN_POINT('',(7.747,-3.302,0.));
#8723 = VECTOR('',#8724,1.);
#8724 = DIRECTION('',(-3.216245299353E-16,1.,0.));
#8725 = PLANE('',#8726);
#8726 = AXIS2_PLACEMENT_3D('',#8727,#8728,#8729);
#8727 = CARTESIAN_POINT('',(7.747,-3.302,2.157));
#8728 = DIRECTION('',(-1.,-3.216245299353E-16,0.));
#8729 = DIRECTION('',(0.,-0.,-1.));
#8730 = ADVANCED_FACE('',(#8731),#8742,.T.);
#8731 = FACE_BOUND('',#8732,.T.);
#8732 = EDGE_LOOP('',(#8733,#8739,#8740,#8741));
#8733 = ORIENTED_EDGE('',*,*,#8734,.T.);
#8734 = EDGE_CURVE('',#5680,#5869,#8735,.T.);
#8735 = LINE('',#8736,#8737);
#8736 = CARTESIAN_POINT('',(7.366,-1.778,2.157));
#8737 = VECTOR('',#8738,1.);
#8738 = DIRECTION('',(3.216245299353E-16,-1.,0.));
#8739 = ORIENTED_EDGE('',*,*,#5876,.T.);
#8740 = ORIENTED_EDGE('',*,*,#8672,.F.);
#8741 = ORIENTED_EDGE('',*,*,#5687,.F.);
#8742 = CYLINDRICAL_SURFACE('',#8743,0.381);
#8743 = AXIS2_PLACEMENT_3D('',#8744,#8745,#8746);
#8744 = CARTESIAN_POINT('',(7.366,-1.778,1.776));
#8745 = DIRECTION('',(3.216245299353E-16,-1.,0.));
#8746 = DIRECTION('',(0.,0.,1.));
#8747 = ADVANCED_FACE('',(#8748),#8756,.T.);
#8748 = FACE_BOUND('',#8749,.T.);
#8749 = EDGE_LOOP('',(#8750,#8751,#8752,#8753,#8754,#8755));
#8750 = ORIENTED_EDGE('',*,*,#8021,.F.);
#8751 = ORIENTED_EDGE('',*,*,#6072,.F.);
#8752 = ORIENTED_EDGE('',*,*,#5868,.F.);
#8753 = ORIENTED_EDGE('',*,*,#8734,.F.);
#8754 = ORIENTED_EDGE('',*,*,#5679,.F.);
#8755 = ORIENTED_EDGE('',*,*,#5735,.F.);
#8756 = PLANE('',#8757);
#8757 = AXIS2_PLACEMENT_3D('',#8758,#8759,#8760);
#8758 = CARTESIAN_POINT('',(3.683,-3.302,2.157));
#8759 = DIRECTION('',(0.,0.,1.));
#8760 = DIRECTION('',(-4.440892098501E-16,1.,0.));
#8761 = ADVANCED_FACE('',(#8762),#8773,.T.);
#8762 = FACE_BOUND('',#8763,.T.);
#8763 = EDGE_LOOP('',(#8764,#8770,#8771,#8772));
#8764 = ORIENTED_EDGE('',*,*,#8765,.T.);
#8765 = EDGE_CURVE('',#8516,#8422,#8766,.T.);
#8766 = LINE('',#8767,#8768);
#8767 = CARTESIAN_POINT('',(7.747,-15.0115,0.));
#8768 = VECTOR('',#8769,1.);
#8769 = DIRECTION('',(-1.,-3.216245299353E-16,0.));
#8770 = ORIENTED_EDGE('',*,*,#8421,.T.);
#8771 = ORIENTED_EDGE('',*,*,#5793,.F.);
#8772 = ORIENTED_EDGE('',*,*,#8515,.F.);
#8773 = PLANE('',#8774);
#8774 = AXIS2_PLACEMENT_3D('',#8775,#8776,#8777);
#8775 = CARTESIAN_POINT('',(7.747,-15.0115,0.));
#8776 = DIRECTION('',(-0.,0.,-1.));
#8777 = DIRECTION('',(-3.216245299353E-16,1.,0.));
#8778 = ADVANCED_FACE('',(#8779),#8790,.T.);
#8779 = FACE_BOUND('',#8780,.T.);
#8780 = EDGE_LOOP('',(#8781,#8782,#8783,#8789));
#8781 = ORIENTED_EDGE('',*,*,#5893,.T.);
#8782 = ORIENTED_EDGE('',*,*,#8633,.T.);
#8783 = ORIENTED_EDGE('',*,*,#8784,.F.);
#8784 = EDGE_CURVE('',#8713,#8626,#8785,.T.);
#8785 = LINE('',#8786,#8787);
#8786 = CARTESIAN_POINT('',(7.747,-2.7685,0.));
#8787 = VECTOR('',#8788,1.);
#8788 = DIRECTION('',(-1.,-3.216245299353E-16,0.));
#8789 = ORIENTED_EDGE('',*,*,#8720,.F.);
#8790 = PLANE('',#8791);
#8791 = AXIS2_PLACEMENT_3D('',#8792,#8793,#8794);
#8792 = CARTESIAN_POINT('',(7.747,-3.302,0.));
#8793 = DIRECTION('',(-0.,0.,-1.));
#8794 = DIRECTION('',(-3.216245299353E-16,1.,0.));
#8795 = ADVANCED_FACE('',(#8796),#8809,.T.);
#8796 = FACE_BOUND('',#8797,.T.);
#8797 = EDGE_LOOP('',(#8798,#8799,#8800,#8801,#8807,#8808));
#8798 = ORIENTED_EDGE('',*,*,#7993,.F.);
#8799 = ORIENTED_EDGE('',*,*,#5925,.F.);
#8800 = ORIENTED_EDGE('',*,*,#5949,.F.);
#8801 = ORIENTED_EDGE('',*,*,#8802,.F.);
#8802 = EDGE_CURVE('',#6097,#5950,#8803,.T.);
#8803 = LINE('',#8804,#8805);
#8804 = CARTESIAN_POINT('',(7.366,-11.938,2.157));
#8805 = VECTOR('',#8806,1.);
#8806 = DIRECTION('',(3.216245299353E-16,-1.,0.));
#8807 = ORIENTED_EDGE('',*,*,#6096,.F.);
#8808 = ORIENTED_EDGE('',*,*,#6244,.F.);
#8809 = PLANE('',#8810);
#8810 = AXIS2_PLACEMENT_3D('',#8811,#8812,#8813);
#8811 = CARTESIAN_POINT('',(3.683,-13.462,2.157));
#8812 = DIRECTION('',(0.,0.,1.));
#8813 = DIRECTION('',(-4.440892098501E-16,1.,0.));
#8814 = ADVANCED_FACE('',(#8815),#8874,.T.);
#8815 = FACE_BOUND('',#8816,.T.);
#8816 = EDGE_LOOP('',(#8817,#8818,#8819,#8820,#8828,#8836,#8844,#8852,
    #8860,#8868));
#8817 = ORIENTED_EDGE('',*,*,#5982,.F.);
#8818 = ORIENTED_EDGE('',*,*,#6152,.T.);
#8819 = ORIENTED_EDGE('',*,*,#6129,.F.);
#8820 = ORIENTED_EDGE('',*,*,#8821,.F.);
#8821 = EDGE_CURVE('',#8822,#6122,#8824,.T.);
#8822 = VERTEX_POINT('',#8823);
#8823 = CARTESIAN_POINT('',(7.493,-12.4715,0.));
#8824 = LINE('',#8825,#8826);
#8825 = CARTESIAN_POINT('',(7.493,-12.4715,0.));
#8826 = VECTOR('',#8827,1.);
#8827 = DIRECTION('',(-3.216245299353E-16,1.,0.));
#8828 = ORIENTED_EDGE('',*,*,#8829,.F.);
#8829 = EDGE_CURVE('',#8830,#8822,#8832,.T.);
#8830 = VERTEX_POINT('',#8831);
#8831 = CARTESIAN_POINT('',(7.493,-12.4715,-2.843));
#8832 = LINE('',#8833,#8834);
#8833 = CARTESIAN_POINT('',(7.493,-12.4715,-2.843));
#8834 = VECTOR('',#8835,1.);
#8835 = DIRECTION('',(-1.004783562205E-31,3.124088708055E-16,1.));
#8836 = ORIENTED_EDGE('',*,*,#8837,.F.);
#8837 = EDGE_CURVE('',#8838,#8830,#8840,.T.);
#8838 = VERTEX_POINT('',#8839);
#8839 = CARTESIAN_POINT('',(7.493,-12.58575,-3.3));
#8840 = LINE('',#8841,#8842);
#8841 = CARTESIAN_POINT('',(7.493,-12.58575,-3.3));
#8842 = VECTOR('',#8843,1.);
#8843 = DIRECTION('',(-7.800540639491E-17,0.242535625036,0.970142500145)
  );
#8844 = ORIENTED_EDGE('',*,*,#8845,.F.);
#8845 = EDGE_CURVE('',#8846,#8838,#8848,.T.);
#8846 = VERTEX_POINT('',#8847);
#8847 = CARTESIAN_POINT('',(7.493,-12.81425,-3.3));
#8848 = LINE('',#8849,#8850);
#8849 = CARTESIAN_POINT('',(7.493,-12.81425,-3.3));
#8850 = VECTOR('',#8851,1.);
#8851 = DIRECTION('',(-3.216245299353E-16,1.,0.));
#8852 = ORIENTED_EDGE('',*,*,#8853,.F.);
#8853 = EDGE_CURVE('',#8854,#8846,#8856,.T.);
#8854 = VERTEX_POINT('',#8855);
#8855 = CARTESIAN_POINT('',(7.493,-12.9285,-2.843));
#8856 = LINE('',#8857,#8858);
#8857 = CARTESIAN_POINT('',(7.493,-12.9285,-2.843));
#8858 = VECTOR('',#8859,1.);
#8859 = DIRECTION('',(-7.800540639491E-17,0.242535625036,-0.970142500145
    ));
#8860 = ORIENTED_EDGE('',*,*,#8861,.F.);
#8861 = EDGE_CURVE('',#8862,#8854,#8864,.T.);
#8862 = VERTEX_POINT('',#8863);
#8863 = CARTESIAN_POINT('',(7.493,-12.9285,0.));
#8864 = LINE('',#8865,#8866);
#8865 = CARTESIAN_POINT('',(7.493,-12.9285,0.));
#8866 = VECTOR('',#8867,1.);
#8867 = DIRECTION('',(-1.004783562205E-31,3.124088708055E-16,-1.));
#8868 = ORIENTED_EDGE('',*,*,#8869,.F.);
#8869 = EDGE_CURVE('',#5975,#8862,#8870,.T.);
#8870 = LINE('',#8871,#8872);
#8871 = CARTESIAN_POINT('',(7.493,-13.462,0.));
#8872 = VECTOR('',#8873,1.);
#8873 = DIRECTION('',(-3.216245299353E-16,1.,0.));
#8874 = PLANE('',#8875);
#8875 = AXIS2_PLACEMENT_3D('',#8876,#8877,#8878);
#8876 = CARTESIAN_POINT('',(7.493,-13.462,2.157));
#8877 = DIRECTION('',(-1.,-3.216245299353E-16,0.));
#8878 = DIRECTION('',(0.,-0.,-1.));
#8879 = ADVANCED_FACE('',(#8880),#8898,.T.);
#8880 = FACE_BOUND('',#8881,.T.);
#8881 = EDGE_LOOP('',(#8882,#8883,#8884,#8892));
#8882 = ORIENTED_EDGE('',*,*,#5974,.T.);
#8883 = ORIENTED_EDGE('',*,*,#8869,.T.);
#8884 = ORIENTED_EDGE('',*,*,#8885,.F.);
#8885 = EDGE_CURVE('',#8886,#8862,#8888,.T.);
#8886 = VERTEX_POINT('',#8887);
#8887 = CARTESIAN_POINT('',(7.747,-12.9285,0.));
#8888 = LINE('',#8889,#8890);
#8889 = CARTESIAN_POINT('',(7.747,-12.9285,0.));
#8890 = VECTOR('',#8891,1.);
#8891 = DIRECTION('',(-1.,-3.216245299353E-16,0.));
#8892 = ORIENTED_EDGE('',*,*,#8893,.F.);
#8893 = EDGE_CURVE('',#5967,#8886,#8894,.T.);
#8894 = LINE('',#8895,#8896);
#8895 = CARTESIAN_POINT('',(7.747,-13.462,0.));
#8896 = VECTOR('',#8897,1.);
#8897 = DIRECTION('',(-3.216245299353E-16,1.,0.));
#8898 = PLANE('',#8899);
#8899 = AXIS2_PLACEMENT_3D('',#8900,#8901,#8902);
#8900 = CARTESIAN_POINT('',(7.747,-13.462,0.));
#8901 = DIRECTION('',(-0.,0.,-1.));
#8902 = DIRECTION('',(-3.216245299353E-16,1.,0.));
#8903 = ADVANCED_FACE('',(#8904),#8961,.F.);
#8904 = FACE_BOUND('',#8905,.F.);
#8905 = EDGE_LOOP('',(#8906,#8907,#8913,#8914,#8922,#8930,#8938,#8946,
    #8954,#8960));
#8906 = ORIENTED_EDGE('',*,*,#5966,.F.);
#8907 = ORIENTED_EDGE('',*,*,#8908,.F.);
#8908 = EDGE_CURVE('',#6105,#5958,#8909,.T.);
#8909 = LINE('',#8910,#8911);
#8910 = CARTESIAN_POINT('',(7.747,-11.938,1.776));
#8911 = VECTOR('',#8912,1.);
#8912 = DIRECTION('',(3.216245299353E-16,-1.,0.));
#8913 = ORIENTED_EDGE('',*,*,#6113,.F.);
#8914 = ORIENTED_EDGE('',*,*,#8915,.F.);
#8915 = EDGE_CURVE('',#8916,#6114,#8918,.T.);
#8916 = VERTEX_POINT('',#8917);
#8917 = CARTESIAN_POINT('',(7.747,-12.4715,0.));
#8918 = LINE('',#8919,#8920);
#8919 = CARTESIAN_POINT('',(7.747,-12.4715,0.));
#8920 = VECTOR('',#8921,1.);
#8921 = DIRECTION('',(-3.216245299353E-16,1.,0.));
#8922 = ORIENTED_EDGE('',*,*,#8923,.F.);
#8923 = EDGE_CURVE('',#8924,#8916,#8926,.T.);
#8924 = VERTEX_POINT('',#8925);
#8925 = CARTESIAN_POINT('',(7.747,-12.4715,-2.843));
#8926 = LINE('',#8927,#8928);
#8927 = CARTESIAN_POINT('',(7.747,-12.4715,-2.843));
#8928 = VECTOR('',#8929,1.);
#8929 = DIRECTION('',(-1.004783562205E-31,3.124088708055E-16,1.));
#8930 = ORIENTED_EDGE('',*,*,#8931,.F.);
#8931 = EDGE_CURVE('',#8932,#8924,#8934,.T.);
#8932 = VERTEX_POINT('',#8933);
#8933 = CARTESIAN_POINT('',(7.747,-12.58575,-3.3));
#8934 = LINE('',#8935,#8936);
#8935 = CARTESIAN_POINT('',(7.747,-12.58575,-3.3));
#8936 = VECTOR('',#8937,1.);
#8937 = DIRECTION('',(-7.800540639491E-17,0.242535625036,0.970142500145)
  );
#8938 = ORIENTED_EDGE('',*,*,#8939,.F.);
#8939 = EDGE_CURVE('',#8940,#8932,#8942,.T.);
#8940 = VERTEX_POINT('',#8941);
#8941 = CARTESIAN_POINT('',(7.747,-12.81425,-3.3));
#8942 = LINE('',#8943,#8944);
#8943 = CARTESIAN_POINT('',(7.747,-12.81425,-3.3));
#8944 = VECTOR('',#8945,1.);
#8945 = DIRECTION('',(-3.216245299353E-16,1.,0.));
#8946 = ORIENTED_EDGE('',*,*,#8947,.F.);
#8947 = EDGE_CURVE('',#8948,#8940,#8950,.T.);
#8948 = VERTEX_POINT('',#8949);
#8949 = CARTESIAN_POINT('',(7.747,-12.9285,-2.843));
#8950 = LINE('',#8951,#8952);
#8951 = CARTESIAN_POINT('',(7.747,-12.9285,-2.843));
#8952 = VECTOR('',#8953,1.);
#8953 = DIRECTION('',(-7.800540639491E-17,0.242535625036,-0.970142500145
    ));
#8954 = ORIENTED_EDGE('',*,*,#8955,.F.);
#8955 = EDGE_CURVE('',#8886,#8948,#8956,.T.);
#8956 = LINE('',#8957,#8958);
#8957 = CARTESIAN_POINT('',(7.747,-12.9285,0.));
#8958 = VECTOR('',#8959,1.);
#8959 = DIRECTION('',(-1.004783562205E-31,3.124088708055E-16,-1.));
#8960 = ORIENTED_EDGE('',*,*,#8893,.F.);
#8961 = PLANE('',#8962);
#8962 = AXIS2_PLACEMENT_3D('',#8963,#8964,#8965);
#8963 = CARTESIAN_POINT('',(7.747,-13.462,2.157));
#8964 = DIRECTION('',(-1.,-3.216245299353E-16,0.));
#8965 = DIRECTION('',(0.,-0.,-1.));
#8966 = ADVANCED_FACE('',(#8967),#8973,.T.);
#8967 = FACE_BOUND('',#8968,.T.);
#8968 = EDGE_LOOP('',(#8969,#8970,#8971,#8972));
#8969 = ORIENTED_EDGE('',*,*,#8802,.T.);
#8970 = ORIENTED_EDGE('',*,*,#5957,.T.);
#8971 = ORIENTED_EDGE('',*,*,#8908,.F.);
#8972 = ORIENTED_EDGE('',*,*,#6104,.F.);
#8973 = CYLINDRICAL_SURFACE('',#8974,0.381);
#8974 = AXIS2_PLACEMENT_3D('',#8975,#8976,#8977);
#8975 = CARTESIAN_POINT('',(7.366,-11.938,1.776));
#8976 = DIRECTION('',(3.216245299353E-16,-1.,0.));
#8977 = DIRECTION('',(0.,0.,1.));
#8978 = ADVANCED_FACE('',(#8979),#9038,.T.);
#8979 = FACE_BOUND('',#8980,.T.);
#8980 = EDGE_LOOP('',(#8981,#8982,#8983,#8984,#8992,#9000,#9008,#9016,
    #9024,#9032));
#8981 = ORIENTED_EDGE('',*,*,#6229,.F.);
#8982 = ORIENTED_EDGE('',*,*,#6169,.T.);
#8983 = ORIENTED_EDGE('',*,*,#6040,.F.);
#8984 = ORIENTED_EDGE('',*,*,#8985,.F.);
#8985 = EDGE_CURVE('',#8986,#6033,#8988,.T.);
#8986 = VERTEX_POINT('',#8987);
#8987 = CARTESIAN_POINT('',(7.493,-4.8515,0.));
#8988 = LINE('',#8989,#8990);
#8989 = CARTESIAN_POINT('',(7.493,-4.8515,0.));
#8990 = VECTOR('',#8991,1.);
#8991 = DIRECTION('',(-3.216245299353E-16,1.,0.));
#8992 = ORIENTED_EDGE('',*,*,#8993,.F.);
#8993 = EDGE_CURVE('',#8994,#8986,#8996,.T.);
#8994 = VERTEX_POINT('',#8995);
#8995 = CARTESIAN_POINT('',(7.493,-4.8515,-2.843));
#8996 = LINE('',#8997,#8998);
#8997 = CARTESIAN_POINT('',(7.493,-4.8515,-2.843));
#8998 = VECTOR('',#8999,1.);
#8999 = DIRECTION('',(-1.004783562205E-31,3.124088708055E-16,1.));
#9000 = ORIENTED_EDGE('',*,*,#9001,.F.);
#9001 = EDGE_CURVE('',#9002,#8994,#9004,.T.);
#9002 = VERTEX_POINT('',#9003);
#9003 = CARTESIAN_POINT('',(7.493,-4.96575,-3.3));
#9004 = LINE('',#9005,#9006);
#9005 = CARTESIAN_POINT('',(7.493,-4.96575,-3.3));
#9006 = VECTOR('',#9007,1.);
#9007 = DIRECTION('',(-7.800540639491E-17,0.242535625036,0.970142500145)
  );
#9008 = ORIENTED_EDGE('',*,*,#9009,.F.);
#9009 = EDGE_CURVE('',#9010,#9002,#9012,.T.);
#9010 = VERTEX_POINT('',#9011);
#9011 = CARTESIAN_POINT('',(7.493,-5.19425,-3.3));
#9012 = LINE('',#9013,#9014);
#9013 = CARTESIAN_POINT('',(7.493,-5.19425,-3.3));
#9014 = VECTOR('',#9015,1.);
#9015 = DIRECTION('',(-3.216245299353E-16,1.,0.));
#9016 = ORIENTED_EDGE('',*,*,#9017,.F.);
#9017 = EDGE_CURVE('',#9018,#9010,#9020,.T.);
#9018 = VERTEX_POINT('',#9019);
#9019 = CARTESIAN_POINT('',(7.493,-5.3085,-2.843));
#9020 = LINE('',#9021,#9022);
#9021 = CARTESIAN_POINT('',(7.493,-5.3085,-2.843));
#9022 = VECTOR('',#9023,1.);
#9023 = DIRECTION('',(-7.800540639491E-17,0.242535625036,-0.970142500145
    ));
#9024 = ORIENTED_EDGE('',*,*,#9025,.F.);
#9025 = EDGE_CURVE('',#9026,#9018,#9028,.T.);
#9026 = VERTEX_POINT('',#9027);
#9027 = CARTESIAN_POINT('',(7.493,-5.3085,0.));
#9028 = LINE('',#9029,#9030);
#9029 = CARTESIAN_POINT('',(7.493,-5.3085,0.));
#9030 = VECTOR('',#9031,1.);
#9031 = DIRECTION('',(-1.004783562205E-31,3.124088708055E-16,-1.));
#9032 = ORIENTED_EDGE('',*,*,#9033,.F.);
#9033 = EDGE_CURVE('',#6222,#9026,#9034,.T.);
#9034 = LINE('',#9035,#9036);
#9035 = CARTESIAN_POINT('',(7.493,-5.842,0.));
#9036 = VECTOR('',#9037,1.);
#9037 = DIRECTION('',(-3.216245299353E-16,1.,0.));
#9038 = PLANE('',#9039);
#9039 = AXIS2_PLACEMENT_3D('',#9040,#9041,#9042);
#9040 = CARTESIAN_POINT('',(7.493,-5.842,2.157));
#9041 = DIRECTION('',(-1.,-3.216245299353E-16,0.));
#9042 = DIRECTION('',(0.,-0.,-1.));
#9043 = ADVANCED_FACE('',(#9044),#9062,.T.);
#9044 = FACE_BOUND('',#9045,.T.);
#9045 = EDGE_LOOP('',(#9046,#9054,#9055,#9056));
#9046 = ORIENTED_EDGE('',*,*,#9047,.T.);
#9047 = EDGE_CURVE('',#9048,#8986,#9050,.T.);
#9048 = VERTEX_POINT('',#9049);
#9049 = CARTESIAN_POINT('',(7.747,-4.8515,0.));
#9050 = LINE('',#9051,#9052);
#9051 = CARTESIAN_POINT('',(7.747,-4.8515,0.));
#9052 = VECTOR('',#9053,1.);
#9053 = DIRECTION('',(-1.,-3.216245299353E-16,0.));
#9054 = ORIENTED_EDGE('',*,*,#8985,.T.);
#9055 = ORIENTED_EDGE('',*,*,#6032,.F.);
#9056 = ORIENTED_EDGE('',*,*,#9057,.F.);
#9057 = EDGE_CURVE('',#9048,#6025,#9058,.T.);
#9058 = LINE('',#9059,#9060);
#9059 = CARTESIAN_POINT('',(7.747,-4.8515,0.));
#9060 = VECTOR('',#9061,1.);
#9061 = DIRECTION('',(-3.216245299353E-16,1.,0.));
#9062 = PLANE('',#9063);
#9063 = AXIS2_PLACEMENT_3D('',#9064,#9065,#9066);
#9064 = CARTESIAN_POINT('',(7.747,-4.8515,0.));
#9065 = DIRECTION('',(-0.,0.,-1.));
#9066 = DIRECTION('',(-3.216245299353E-16,1.,0.));
#9067 = ADVANCED_FACE('',(#9068),#9125,.F.);
#9068 = FACE_BOUND('',#9069,.F.);
#9069 = EDGE_LOOP('',(#9070,#9071,#9077,#9078,#9079,#9087,#9095,#9103,
    #9111,#9119));
#9070 = ORIENTED_EDGE('',*,*,#6213,.F.);
#9071 = ORIENTED_EDGE('',*,*,#9072,.F.);
#9072 = EDGE_CURVE('',#6016,#6205,#9073,.T.);
#9073 = LINE('',#9074,#9075);
#9074 = CARTESIAN_POINT('',(7.747,-4.318,1.776));
#9075 = VECTOR('',#9076,1.);
#9076 = DIRECTION('',(3.216245299353E-16,-1.,0.));
#9077 = ORIENTED_EDGE('',*,*,#6024,.F.);
#9078 = ORIENTED_EDGE('',*,*,#9057,.F.);
#9079 = ORIENTED_EDGE('',*,*,#9080,.F.);
#9080 = EDGE_CURVE('',#9081,#9048,#9083,.T.);
#9081 = VERTEX_POINT('',#9082);
#9082 = CARTESIAN_POINT('',(7.747,-4.8515,-2.843));
#9083 = LINE('',#9084,#9085);
#9084 = CARTESIAN_POINT('',(7.747,-4.8515,-2.843));
#9085 = VECTOR('',#9086,1.);
#9086 = DIRECTION('',(-1.004783562205E-31,3.124088708055E-16,1.));
#9087 = ORIENTED_EDGE('',*,*,#9088,.F.);
#9088 = EDGE_CURVE('',#9089,#9081,#9091,.T.);
#9089 = VERTEX_POINT('',#9090);
#9090 = CARTESIAN_POINT('',(7.747,-4.96575,-3.3));
#9091 = LINE('',#9092,#9093);
#9092 = CARTESIAN_POINT('',(7.747,-4.96575,-3.3));
#9093 = VECTOR('',#9094,1.);
#9094 = DIRECTION('',(-7.800540639491E-17,0.242535625036,0.970142500145)
  );
#9095 = ORIENTED_EDGE('',*,*,#9096,.F.);
#9096 = EDGE_CURVE('',#9097,#9089,#9099,.T.);
#9097 = VERTEX_POINT('',#9098);
#9098 = CARTESIAN_POINT('',(7.747,-5.19425,-3.3));
#9099 = LINE('',#9100,#9101);
#9100 = CARTESIAN_POINT('',(7.747,-5.19425,-3.3));
#9101 = VECTOR('',#9102,1.);
#9102 = DIRECTION('',(-3.216245299353E-16,1.,0.));
#9103 = ORIENTED_EDGE('',*,*,#9104,.F.);
#9104 = EDGE_CURVE('',#9105,#9097,#9107,.T.);
#9105 = VERTEX_POINT('',#9106);
#9106 = CARTESIAN_POINT('',(7.747,-5.3085,-2.843));
#9107 = LINE('',#9108,#9109);
#9108 = CARTESIAN_POINT('',(7.747,-5.3085,-2.843));
#9109 = VECTOR('',#9110,1.);
#9110 = DIRECTION('',(-7.800540639491E-17,0.242535625036,-0.970142500145
    ));
#9111 = ORIENTED_EDGE('',*,*,#9112,.F.);
#9112 = EDGE_CURVE('',#9113,#9105,#9115,.T.);
#9113 = VERTEX_POINT('',#9114);
#9114 = CARTESIAN_POINT('',(7.747,-5.3085,0.));
#9115 = LINE('',#9116,#9117);
#9116 = CARTESIAN_POINT('',(7.747,-5.3085,0.));
#9117 = VECTOR('',#9118,1.);
#9118 = DIRECTION('',(-1.004783562205E-31,3.124088708055E-16,-1.));
#9119 = ORIENTED_EDGE('',*,*,#9120,.F.);
#9120 = EDGE_CURVE('',#6214,#9113,#9121,.T.);
#9121 = LINE('',#9122,#9123);
#9122 = CARTESIAN_POINT('',(7.747,-5.842,0.));
#9123 = VECTOR('',#9124,1.);
#9124 = DIRECTION('',(-3.216245299353E-16,1.,0.));
#9125 = PLANE('',#9126);
#9126 = AXIS2_PLACEMENT_3D('',#9127,#9128,#9129);
#9127 = CARTESIAN_POINT('',(7.747,-5.842,2.157));
#9128 = DIRECTION('',(-1.,-3.216245299353E-16,0.));
#9129 = DIRECTION('',(0.,-0.,-1.));
#9130 = ADVANCED_FACE('',(#9131),#9142,.T.);
#9131 = FACE_BOUND('',#9132,.T.);
#9132 = EDGE_LOOP('',(#9133,#9139,#9140,#9141));
#9133 = ORIENTED_EDGE('',*,*,#9134,.T.);
#9134 = EDGE_CURVE('',#6008,#6197,#9135,.T.);
#9135 = LINE('',#9136,#9137);
#9136 = CARTESIAN_POINT('',(7.366,-4.318,2.157));
#9137 = VECTOR('',#9138,1.);
#9138 = DIRECTION('',(3.216245299353E-16,-1.,0.));
#9139 = ORIENTED_EDGE('',*,*,#6204,.T.);
#9140 = ORIENTED_EDGE('',*,*,#9072,.F.);
#9141 = ORIENTED_EDGE('',*,*,#6015,.F.);
#9142 = CYLINDRICAL_SURFACE('',#9143,0.381);
#9143 = AXIS2_PLACEMENT_3D('',#9144,#9145,#9146);
#9144 = CARTESIAN_POINT('',(7.366,-4.318,1.776));
#9145 = DIRECTION('',(3.216245299353E-16,-1.,0.));
#9146 = DIRECTION('',(0.,0.,1.));
#9147 = ADVANCED_FACE('',(#9148),#9156,.T.);
#9148 = FACE_BOUND('',#9149,.T.);
#9149 = EDGE_LOOP('',(#9150,#9151,#9152,#9153,#9154,#9155));
#9150 = ORIENTED_EDGE('',*,*,#8014,.F.);
#9151 = ORIENTED_EDGE('',*,*,#6400,.F.);
#9152 = ORIENTED_EDGE('',*,*,#6196,.F.);
#9153 = ORIENTED_EDGE('',*,*,#9134,.F.);
#9154 = ORIENTED_EDGE('',*,*,#6007,.F.);
#9155 = ORIENTED_EDGE('',*,*,#6063,.F.);
#9156 = PLANE('',#9157);
#9157 = AXIS2_PLACEMENT_3D('',#9158,#9159,#9160);
#9158 = CARTESIAN_POINT('',(3.683,-5.842,2.157));
#9159 = DIRECTION('',(0.,0.,1.));
#9160 = DIRECTION('',(-4.440892098501E-16,1.,0.));
#9161 = ADVANCED_FACE('',(#9162),#9173,.T.);
#9162 = FACE_BOUND('',#9163,.T.);
#9163 = EDGE_LOOP('',(#9164,#9170,#9171,#9172));
#9164 = ORIENTED_EDGE('',*,*,#9165,.T.);
#9165 = EDGE_CURVE('',#8916,#8822,#9166,.T.);
#9166 = LINE('',#9167,#9168);
#9167 = CARTESIAN_POINT('',(7.747,-12.4715,0.));
#9168 = VECTOR('',#9169,1.);
#9169 = DIRECTION('',(-1.,-3.216245299353E-16,0.));
#9170 = ORIENTED_EDGE('',*,*,#8821,.T.);
#9171 = ORIENTED_EDGE('',*,*,#6121,.F.);
#9172 = ORIENTED_EDGE('',*,*,#8915,.F.);
#9173 = PLANE('',#9174);
#9174 = AXIS2_PLACEMENT_3D('',#9175,#9176,#9177);
#9175 = CARTESIAN_POINT('',(7.747,-12.4715,0.));
#9176 = DIRECTION('',(-0.,0.,-1.));
#9177 = DIRECTION('',(-3.216245299353E-16,1.,0.));
#9178 = ADVANCED_FACE('',(#9179),#9190,.T.);
#9179 = FACE_BOUND('',#9180,.T.);
#9180 = EDGE_LOOP('',(#9181,#9182,#9183,#9189));
#9181 = ORIENTED_EDGE('',*,*,#6221,.T.);
#9182 = ORIENTED_EDGE('',*,*,#9033,.T.);
#9183 = ORIENTED_EDGE('',*,*,#9184,.F.);
#9184 = EDGE_CURVE('',#9113,#9026,#9185,.T.);
#9185 = LINE('',#9186,#9187);
#9186 = CARTESIAN_POINT('',(7.747,-5.3085,0.));
#9187 = VECTOR('',#9188,1.);
#9188 = DIRECTION('',(-1.,-3.216245299353E-16,0.));
#9189 = ORIENTED_EDGE('',*,*,#9120,.F.);
#9190 = PLANE('',#9191);
#9191 = AXIS2_PLACEMENT_3D('',#9192,#9193,#9194);
#9192 = CARTESIAN_POINT('',(7.747,-5.842,0.));
#9193 = DIRECTION('',(-0.,0.,-1.));
#9194 = DIRECTION('',(-3.216245299353E-16,1.,0.));
#9195 = ADVANCED_FACE('',(#9196),#9209,.T.);
#9196 = FACE_BOUND('',#9197,.T.);
#9197 = EDGE_LOOP('',(#9198,#9199,#9200,#9201,#9207,#9208));
#9198 = ORIENTED_EDGE('',*,*,#8000,.F.);
#9199 = ORIENTED_EDGE('',*,*,#6253,.F.);
#9200 = ORIENTED_EDGE('',*,*,#6277,.F.);
#9201 = ORIENTED_EDGE('',*,*,#9202,.F.);
#9202 = EDGE_CURVE('',#6425,#6278,#9203,.T.);
#9203 = LINE('',#9204,#9205);
#9204 = CARTESIAN_POINT('',(7.366,-9.398,2.157));
#9205 = VECTOR('',#9206,1.);
#9206 = DIRECTION('',(3.216245299353E-16,-1.,0.));
#9207 = ORIENTED_EDGE('',*,*,#6424,.F.);
#9208 = ORIENTED_EDGE('',*,*,#6572,.F.);
#9209 = PLANE('',#9210);
#9210 = AXIS2_PLACEMENT_3D('',#9211,#9212,#9213);
#9211 = CARTESIAN_POINT('',(3.683,-10.922,2.157));
#9212 = DIRECTION('',(0.,0.,1.));
#9213 = DIRECTION('',(-4.440892098501E-16,1.,0.));
#9214 = ADVANCED_FACE('',(#9215),#9274,.T.);
#9215 = FACE_BOUND('',#9216,.T.);
#9216 = EDGE_LOOP('',(#9217,#9218,#9219,#9220,#9228,#9236,#9244,#9252,
    #9260,#9268));
#9217 = ORIENTED_EDGE('',*,*,#6310,.F.);
#9218 = ORIENTED_EDGE('',*,*,#6480,.T.);
#9219 = ORIENTED_EDGE('',*,*,#6457,.F.);
#9220 = ORIENTED_EDGE('',*,*,#9221,.F.);
#9221 = EDGE_CURVE('',#9222,#6450,#9224,.T.);
#9222 = VERTEX_POINT('',#9223);
#9223 = CARTESIAN_POINT('',(7.493,-9.9315,0.));
#9224 = LINE('',#9225,#9226);
#9225 = CARTESIAN_POINT('',(7.493,-9.9315,0.));
#9226 = VECTOR('',#9227,1.);
#9227 = DIRECTION('',(-3.216245299353E-16,1.,0.));
#9228 = ORIENTED_EDGE('',*,*,#9229,.F.);
#9229 = EDGE_CURVE('',#9230,#9222,#9232,.T.);
#9230 = VERTEX_POINT('',#9231);
#9231 = CARTESIAN_POINT('',(7.493,-9.9315,-2.843));
#9232 = LINE('',#9233,#9234);
#9233 = CARTESIAN_POINT('',(7.493,-9.9315,-2.843));
#9234 = VECTOR('',#9235,1.);
#9235 = DIRECTION('',(-1.004783562205E-31,3.124088708055E-16,1.));
#9236 = ORIENTED_EDGE('',*,*,#9237,.F.);
#9237 = EDGE_CURVE('',#9238,#9230,#9240,.T.);
#9238 = VERTEX_POINT('',#9239);
#9239 = CARTESIAN_POINT('',(7.493,-10.04575,-3.3));
#9240 = LINE('',#9241,#9242);
#9241 = CARTESIAN_POINT('',(7.493,-10.04575,-3.3));
#9242 = VECTOR('',#9243,1.);
#9243 = DIRECTION('',(-7.800540639491E-17,0.242535625036,0.970142500145)
  );
#9244 = ORIENTED_EDGE('',*,*,#9245,.F.);
#9245 = EDGE_CURVE('',#9246,#9238,#9248,.T.);
#9246 = VERTEX_POINT('',#9247);
#9247 = CARTESIAN_POINT('',(7.493,-10.27425,-3.3));
#9248 = LINE('',#9249,#9250);
#9249 = CARTESIAN_POINT('',(7.493,-10.27425,-3.3));
#9250 = VECTOR('',#9251,1.);
#9251 = DIRECTION('',(-3.216245299353E-16,1.,0.));
#9252 = ORIENTED_EDGE('',*,*,#9253,.F.);
#9253 = EDGE_CURVE('',#9254,#9246,#9256,.T.);
#9254 = VERTEX_POINT('',#9255);
#9255 = CARTESIAN_POINT('',(7.493,-10.3885,-2.843));
#9256 = LINE('',#9257,#9258);
#9257 = CARTESIAN_POINT('',(7.493,-10.3885,-2.843));
#9258 = VECTOR('',#9259,1.);
#9259 = DIRECTION('',(-7.800540639491E-17,0.242535625036,-0.970142500145
    ));
#9260 = ORIENTED_EDGE('',*,*,#9261,.F.);
#9261 = EDGE_CURVE('',#9262,#9254,#9264,.T.);
#9262 = VERTEX_POINT('',#9263);
#9263 = CARTESIAN_POINT('',(7.493,-10.3885,0.));
#9264 = LINE('',#9265,#9266);
#9265 = CARTESIAN_POINT('',(7.493,-10.3885,0.));
#9266 = VECTOR('',#9267,1.);
#9267 = DIRECTION('',(-1.004783562205E-31,3.124088708055E-16,-1.));
#9268 = ORIENTED_EDGE('',*,*,#9269,.F.);
#9269 = EDGE_CURVE('',#6303,#9262,#9270,.T.);
#9270 = LINE('',#9271,#9272);
#9271 = CARTESIAN_POINT('',(7.493,-10.922,0.));
#9272 = VECTOR('',#9273,1.);
#9273 = DIRECTION('',(-3.216245299353E-16,1.,0.));
#9274 = PLANE('',#9275);
#9275 = AXIS2_PLACEMENT_3D('',#9276,#9277,#9278);
#9276 = CARTESIAN_POINT('',(7.493,-10.922,2.157));
#9277 = DIRECTION('',(-1.,-3.216245299353E-16,0.));
#9278 = DIRECTION('',(0.,-0.,-1.));
#9279 = ADVANCED_FACE('',(#9280),#9298,.T.);
#9280 = FACE_BOUND('',#9281,.T.);
#9281 = EDGE_LOOP('',(#9282,#9283,#9284,#9292));
#9282 = ORIENTED_EDGE('',*,*,#6302,.T.);
#9283 = ORIENTED_EDGE('',*,*,#9269,.T.);
#9284 = ORIENTED_EDGE('',*,*,#9285,.F.);
#9285 = EDGE_CURVE('',#9286,#9262,#9288,.T.);
#9286 = VERTEX_POINT('',#9287);
#9287 = CARTESIAN_POINT('',(7.747,-10.3885,0.));
#9288 = LINE('',#9289,#9290);
#9289 = CARTESIAN_POINT('',(7.747,-10.3885,0.));
#9290 = VECTOR('',#9291,1.);
#9291 = DIRECTION('',(-1.,-3.216245299353E-16,0.));
#9292 = ORIENTED_EDGE('',*,*,#9293,.F.);
#9293 = EDGE_CURVE('',#6295,#9286,#9294,.T.);
#9294 = LINE('',#9295,#9296);
#9295 = CARTESIAN_POINT('',(7.747,-10.922,0.));
#9296 = VECTOR('',#9297,1.);
#9297 = DIRECTION('',(-3.216245299353E-16,1.,0.));
#9298 = PLANE('',#9299);
#9299 = AXIS2_PLACEMENT_3D('',#9300,#9301,#9302);
#9300 = CARTESIAN_POINT('',(7.747,-10.922,0.));
#9301 = DIRECTION('',(-0.,0.,-1.));
#9302 = DIRECTION('',(-3.216245299353E-16,1.,0.));
#9303 = ADVANCED_FACE('',(#9304),#9361,.F.);
#9304 = FACE_BOUND('',#9305,.F.);
#9305 = EDGE_LOOP('',(#9306,#9307,#9313,#9314,#9322,#9330,#9338,#9346,
    #9354,#9360));
#9306 = ORIENTED_EDGE('',*,*,#6294,.F.);
#9307 = ORIENTED_EDGE('',*,*,#9308,.F.);
#9308 = EDGE_CURVE('',#6433,#6286,#9309,.T.);
#9309 = LINE('',#9310,#9311);
#9310 = CARTESIAN_POINT('',(7.747,-9.398,1.776));
#9311 = VECTOR('',#9312,1.);
#9312 = DIRECTION('',(3.216245299353E-16,-1.,0.));
#9313 = ORIENTED_EDGE('',*,*,#6441,.F.);
#9314 = ORIENTED_EDGE('',*,*,#9315,.F.);
#9315 = EDGE_CURVE('',#9316,#6442,#9318,.T.);
#9316 = VERTEX_POINT('',#9317);
#9317 = CARTESIAN_POINT('',(7.747,-9.9315,0.));
#9318 = LINE('',#9319,#9320);
#9319 = CARTESIAN_POINT('',(7.747,-9.9315,0.));
#9320 = VECTOR('',#9321,1.);
#9321 = DIRECTION('',(-3.216245299353E-16,1.,0.));
#9322 = ORIENTED_EDGE('',*,*,#9323,.F.);
#9323 = EDGE_CURVE('',#9324,#9316,#9326,.T.);
#9324 = VERTEX_POINT('',#9325);
#9325 = CARTESIAN_POINT('',(7.747,-9.9315,-2.843));
#9326 = LINE('',#9327,#9328);
#9327 = CARTESIAN_POINT('',(7.747,-9.9315,-2.843));
#9328 = VECTOR('',#9329,1.);
#9329 = DIRECTION('',(-1.004783562205E-31,3.124088708055E-16,1.));
#9330 = ORIENTED_EDGE('',*,*,#9331,.F.);
#9331 = EDGE_CURVE('',#9332,#9324,#9334,.T.);
#9332 = VERTEX_POINT('',#9333);
#9333 = CARTESIAN_POINT('',(7.747,-10.04575,-3.3));
#9334 = LINE('',#9335,#9336);
#9335 = CARTESIAN_POINT('',(7.747,-10.04575,-3.3));
#9336 = VECTOR('',#9337,1.);
#9337 = DIRECTION('',(-7.800540639491E-17,0.242535625036,0.970142500145)
  );
#9338 = ORIENTED_EDGE('',*,*,#9339,.F.);
#9339 = EDGE_CURVE('',#9340,#9332,#9342,.T.);
#9340 = VERTEX_POINT('',#9341);
#9341 = CARTESIAN_POINT('',(7.747,-10.27425,-3.3));
#9342 = LINE('',#9343,#9344);
#9343 = CARTESIAN_POINT('',(7.747,-10.27425,-3.3));
#9344 = VECTOR('',#9345,1.);
#9345 = DIRECTION('',(-3.216245299353E-16,1.,0.));
#9346 = ORIENTED_EDGE('',*,*,#9347,.F.);
#9347 = EDGE_CURVE('',#9348,#9340,#9350,.T.);
#9348 = VERTEX_POINT('',#9349);
#9349 = CARTESIAN_POINT('',(7.747,-10.3885,-2.843));
#9350 = LINE('',#9351,#9352);
#9351 = CARTESIAN_POINT('',(7.747,-10.3885,-2.843));
#9352 = VECTOR('',#9353,1.);
#9353 = DIRECTION('',(-7.800540639491E-17,0.242535625036,-0.970142500145
    ));
#9354 = ORIENTED_EDGE('',*,*,#9355,.F.);
#9355 = EDGE_CURVE('',#9286,#9348,#9356,.T.);
#9356 = LINE('',#9357,#9358);
#9357 = CARTESIAN_POINT('',(7.747,-10.3885,0.));
#9358 = VECTOR('',#9359,1.);
#9359 = DIRECTION('',(-1.004783562205E-31,3.124088708055E-16,-1.));
#9360 = ORIENTED_EDGE('',*,*,#9293,.F.);
#9361 = PLANE('',#9362);
#9362 = AXIS2_PLACEMENT_3D('',#9363,#9364,#9365);
#9363 = CARTESIAN_POINT('',(7.747,-10.922,2.157));
#9364 = DIRECTION('',(-1.,-3.216245299353E-16,0.));
#9365 = DIRECTION('',(0.,-0.,-1.));
#9366 = ADVANCED_FACE('',(#9367),#9373,.T.);
#9367 = FACE_BOUND('',#9368,.T.);
#9368 = EDGE_LOOP('',(#9369,#9370,#9371,#9372));
#9369 = ORIENTED_EDGE('',*,*,#9202,.T.);
#9370 = ORIENTED_EDGE('',*,*,#6285,.T.);
#9371 = ORIENTED_EDGE('',*,*,#9308,.F.);
#9372 = ORIENTED_EDGE('',*,*,#6432,.F.);
#9373 = CYLINDRICAL_SURFACE('',#9374,0.381);
#9374 = AXIS2_PLACEMENT_3D('',#9375,#9376,#9377);
#9375 = CARTESIAN_POINT('',(7.366,-9.398,1.776));
#9376 = DIRECTION('',(3.216245299353E-16,-1.,0.));
#9377 = DIRECTION('',(0.,0.,1.));
#9378 = ADVANCED_FACE('',(#9379),#9438,.T.);
#9379 = FACE_BOUND('',#9380,.T.);
#9380 = EDGE_LOOP('',(#9381,#9382,#9383,#9384,#9392,#9400,#9408,#9416,
    #9424,#9432));
#9381 = ORIENTED_EDGE('',*,*,#6557,.F.);
#9382 = ORIENTED_EDGE('',*,*,#6497,.T.);
#9383 = ORIENTED_EDGE('',*,*,#6368,.F.);
#9384 = ORIENTED_EDGE('',*,*,#9385,.F.);
#9385 = EDGE_CURVE('',#9386,#6361,#9388,.T.);
#9386 = VERTEX_POINT('',#9387);
#9387 = CARTESIAN_POINT('',(7.493,-7.3915,0.));
#9388 = LINE('',#9389,#9390);
#9389 = CARTESIAN_POINT('',(7.493,-7.3915,0.));
#9390 = VECTOR('',#9391,1.);
#9391 = DIRECTION('',(-3.216245299353E-16,1.,0.));
#9392 = ORIENTED_EDGE('',*,*,#9393,.F.);
#9393 = EDGE_CURVE('',#9394,#9386,#9396,.T.);
#9394 = VERTEX_POINT('',#9395);
#9395 = CARTESIAN_POINT('',(7.493,-7.3915,-2.843));
#9396 = LINE('',#9397,#9398);
#9397 = CARTESIAN_POINT('',(7.493,-7.3915,-2.843));
#9398 = VECTOR('',#9399,1.);
#9399 = DIRECTION('',(-1.004783562205E-31,3.124088708055E-16,1.));
#9400 = ORIENTED_EDGE('',*,*,#9401,.F.);
#9401 = EDGE_CURVE('',#9402,#9394,#9404,.T.);
#9402 = VERTEX_POINT('',#9403);
#9403 = CARTESIAN_POINT('',(7.493,-7.50575,-3.3));
#9404 = LINE('',#9405,#9406);
#9405 = CARTESIAN_POINT('',(7.493,-7.50575,-3.3));
#9406 = VECTOR('',#9407,1.);
#9407 = DIRECTION('',(-7.800540639491E-17,0.242535625036,0.970142500145)
  );
#9408 = ORIENTED_EDGE('',*,*,#9409,.F.);
#9409 = EDGE_CURVE('',#9410,#9402,#9412,.T.);
#9410 = VERTEX_POINT('',#9411);
#9411 = CARTESIAN_POINT('',(7.493,-7.73425,-3.3));
#9412 = LINE('',#9413,#9414);
#9413 = CARTESIAN_POINT('',(7.493,-7.73425,-3.3));
#9414 = VECTOR('',#9415,1.);
#9415 = DIRECTION('',(-3.216245299353E-16,1.,0.));
#9416 = ORIENTED_EDGE('',*,*,#9417,.F.);
#9417 = EDGE_CURVE('',#9418,#9410,#9420,.T.);
#9418 = VERTEX_POINT('',#9419);
#9419 = CARTESIAN_POINT('',(7.493,-7.8485,-2.843));
#9420 = LINE('',#9421,#9422);
#9421 = CARTESIAN_POINT('',(7.493,-7.8485,-2.843));
#9422 = VECTOR('',#9423,1.);
#9423 = DIRECTION('',(-7.800540639491E-17,0.242535625036,-0.970142500145
    ));
#9424 = ORIENTED_EDGE('',*,*,#9425,.F.);
#9425 = EDGE_CURVE('',#9426,#9418,#9428,.T.);
#9426 = VERTEX_POINT('',#9427);
#9427 = CARTESIAN_POINT('',(7.493,-7.8485,0.));
#9428 = LINE('',#9429,#9430);
#9429 = CARTESIAN_POINT('',(7.493,-7.8485,0.));
#9430 = VECTOR('',#9431,1.);
#9431 = DIRECTION('',(-1.004783562205E-31,3.124088708055E-16,-1.));
#9432 = ORIENTED_EDGE('',*,*,#9433,.F.);
#9433 = EDGE_CURVE('',#6550,#9426,#9434,.T.);
#9434 = LINE('',#9435,#9436);
#9435 = CARTESIAN_POINT('',(7.493,-8.382,0.));
#9436 = VECTOR('',#9437,1.);
#9437 = DIRECTION('',(-3.216245299353E-16,1.,0.));
#9438 = PLANE('',#9439);
#9439 = AXIS2_PLACEMENT_3D('',#9440,#9441,#9442);
#9440 = CARTESIAN_POINT('',(7.493,-8.382,2.157));
#9441 = DIRECTION('',(-1.,-3.216245299353E-16,0.));
#9442 = DIRECTION('',(0.,-0.,-1.));
#9443 = ADVANCED_FACE('',(#9444),#9462,.T.);
#9444 = FACE_BOUND('',#9445,.T.);
#9445 = EDGE_LOOP('',(#9446,#9454,#9455,#9456));
#9446 = ORIENTED_EDGE('',*,*,#9447,.T.);
#9447 = EDGE_CURVE('',#9448,#9386,#9450,.T.);
#9448 = VERTEX_POINT('',#9449);
#9449 = CARTESIAN_POINT('',(7.747,-7.3915,0.));
#9450 = LINE('',#9451,#9452);
#9451 = CARTESIAN_POINT('',(7.747,-7.3915,0.));
#9452 = VECTOR('',#9453,1.);
#9453 = DIRECTION('',(-1.,-3.216245299353E-16,0.));
#9454 = ORIENTED_EDGE('',*,*,#9385,.T.);
#9455 = ORIENTED_EDGE('',*,*,#6360,.F.);
#9456 = ORIENTED_EDGE('',*,*,#9457,.F.);
#9457 = EDGE_CURVE('',#9448,#6353,#9458,.T.);
#9458 = LINE('',#9459,#9460);
#9459 = CARTESIAN_POINT('',(7.747,-7.3915,0.));
#9460 = VECTOR('',#9461,1.);
#9461 = DIRECTION('',(-3.216245299353E-16,1.,0.));
#9462 = PLANE('',#9463);
#9463 = AXIS2_PLACEMENT_3D('',#9464,#9465,#9466);
#9464 = CARTESIAN_POINT('',(7.747,-7.3915,0.));
#9465 = DIRECTION('',(-0.,0.,-1.));
#9466 = DIRECTION('',(-3.216245299353E-16,1.,0.));
#9467 = ADVANCED_FACE('',(#9468),#9525,.F.);
#9468 = FACE_BOUND('',#9469,.F.);
#9469 = EDGE_LOOP('',(#9470,#9471,#9477,#9478,#9479,#9487,#9495,#9503,
    #9511,#9519));
#9470 = ORIENTED_EDGE('',*,*,#6541,.F.);
#9471 = ORIENTED_EDGE('',*,*,#9472,.F.);
#9472 = EDGE_CURVE('',#6344,#6533,#9473,.T.);
#9473 = LINE('',#9474,#9475);
#9474 = CARTESIAN_POINT('',(7.747,-6.858,1.776));
#9475 = VECTOR('',#9476,1.);
#9476 = DIRECTION('',(3.216245299353E-16,-1.,0.));
#9477 = ORIENTED_EDGE('',*,*,#6352,.F.);
#9478 = ORIENTED_EDGE('',*,*,#9457,.F.);
#9479 = ORIENTED_EDGE('',*,*,#9480,.F.);
#9480 = EDGE_CURVE('',#9481,#9448,#9483,.T.);
#9481 = VERTEX_POINT('',#9482);
#9482 = CARTESIAN_POINT('',(7.747,-7.3915,-2.843));
#9483 = LINE('',#9484,#9485);
#9484 = CARTESIAN_POINT('',(7.747,-7.3915,-2.843));
#9485 = VECTOR('',#9486,1.);
#9486 = DIRECTION('',(-1.004783562205E-31,3.124088708055E-16,1.));
#9487 = ORIENTED_EDGE('',*,*,#9488,.F.);
#9488 = EDGE_CURVE('',#9489,#9481,#9491,.T.);
#9489 = VERTEX_POINT('',#9490);
#9490 = CARTESIAN_POINT('',(7.747,-7.50575,-3.3));
#9491 = LINE('',#9492,#9493);
#9492 = CARTESIAN_POINT('',(7.747,-7.50575,-3.3));
#9493 = VECTOR('',#9494,1.);
#9494 = DIRECTION('',(-7.800540639491E-17,0.242535625036,0.970142500145)
  );
#9495 = ORIENTED_EDGE('',*,*,#9496,.F.);
#9496 = EDGE_CURVE('',#9497,#9489,#9499,.T.);
#9497 = VERTEX_POINT('',#9498);
#9498 = CARTESIAN_POINT('',(7.747,-7.73425,-3.3));
#9499 = LINE('',#9500,#9501);
#9500 = CARTESIAN_POINT('',(7.747,-7.73425,-3.3));
#9501 = VECTOR('',#9502,1.);
#9502 = DIRECTION('',(-3.216245299353E-16,1.,0.));
#9503 = ORIENTED_EDGE('',*,*,#9504,.F.);
#9504 = EDGE_CURVE('',#9505,#9497,#9507,.T.);
#9505 = VERTEX_POINT('',#9506);
#9506 = CARTESIAN_POINT('',(7.747,-7.8485,-2.843));
#9507 = LINE('',#9508,#9509);
#9508 = CARTESIAN_POINT('',(7.747,-7.8485,-2.843));
#9509 = VECTOR('',#9510,1.);
#9510 = DIRECTION('',(-7.800540639491E-17,0.242535625036,-0.970142500145
    ));
#9511 = ORIENTED_EDGE('',*,*,#9512,.F.);
#9512 = EDGE_CURVE('',#9513,#9505,#9515,.T.);
#9513 = VERTEX_POINT('',#9514);
#9514 = CARTESIAN_POINT('',(7.747,-7.8485,0.));
#9515 = LINE('',#9516,#9517);
#9516 = CARTESIAN_POINT('',(7.747,-7.8485,0.));
#9517 = VECTOR('',#9518,1.);
#9518 = DIRECTION('',(-1.004783562205E-31,3.124088708055E-16,-1.));
#9519 = ORIENTED_EDGE('',*,*,#9520,.F.);
#9520 = EDGE_CURVE('',#6542,#9513,#9521,.T.);
#9521 = LINE('',#9522,#9523);
#9522 = CARTESIAN_POINT('',(7.747,-8.382,0.));
#9523 = VECTOR('',#9524,1.);
#9524 = DIRECTION('',(-3.216245299353E-16,1.,0.));
#9525 = PLANE('',#9526);
#9526 = AXIS2_PLACEMENT_3D('',#9527,#9528,#9529);
#9527 = CARTESIAN_POINT('',(7.747,-8.382,2.157));
#9528 = DIRECTION('',(-1.,-3.216245299353E-16,0.));
#9529 = DIRECTION('',(0.,-0.,-1.));
#9530 = ADVANCED_FACE('',(#9531),#9542,.T.);
#9531 = FACE_BOUND('',#9532,.T.);
#9532 = EDGE_LOOP('',(#9533,#9539,#9540,#9541));
#9533 = ORIENTED_EDGE('',*,*,#9534,.T.);
#9534 = EDGE_CURVE('',#6336,#6525,#9535,.T.);
#9535 = LINE('',#9536,#9537);
#9536 = CARTESIAN_POINT('',(7.366,-6.858,2.157));
#9537 = VECTOR('',#9538,1.);
#9538 = DIRECTION('',(3.216245299353E-16,-1.,0.));
#9539 = ORIENTED_EDGE('',*,*,#6532,.T.);
#9540 = ORIENTED_EDGE('',*,*,#9472,.F.);
#9541 = ORIENTED_EDGE('',*,*,#6343,.F.);
#9542 = CYLINDRICAL_SURFACE('',#9543,0.381);
#9543 = AXIS2_PLACEMENT_3D('',#9544,#9545,#9546);
#9544 = CARTESIAN_POINT('',(7.366,-6.858,1.776));
#9545 = DIRECTION('',(3.216245299353E-16,-1.,0.));
#9546 = DIRECTION('',(0.,0.,1.));
#9547 = ADVANCED_FACE('',(#9548),#9556,.T.);
#9548 = FACE_BOUND('',#9549,.T.);
#9549 = EDGE_LOOP('',(#9550,#9551,#9552,#9553,#9554,#9555));
#9550 = ORIENTED_EDGE('',*,*,#8007,.F.);
#9551 = ORIENTED_EDGE('',*,*,#6581,.F.);
#9552 = ORIENTED_EDGE('',*,*,#6524,.F.);
#9553 = ORIENTED_EDGE('',*,*,#9534,.F.);
#9554 = ORIENTED_EDGE('',*,*,#6335,.F.);
#9555 = ORIENTED_EDGE('',*,*,#6391,.F.);
#9556 = PLANE('',#9557);
#9557 = AXIS2_PLACEMENT_3D('',#9558,#9559,#9560);
#9558 = CARTESIAN_POINT('',(3.683,-8.382,2.157));
#9559 = DIRECTION('',(0.,0.,1.));
#9560 = DIRECTION('',(-4.440892098501E-16,1.,0.));
#9561 = ADVANCED_FACE('',(#9562),#9573,.T.);
#9562 = FACE_BOUND('',#9563,.T.);
#9563 = EDGE_LOOP('',(#9564,#9570,#9571,#9572));
#9564 = ORIENTED_EDGE('',*,*,#9565,.T.);
#9565 = EDGE_CURVE('',#9316,#9222,#9566,.T.);
#9566 = LINE('',#9567,#9568);
#9567 = CARTESIAN_POINT('',(7.747,-9.9315,0.));
#9568 = VECTOR('',#9569,1.);
#9569 = DIRECTION('',(-1.,-3.216245299353E-16,0.));
#9570 = ORIENTED_EDGE('',*,*,#9221,.T.);
#9571 = ORIENTED_EDGE('',*,*,#6449,.F.);
#9572 = ORIENTED_EDGE('',*,*,#9315,.F.);
#9573 = PLANE('',#9574);
#9574 = AXIS2_PLACEMENT_3D('',#9575,#9576,#9577);
#9575 = CARTESIAN_POINT('',(7.747,-9.9315,0.));
#9576 = DIRECTION('',(-0.,0.,-1.));
#9577 = DIRECTION('',(-3.216245299353E-16,1.,0.));
#9578 = ADVANCED_FACE('',(#9579),#9590,.T.);
#9579 = FACE_BOUND('',#9580,.T.);
#9580 = EDGE_LOOP('',(#9581,#9582,#9583,#9589));
#9581 = ORIENTED_EDGE('',*,*,#6549,.T.);
#9582 = ORIENTED_EDGE('',*,*,#9433,.T.);
#9583 = ORIENTED_EDGE('',*,*,#9584,.F.);
#9584 = EDGE_CURVE('',#9513,#9426,#9585,.T.);
#9585 = LINE('',#9586,#9587);
#9586 = CARTESIAN_POINT('',(7.747,-7.8485,0.));
#9587 = VECTOR('',#9588,1.);
#9588 = DIRECTION('',(-1.,-3.216245299353E-16,0.));
#9589 = ORIENTED_EDGE('',*,*,#9520,.F.);
#9590 = PLANE('',#9591);
#9591 = AXIS2_PLACEMENT_3D('',#9592,#9593,#9594);
#9592 = CARTESIAN_POINT('',(7.747,-8.382,0.));
#9593 = DIRECTION('',(-0.,0.,-1.));
#9594 = DIRECTION('',(-3.216245299353E-16,1.,0.));
#9595 = ADVANCED_FACE('',(#9596),#9939,.T.);
#9596 = FACE_BOUND('',#9597,.T.);
#9597 = EDGE_LOOP('',(#9598,#9599,#9600,#9607,#9615,#9721,#9827,#9933));
#9598 = ORIENTED_EDGE('',*,*,#8035,.F.);
#9599 = ORIENTED_EDGE('',*,*,#6611,.T.);
#9600 = ORIENTED_EDGE('',*,*,#9601,.T.);
#9601 = EDGE_CURVE('',#6605,#9602,#9604,.T.);
#9602 = VERTEX_POINT('',#9603);
#9603 = CARTESIAN_POINT('',(1.033723643423,0.299776356577,3.68));
#9604 = B_SPLINE_CURVE_WITH_KNOTS('',1,(#9605,#9606),.UNSPECIFIED.,.F.,
  .F.,(2,2),(0.,1.),.PIECEWISE_BEZIER_KNOTS.);
#9605 = CARTESIAN_POINT('',(0.71,0.6235,2.157));
#9606 = CARTESIAN_POINT('',(1.033723643423,0.299776356577,3.68));
#9607 = ORIENTED_EDGE('',*,*,#9608,.F.);
#9608 = EDGE_CURVE('',#9609,#9602,#9611,.T.);
#9609 = VERTEX_POINT('',#9610);
#9610 = CARTESIAN_POINT('',(3.06375942217,0.299776356577,3.68));
#9611 = LINE('',#9612,#9613);
#9612 = CARTESIAN_POINT('',(6.586276356577,0.299776356577,3.68));
#9613 = VECTOR('',#9614,1.);
#9614 = DIRECTION('',(-1.,-4.440892098501E-16,0.));
#9615 = ORIENTED_EDGE('',*,*,#9616,.F.);
#9616 = EDGE_CURVE('',#9617,#9609,#9619,.T.);
#9617 = VERTEX_POINT('',#9618);
#9618 = CARTESIAN_POINT('',(3.060652504409,0.406054637412,3.18));
#9619 = B_SPLINE_CURVE_WITH_KNOTS('',4,(#9620,#9621,#9622,#9623,#9624,
    #9625,#9626,#9627,#9628,#9629,#9630,#9631,#9632,#9633,#9634,#9635,
    #9636,#9637,#9638,#9639,#9640,#9641,#9642,#9643,#9644,#9645,#9646,
    #9647,#9648,#9649,#9650,#9651,#9652,#9653,#9654,#9655,#9656,#9657,
    #9658,#9659,#9660,#9661,#9662,#9663,#9664,#9665,#9666,#9667,#9668,
    #9669,#9670,#9671,#9672,#9673,#9674,#9675,#9676,#9677,#9678,#9679,
    #9680,#9681,#9682,#9683,#9684,#9685,#9686,#9687,#9688,#9689,#9690,
    #9691,#9692,#9693,#9694,#9695,#9696,#9697,#9698,#9699,#9700,#9701,
    #9702,#9703,#9704,#9705,#9706,#9707,#9708,#9709,#9710,#9711,#9712,
    #9713,#9714,#9715,#9716,#9717,#9718,#9719,#9720),.UNSPECIFIED.,.F.,
  .F.,(5,3,3,3,3,3,3,3,3,3,3,3,3,3,3,3,3,3,3,3,3,3,3,3,3,3,3,3,3,3,3,3,3
    ,5),(0.,3.832661857537E-02,7.588616027393E-02,0.112697851853,
    0.148780767068,0.184153940431,0.21883648667,0.252847727221,
    0.286207325058,0.318935429061,0.351052828921,0.38258112122,
    0.413542886786,0.443961878573,0.473863218119,0.503273596996,
    0.532221477517,0.560737284348,0.588853575631,0.616605179129,
    0.64402927619,0.671165414825,0.698055433749,0.723856466374,
    0.750392376563,0.776817491054,0.80317991565,0.829528157021,
    0.855910545381,0.882374672274,0.908966882881,0.935731854039,
    0.962712277261,1.),.UNSPECIFIED.);
#9620 = CARTESIAN_POINT('',(3.102443253723,0.6235,2.157));
#9621 = CARTESIAN_POINT('',(3.10159836505,0.621096502417,2.168307567096)
  );
#9622 = CARTESIAN_POINT('',(3.100760043871,0.618676893235,2.179690933308
    ));
#9623 = CARTESIAN_POINT('',(3.099928470497,0.616240885558,2.191151448372
    ));
#9624 = CARTESIAN_POINT('',(3.098295716868,0.611384563992,2.213998645033
    ));
#9625 = CARTESIAN_POINT('',(3.097494261506,0.608964911842,2.225382213394
    ));
#9626 = CARTESIAN_POINT('',(3.096699660478,0.606528942322,2.236842548942
    ));
#9627 = CARTESIAN_POINT('',(3.095140251405,0.601672618361,2.259689756871
    ));
#9628 = CARTESIAN_POINT('',(3.094375165256,0.599252918822,2.271073548177
    ));
#9629 = CARTESIAN_POINT('',(3.093617046982,0.59681699024,2.282533691129)
  );
#9630 = CARTESIAN_POINT('',(3.092130026932,0.591960661398,2.305380922018
    ));
#9631 = CARTESIAN_POINT('',(3.091400843964,0.589540908555,2.316764964101
    ));
#9632 = CARTESIAN_POINT('',(3.090678749632,0.58710502492,2.328224895597)
  );
#9633 = CARTESIAN_POINT('',(3.089263222812,0.582248688464,2.351072162308
    ));
#9634 = CARTESIAN_POINT('',(3.088569506013,0.579828874704,2.362456490983
    ));
#9635 = CARTESIAN_POINT('',(3.087883006017,0.577393041415,2.373916185615
    ));
#9636 = CARTESIAN_POINT('',(3.08653813337,0.572536694321,2.396763502377)
  );
#9637 = CARTESIAN_POINT('',(3.085879473324,0.570116810106,2.408148162516
    ));
#9638 = CARTESIAN_POINT('',(3.085228165819,0.567681034144,2.419607587444
    ));
#9639 = CARTESIAN_POINT('',(3.083953162281,0.562824673051,2.442454970066
    ));
#9640 = CARTESIAN_POINT('',(3.08332917589,0.560404706661,2.453840016811)
  );
#9641 = CARTESIAN_POINT('',(3.08271268547,0.557968996804,2.465299130741)
  );
#9642 = CARTESIAN_POINT('',(3.081506817467,0.55311261797,2.488146596824)
  );
#9643 = CARTESIAN_POINT('',(3.080917146787,0.550692555215,2.499532096932
    ));
#9644 = CARTESIAN_POINT('',(3.080335123266,0.548256922283,2.510990848958
    ));
#9645 = CARTESIAN_POINT('',(3.079197706436,0.543400521543,2.533838418102
    ));
#9646 = CARTESIAN_POINT('',(3.078642017638,0.540980345451,2.545224451414
    ));
#9647 = CARTESIAN_POINT('',(3.078094134929,0.538544802583,2.556682779723
    ));
#9648 = CARTESIAN_POINT('',(3.07702453204,0.53368837531,2.579530473698)
  );
#9649 = CARTESIAN_POINT('',(3.07650251448,0.531268065798,2.590917134701)
  );
#9650 = CARTESIAN_POINT('',(3.075988469554,0.528832628757,2.602374965137
    ));
#9651 = CARTESIAN_POINT('',(3.074986088616,0.523976169835,2.625222808007
    ));
#9652 = CARTESIAN_POINT('',(3.074497454016,0.521555703366,2.636610207432
    ));
#9653 = CARTESIAN_POINT('',(3.074016965933,0.519120390865,2.64806745195)
  );
#9654 = CARTESIAN_POINT('',(3.073081258485,0.514263894688,2.670915470094
    ));
#9655 = CARTESIAN_POINT('',(3.072625740214,0.511843243943,2.682303736473
    ));
#9656 = CARTESIAN_POINT('',(3.072178549227,0.509408077994,2.693760291517
    ));
#9657 = CARTESIAN_POINT('',(3.071309008778,0.504551538489,2.716608513501
    ));
#9658 = CARTESIAN_POINT('',(3.070886361242,0.502130672067,2.727997794563
    ));
#9659 = CARTESIAN_POINT('',(3.070472227939,0.499695678326,2.739453539431
    ));
#9660 = CARTESIAN_POINT('',(3.069668388574,0.494839089031,2.762301995656
    ));
#9661 = CARTESIAN_POINT('',(3.069278386703,0.492417971229,2.773692459367
    ));
#9662 = CARTESIAN_POINT('',(3.068897091202,0.489983179322,2.785147254684
    ));
#9663 = CARTESIAN_POINT('',(3.068158526316,0.485126533526,2.807995976726
    ));
#9664 = CARTESIAN_POINT('',(3.067800965147,0.482705124242,2.81938781175)
  );
#9665 = CARTESIAN_POINT('',(3.067452306324,0.480270568034,2.83084149819)
  );
#9666 = CARTESIAN_POINT('',(3.066778627491,0.475413859003,2.85369051773)
  );
#9667 = CARTESIAN_POINT('',(3.066453321841,0.472992113826,2.865083933008
    ));
#9668 = CARTESIAN_POINT('',(3.066137116583,0.470557831594,2.876536330492
    ));
#9669 = CARTESIAN_POINT('',(3.065527972543,0.465701052906,2.899385677745
    ));
#9670 = CARTESIAN_POINT('',(3.065234756765,0.463278923466,2.910780900835
    ));
#9671 = CARTESIAN_POINT('',(3.064950839246,0.460844957907,2.922231808488
    ));
#9672 = CARTESIAN_POINT('',(3.064405914993,0.455988103904,2.945081510067
    ));
#9673 = CARTESIAN_POINT('',(3.064144642791,0.453565538575,2.956478783859
    ));
#9674 = CARTESIAN_POINT('',(3.063892863774,0.451131936579,2.967927981082
    ));
#9675 = CARTESIAN_POINT('',(3.063411879734,0.446275002947,2.99077805729)
  );
#9676 = CARTESIAN_POINT('',(3.063182424021,0.443851947956,3.002177634756
    ));
#9677 = CARTESIAN_POINT('',(3.062962650185,0.441418760056,3.01362488381)
  );
#9678 = CARTESIAN_POINT('',(3.062545361468,0.436561744495,3.036475345463
    ));
#9679 = CARTESIAN_POINT('',(3.062347614228,0.434138145511,3.047877482217
    ));
#9680 = CARTESIAN_POINT('',(3.062159727543,0.431705424932,3.059322532699
    ));
#9681 = CARTESIAN_POINT('',(3.061805923247,0.426848327874,3.082173377761
    ));
#9682 = CARTESIAN_POINT('',(3.06163979537,0.424424132049,3.093578322432)
  );
#9683 = CARTESIAN_POINT('',(3.061483692536,0.421991933287,3.105020917961
    ));
#9684 = CARTESIAN_POINT('',(3.061193195095,0.417134758563,3.127872128414
    ));
#9685 = CARTESIAN_POINT('',(3.061058616139,0.414709916965,3.139280111208
    ));
#9686 = CARTESIAN_POINT('',(3.060934208127,0.412278293878,3.150719998397
    ));
#9687 = CARTESIAN_POINT('',(3.060710635538,0.407501445917,3.173193301142
    ));
#9688 = CARTESIAN_POINT('',(3.060610652449,0.405156709793,3.184224417312
    ));
#9689 = CARTESIAN_POINT('',(3.060520286222,0.402806845248,3.195279660803
    ));
#9690 = CARTESIAN_POINT('',(3.060356690777,0.398031015986,3.217748170946
    ));
#9691 = CARTESIAN_POINT('',(3.060284022745,0.395604789354,3.229162669811
    ));
#9692 = CARTESIAN_POINT('',(3.060221741893,0.393174441603,3.240596557019
    ));
#9693 = CARTESIAN_POINT('',(3.060118326142,0.388317097121,3.26344856612)
  );
#9694 = CARTESIAN_POINT('',(3.060077103863,0.385890127828,3.274866558929
    ));
#9695 = CARTESIAN_POINT('',(3.060046335552,0.383460487816,3.286297116485
    ));
#9696 = CARTESIAN_POINT('',(3.060005839486,0.378603118425,3.309149242777
    ));
#9697 = CARTESIAN_POINT('',(3.059996061896,0.376175397106,3.320570773588
    ));
#9698 = CARTESIAN_POINT('',(3.059996772537,0.373746491538,3.331997875857
    ));
#9699 = CARTESIAN_POINT('',(3.060019176318,0.36888911742,3.354850024389)
  );
#9700 = CARTESIAN_POINT('',(3.060040858167,0.366460648212,3.366275073744
    ));
#9701 = CARTESIAN_POINT('',(3.060073028876,0.364032491387,3.37769865345)
  );
#9702 = CARTESIAN_POINT('',(3.060158343526,0.359175133035,3.400550727806
    ));
#9703 = CARTESIAN_POINT('',(3.060211514682,0.356745933163,3.411979214666
    ));
#9704 = CARTESIAN_POINT('',(3.060275141935,0.354318526053,3.423399267246
    ));
#9705 = CARTESIAN_POINT('',(3.060423409398,0.349461202735,3.446251176778
    ));
#9706 = CARTESIAN_POINT('',(3.060508114269,0.347031301133,3.457682965016
    ));
#9707 = CARTESIAN_POINT('',(3.06060321063,0.344604631472,3.469099548169)
  );
#9708 = CARTESIAN_POINT('',(3.060814503999,0.339747359896,3.491951214278
    ));
#9709 = CARTESIAN_POINT('',(3.060930801132,0.337316795086,3.503386122664
    ));
#9710 = CARTESIAN_POINT('',(3.061057395988,0.334890838462,3.514799351241
    ));
#9711 = CARTESIAN_POINT('',(3.061331819874,0.330033631832,3.537650711804
    ));
#9712 = CARTESIAN_POINT('',(3.06147978178,0.327602449372,3.549088526007)
  );
#9713 = CARTESIAN_POINT('',(3.061637921998,0.325177171116,3.560498563111
    ));
#9714 = CARTESIAN_POINT('',(3.061975613012,0.320320038677,3.583349574633
    ));
#9715 = CARTESIAN_POINT('',(3.062155326198,0.317888288514,3.594790059667
    ));
#9716 = CARTESIAN_POINT('',(3.062345076673,0.315463646102,3.606197105365
    ));
#9717 = CARTESIAN_POINT('',(3.062820569592,0.309706135645,3.633284062415
    ));
#9718 = CARTESIAN_POINT('',(3.063115291368,0.306380166482,3.64893151708)
  );
#9719 = CARTESIAN_POINT('',(3.063428406313,0.30306992391,3.664504983956)
  );
#9720 = CARTESIAN_POINT('',(3.06375942217,0.299776356577,3.68));
#9721 = ORIENTED_EDGE('',*,*,#9722,.T.);
#9722 = EDGE_CURVE('',#9617,#9723,#9725,.T.);
#9723 = VERTEX_POINT('',#9724);
#9724 = CARTESIAN_POINT('',(4.559347495591,0.406054637412,3.18));
#9725 = B_SPLINE_CURVE_WITH_KNOTS('',4,(#9726,#9727,#9728,#9729,#9730,
    #9731,#9732,#9733,#9734,#9735,#9736,#9737,#9738,#9739,#9740,#9741,
    #9742,#9743,#9744,#9745,#9746,#9747,#9748,#9749,#9750,#9751,#9752,
    #9753,#9754,#9755,#9756,#9757,#9758,#9759,#9760,#9761,#9762,#9763,
    #9764,#9765,#9766,#9767,#9768,#9769,#9770,#9771,#9772,#9773,#9774,
    #9775,#9776,#9777,#9778,#9779,#9780,#9781,#9782,#9783,#9784,#9785,
    #9786,#9787,#9788,#9789,#9790,#9791,#9792,#9793,#9794,#9795,#9796,
    #9797,#9798,#9799,#9800,#9801,#9802,#9803,#9804,#9805,#9806,#9807,
    #9808,#9809,#9810,#9811,#9812,#9813,#9814,#9815,#9816,#9817,#9818,
    #9819,#9820,#9821,#9822,#9823,#9824,#9825,#9826),.UNSPECIFIED.,.F.,
  .F.,(5,3,3,3,3,3,3,3,3,3,3,3,3,3,3,3,3,3,3,3,3,3,3,3,3,3,3,3,3,3,3,3,3
    ,5),(0.,3.000000000005E-02,6.000000000007E-02,9.000000000007E-02,
    0.12,0.15,0.18,0.21,0.24,0.27,0.3,0.33,0.36,0.389,0.419,0.449,0.479,
    0.509,0.539,0.569,0.599,0.629,0.658,0.688,0.718,0.748,0.778,0.808,
    0.838,0.868,0.898,0.928,0.958,1.),.UNSPECIFIED.);
#9726 = CARTESIAN_POINT('',(0.927445362588,0.406054637412,3.18));
#9727 = CARTESIAN_POINT('',(0.97068368215,0.406054637412,3.18));
#9728 = CARTESIAN_POINT('',(1.013922001711,0.406054637412,3.18));
#9729 = CARTESIAN_POINT('',(1.057160321272,0.406054637412,3.18));
#9730 = CARTESIAN_POINT('',(1.143636960394,0.406054637412,3.18));
#9731 = CARTESIAN_POINT('',(1.186875279956,0.406054637412,3.18));
#9732 = CARTESIAN_POINT('',(1.230113599517,0.406054637412,3.18));
#9733 = CARTESIAN_POINT('',(1.316590238639,0.406054637412,3.18));
#9734 = CARTESIAN_POINT('',(1.3598285582,0.406054637412,3.18));
#9735 = CARTESIAN_POINT('',(1.403066877761,0.406054637412,3.18));
#9736 = CARTESIAN_POINT('',(1.489543516884,0.406054637412,3.18));
#9737 = CARTESIAN_POINT('',(1.532781836445,0.406054637412,3.18));
#9738 = CARTESIAN_POINT('',(1.576020156006,0.406054637412,3.18));
#9739 = CARTESIAN_POINT('',(1.662496795128,0.406054637412,3.18));
#9740 = CARTESIAN_POINT('',(1.70573511469,0.406054637412,3.18));
#9741 = CARTESIAN_POINT('',(1.748973434251,0.406054637412,3.18));
#9742 = CARTESIAN_POINT('',(1.835450073373,0.406054637412,3.18));
#9743 = CARTESIAN_POINT('',(1.878688392934,0.406054637412,3.18));
#9744 = CARTESIAN_POINT('',(1.921926712495,0.406054637412,3.18));
#9745 = CARTESIAN_POINT('',(2.008403351618,0.406054637412,3.18));
#9746 = CARTESIAN_POINT('',(2.051641671179,0.406054637412,3.18));
#9747 = CARTESIAN_POINT('',(2.09487999074,0.406054637412,3.18));
#9748 = CARTESIAN_POINT('',(2.181356629862,0.406054637412,3.18));
#9749 = CARTESIAN_POINT('',(2.224594949424,0.406054637412,3.18));
#9750 = CARTESIAN_POINT('',(2.267833268985,0.406054637412,3.18));
#9751 = CARTESIAN_POINT('',(2.354309908107,0.406054637412,3.18));
#9752 = CARTESIAN_POINT('',(2.397548227668,0.406054637412,3.18));
#9753 = CARTESIAN_POINT('',(2.440786547229,0.406054637412,3.18));
#9754 = CARTESIAN_POINT('',(2.527263186352,0.406054637412,3.18));
#9755 = CARTESIAN_POINT('',(2.570501505913,0.406054637412,3.18));
#9756 = CARTESIAN_POINT('',(2.613739825474,0.406054637412,3.18));
#9757 = CARTESIAN_POINT('',(2.700216464596,0.406054637412,3.18));
#9758 = CARTESIAN_POINT('',(2.743454784158,0.406054637412,3.18));
#9759 = CARTESIAN_POINT('',(2.786693103719,0.406054637412,3.18));
#9760 = CARTESIAN_POINT('',(2.873169742841,0.406054637412,3.18));
#9761 = CARTESIAN_POINT('',(2.916408062402,0.406054637412,3.18));
#9762 = CARTESIAN_POINT('',(2.959646381964,0.406054637412,3.18));
#9763 = CARTESIAN_POINT('',(3.044681743767,0.406054637412,3.18));
#9764 = CARTESIAN_POINT('',(3.08647878601,0.406054637412,3.18));
#9765 = CARTESIAN_POINT('',(3.128275828252,0.406054637412,3.18));
#9766 = CARTESIAN_POINT('',(3.213311190056,0.406054637412,3.18));
#9767 = CARTESIAN_POINT('',(3.256549509617,0.406054637412,3.18));
#9768 = CARTESIAN_POINT('',(3.299787829178,0.406054637412,3.18));
#9769 = CARTESIAN_POINT('',(3.3862644683,0.406054637412,3.18));
#9770 = CARTESIAN_POINT('',(3.429502787862,0.406054637412,3.18));
#9771 = CARTESIAN_POINT('',(3.472741107423,0.406054637412,3.18));
#9772 = CARTESIAN_POINT('',(3.559217746545,0.406054637412,3.18));
#9773 = CARTESIAN_POINT('',(3.602456066106,0.406054637412,3.18));
#9774 = CARTESIAN_POINT('',(3.645694385667,0.406054637412,3.18));
#9775 = CARTESIAN_POINT('',(3.73217102479,0.406054637412,3.18));
#9776 = CARTESIAN_POINT('',(3.775409344351,0.406054637412,3.18));
#9777 = CARTESIAN_POINT('',(3.818647663912,0.406054637412,3.18));
#9778 = CARTESIAN_POINT('',(3.905124303035,0.406054637412,3.18));
#9779 = CARTESIAN_POINT('',(3.948362622596,0.406054637412,3.18));
#9780 = CARTESIAN_POINT('',(3.991600942157,0.406054637412,3.18));
#9781 = CARTESIAN_POINT('',(4.078077581279,0.406054637412,3.18));
#9782 = CARTESIAN_POINT('',(4.12131590084,0.406054637412,3.18));
#9783 = CARTESIAN_POINT('',(4.164554220402,0.406054637412,3.18));
#9784 = CARTESIAN_POINT('',(4.251030859524,0.406054637412,3.18));
#9785 = CARTESIAN_POINT('',(4.294269179085,0.406054637412,3.18));
#9786 = CARTESIAN_POINT('',(4.337507498646,0.406054637412,3.18));
#9787 = CARTESIAN_POINT('',(4.423984137769,0.406054637412,3.18));
#9788 = CARTESIAN_POINT('',(4.46722245733,0.406054637412,3.18));
#9789 = CARTESIAN_POINT('',(4.510460776891,0.406054637412,3.18));
#9790 = CARTESIAN_POINT('',(4.595496138695,0.406054637412,3.18));
#9791 = CARTESIAN_POINT('',(4.637293180937,0.406054637412,3.18));
#9792 = CARTESIAN_POINT('',(4.67909022318,0.406054637412,3.18));
#9793 = CARTESIAN_POINT('',(4.764125584983,0.406054637412,3.18));
#9794 = CARTESIAN_POINT('',(4.807363904544,0.406054637412,3.18));
#9795 = CARTESIAN_POINT('',(4.850602224106,0.406054637412,3.18));
#9796 = CARTESIAN_POINT('',(4.937078863228,0.406054637412,3.18));
#9797 = CARTESIAN_POINT('',(4.980317182789,0.406054637412,3.18));
#9798 = CARTESIAN_POINT('',(5.02355550235,0.406054637412,3.18));
#9799 = CARTESIAN_POINT('',(5.110032141473,0.406054637412,3.18));
#9800 = CARTESIAN_POINT('',(5.153270461034,0.406054637412,3.18));
#9801 = CARTESIAN_POINT('',(5.196508780595,0.406054637412,3.18));
#9802 = CARTESIAN_POINT('',(5.282985419717,0.406054637412,3.18));
#9803 = CARTESIAN_POINT('',(5.326223739278,0.406054637412,3.18));
#9804 = CARTESIAN_POINT('',(5.36946205884,0.406054637412,3.18));
#9805 = CARTESIAN_POINT('',(5.455938697962,0.406054637412,3.18));
#9806 = CARTESIAN_POINT('',(5.499177017523,0.406054637412,3.18));
#9807 = CARTESIAN_POINT('',(5.542415337084,0.406054637412,3.18));
#9808 = CARTESIAN_POINT('',(5.628891976207,0.406054637412,3.18));
#9809 = CARTESIAN_POINT('',(5.672130295768,0.406054637412,3.18));
#9810 = CARTESIAN_POINT('',(5.715368615329,0.406054637412,3.18));
#9811 = CARTESIAN_POINT('',(5.801845254451,0.406054637412,3.18));
#9812 = CARTESIAN_POINT('',(5.845083574013,0.406054637412,3.18));
#9813 = CARTESIAN_POINT('',(5.888321893574,0.406054637412,3.18));
#9814 = CARTESIAN_POINT('',(5.974798532696,0.406054637412,3.18));
#9815 = CARTESIAN_POINT('',(6.018036852257,0.406054637412,3.18));
#9816 = CARTESIAN_POINT('',(6.061275171818,0.406054637412,3.18));
#9817 = CARTESIAN_POINT('',(6.147751810941,0.406054637412,3.18));
#9818 = CARTESIAN_POINT('',(6.190990130502,0.406054637412,3.18));
#9819 = CARTESIAN_POINT('',(6.234228450063,0.406054637412,3.18));
#9820 = CARTESIAN_POINT('',(6.320705089185,0.406054637412,3.18));
#9821 = CARTESIAN_POINT('',(6.363943408747,0.406054637412,3.18));
#9822 = CARTESIAN_POINT('',(6.407181728308,0.406054637412,3.18));
#9823 = CARTESIAN_POINT('',(6.510953695255,0.406054637412,3.18));
#9824 = CARTESIAN_POINT('',(6.57148734264,0.406054637412,3.18));
#9825 = CARTESIAN_POINT('',(6.632020990026,0.406054637412,3.18));
#9826 = CARTESIAN_POINT('',(6.692554637412,0.406054637412,3.18));
#9827 = ORIENTED_EDGE('',*,*,#9828,.T.);
#9828 = EDGE_CURVE('',#9723,#9829,#9831,.T.);
#9829 = VERTEX_POINT('',#9830);
#9830 = CARTESIAN_POINT('',(4.55624057783,0.299776356577,3.68));
#9831 = B_SPLINE_CURVE_WITH_KNOTS('',4,(#9832,#9833,#9834,#9835,#9836,
    #9837,#9838,#9839,#9840,#9841,#9842,#9843,#9844,#9845,#9846,#9847,
    #9848,#9849,#9850,#9851,#9852,#9853,#9854,#9855,#9856,#9857,#9858,
    #9859,#9860,#9861,#9862,#9863,#9864,#9865,#9866,#9867,#9868,#9869,
    #9870,#9871,#9872,#9873,#9874,#9875,#9876,#9877,#9878,#9879,#9880,
    #9881,#9882,#9883,#9884,#9885,#9886,#9887,#9888,#9889,#9890,#9891,
    #9892,#9893,#9894,#9895,#9896,#9897,#9898,#9899,#9900,#9901,#9902,
    #9903,#9904,#9905,#9906,#9907,#9908,#9909,#9910,#9911,#9912,#9913,
    #9914,#9915,#9916,#9917,#9918,#9919,#9920,#9921,#9922,#9923,#9924,
    #9925,#9926,#9927,#9928,#9929,#9930,#9931,#9932),.UNSPECIFIED.,.F.,
  .F.,(5,3,3,3,3,3,3,3,3,3,3,3,3,3,3,3,3,3,3,3,3,3,3,3,3,3,3,3,3,3,3,3,3
    ,5),(0.,3.832661857531E-02,7.588616027382E-02,0.112697851853,
    0.148780767067,0.184153940431,0.21883648667,0.252847727221,
    0.286207325058,0.318935429061,0.351052828921,0.38258112122,
    0.413542886786,0.443961878573,0.473863218119,0.503273596995,
    0.532221477516,0.560737284348,0.588853575631,0.616605179128,
    0.64402927619,0.671165414825,0.698055433749,0.723856466374,
    0.750392376562,0.776817491054,0.80317991565,0.829528157021,
    0.855910545381,0.882374672274,0.908966882881,0.935731854038,
    0.962712277261,1.),.UNSPECIFIED.);
#9832 = CARTESIAN_POINT('',(4.517556746277,0.6235,2.157));
#9833 = CARTESIAN_POINT('',(4.51840163495,0.621096502417,2.168307567096)
  );
#9834 = CARTESIAN_POINT('',(4.519239956129,0.618676893235,2.179690933308
    ));
#9835 = CARTESIAN_POINT('',(4.520071529503,0.616240885558,2.191151448372
    ));
#9836 = CARTESIAN_POINT('',(4.521704283132,0.611384563992,2.213998645033
    ));
#9837 = CARTESIAN_POINT('',(4.522505738494,0.608964911842,2.225382213394
    ));
#9838 = CARTESIAN_POINT('',(4.523300339522,0.606528942322,2.236842548942
    ));
#9839 = CARTESIAN_POINT('',(4.524859748595,0.601672618361,2.259689756871
    ));
#9840 = CARTESIAN_POINT('',(4.525624834744,0.599252918822,2.271073548177
    ));
#9841 = CARTESIAN_POINT('',(4.526382953018,0.59681699024,2.282533691129)
  );
#9842 = CARTESIAN_POINT('',(4.527869973068,0.591960661398,2.305380922018
    ));
#9843 = CARTESIAN_POINT('',(4.528599156036,0.589540908555,2.316764964101
    ));
#9844 = CARTESIAN_POINT('',(4.529321250368,0.58710502492,2.328224895597)
  );
#9845 = CARTESIAN_POINT('',(4.530736777188,0.582248688464,2.351072162308
    ));
#9846 = CARTESIAN_POINT('',(4.531430493987,0.579828874704,2.362456490983
    ));
#9847 = CARTESIAN_POINT('',(4.532116993983,0.577393041415,2.373916185615
    ));
#9848 = CARTESIAN_POINT('',(4.53346186663,0.572536694321,2.396763502377)
  );
#9849 = CARTESIAN_POINT('',(4.534120526676,0.570116810106,2.408148162516
    ));
#9850 = CARTESIAN_POINT('',(4.534771834181,0.567681034144,2.419607587444
    ));
#9851 = CARTESIAN_POINT('',(4.536046837719,0.562824673051,2.442454970066
    ));
#9852 = CARTESIAN_POINT('',(4.53667082411,0.560404706661,2.453840016811)
  );
#9853 = CARTESIAN_POINT('',(4.53728731453,0.557968996804,2.465299130741)
  );
#9854 = CARTESIAN_POINT('',(4.538493182533,0.55311261797,2.488146596824)
  );
#9855 = CARTESIAN_POINT('',(4.539082853213,0.550692555215,2.499532096932
    ));
#9856 = CARTESIAN_POINT('',(4.539664876734,0.548256922283,2.510990848958
    ));
#9857 = CARTESIAN_POINT('',(4.540802293564,0.543400521543,2.533838418102
    ));
#9858 = CARTESIAN_POINT('',(4.541357982362,0.540980345451,2.545224451414
    ));
#9859 = CARTESIAN_POINT('',(4.541905865071,0.538544802583,2.556682779723
    ));
#9860 = CARTESIAN_POINT('',(4.54297546796,0.53368837531,2.579530473698)
  );
#9861 = CARTESIAN_POINT('',(4.54349748552,0.531268065798,2.590917134701)
  );
#9862 = CARTESIAN_POINT('',(4.544011530446,0.528832628757,2.602374965137
    ));
#9863 = CARTESIAN_POINT('',(4.545013911384,0.523976169835,2.625222808007
    ));
#9864 = CARTESIAN_POINT('',(4.545502545984,0.521555703366,2.636610207432
    ));
#9865 = CARTESIAN_POINT('',(4.545983034067,0.519120390865,2.64806745195)
  );
#9866 = CARTESIAN_POINT('',(4.546918741515,0.514263894688,2.670915470094
    ));
#9867 = CARTESIAN_POINT('',(4.547374259786,0.511843243943,2.682303736473
    ));
#9868 = CARTESIAN_POINT('',(4.547821450773,0.509408077994,2.693760291517
    ));
#9869 = CARTESIAN_POINT('',(4.548690991222,0.504551538489,2.716608513501
    ));
#9870 = CARTESIAN_POINT('',(4.549113638758,0.502130672067,2.727997794563
    ));
#9871 = CARTESIAN_POINT('',(4.549527772061,0.499695678326,2.739453539431
    ));
#9872 = CARTESIAN_POINT('',(4.550331611426,0.494839089031,2.762301995656
    ));
#9873 = CARTESIAN_POINT('',(4.550721613297,0.492417971229,2.773692459367
    ));
#9874 = CARTESIAN_POINT('',(4.551102908798,0.489983179322,2.785147254684
    ));
#9875 = CARTESIAN_POINT('',(4.551841473684,0.485126533526,2.807995976726
    ));
#9876 = CARTESIAN_POINT('',(4.552199034853,0.482705124242,2.81938781175)
  );
#9877 = CARTESIAN_POINT('',(4.552547693676,0.480270568034,2.83084149819)
  );
#9878 = CARTESIAN_POINT('',(4.553221372509,0.475413859003,2.85369051773)
  );
#9879 = CARTESIAN_POINT('',(4.553546678159,0.472992113826,2.865083933008
    ));
#9880 = CARTESIAN_POINT('',(4.553862883417,0.470557831594,2.876536330492
    ));
#9881 = CARTESIAN_POINT('',(4.554472027457,0.465701052906,2.899385677745
    ));
#9882 = CARTESIAN_POINT('',(4.554765243235,0.463278923466,2.910780900835
    ));
#9883 = CARTESIAN_POINT('',(4.555049160754,0.460844957907,2.922231808488
    ));
#9884 = CARTESIAN_POINT('',(4.555594085007,0.455988103904,2.945081510067
    ));
#9885 = CARTESIAN_POINT('',(4.555855357209,0.453565538575,2.956478783859
    ));
#9886 = CARTESIAN_POINT('',(4.556107136226,0.451131936579,2.967927981082
    ));
#9887 = CARTESIAN_POINT('',(4.556588120266,0.446275002947,2.99077805729)
  );
#9888 = CARTESIAN_POINT('',(4.556817575979,0.443851947956,3.002177634756
    ));
#9889 = CARTESIAN_POINT('',(4.557037349815,0.441418760056,3.01362488381)
  );
#9890 = CARTESIAN_POINT('',(4.557454638532,0.436561744495,3.036475345463
    ));
#9891 = CARTESIAN_POINT('',(4.557652385772,0.434138145511,3.047877482217
    ));
#9892 = CARTESIAN_POINT('',(4.557840272457,0.431705424932,3.059322532699
    ));
#9893 = CARTESIAN_POINT('',(4.558194076753,0.426848327874,3.082173377761
    ));
#9894 = CARTESIAN_POINT('',(4.55836020463,0.424424132049,3.093578322432)
  );
#9895 = CARTESIAN_POINT('',(4.558516307464,0.421991933287,3.105020917961
    ));
#9896 = CARTESIAN_POINT('',(4.558806804905,0.417134758563,3.127872128414
    ));
#9897 = CARTESIAN_POINT('',(4.558941383861,0.414709916965,3.139280111208
    ));
#9898 = CARTESIAN_POINT('',(4.559065791873,0.412278293878,3.150719998397
    ));
#9899 = CARTESIAN_POINT('',(4.559289364462,0.407501445917,3.173193301142
    ));
#9900 = CARTESIAN_POINT('',(4.559389347551,0.405156709793,3.184224417312
    ));
#9901 = CARTESIAN_POINT('',(4.559479713778,0.402806845248,3.195279660803
    ));
#9902 = CARTESIAN_POINT('',(4.559643309223,0.398031015986,3.217748170946
    ));
#9903 = CARTESIAN_POINT('',(4.559715977255,0.395604789354,3.229162669811
    ));
#9904 = CARTESIAN_POINT('',(4.559778258107,0.393174441603,3.240596557019
    ));
#9905 = CARTESIAN_POINT('',(4.559881673858,0.388317097121,3.26344856612)
  );
#9906 = CARTESIAN_POINT('',(4.559922896137,0.385890127828,3.274866558929
    ));
#9907 = CARTESIAN_POINT('',(4.559953664448,0.383460487816,3.286297116485
    ));
#9908 = CARTESIAN_POINT('',(4.559994160514,0.378603118425,3.309149242777
    ));
#9909 = CARTESIAN_POINT('',(4.560003938104,0.376175397106,3.320570773588
    ));
#9910 = CARTESIAN_POINT('',(4.560003227463,0.373746491538,3.331997875857
    ));
#9911 = CARTESIAN_POINT('',(4.559980823682,0.36888911742,3.354850024389)
  );
#9912 = CARTESIAN_POINT('',(4.559959141833,0.366460648212,3.366275073744
    ));
#9913 = CARTESIAN_POINT('',(4.559926971124,0.364032491387,3.37769865345)
  );
#9914 = CARTESIAN_POINT('',(4.559841656474,0.359175133035,3.400550727806
    ));
#9915 = CARTESIAN_POINT('',(4.559788485318,0.356745933163,3.411979214666
    ));
#9916 = CARTESIAN_POINT('',(4.559724858065,0.354318526053,3.423399267246
    ));
#9917 = CARTESIAN_POINT('',(4.559576590602,0.349461202735,3.446251176778
    ));
#9918 = CARTESIAN_POINT('',(4.559491885731,0.347031301133,3.457682965016
    ));
#9919 = CARTESIAN_POINT('',(4.55939678937,0.344604631472,3.469099548169)
  );
#9920 = CARTESIAN_POINT('',(4.559185496001,0.339747359896,3.491951214278
    ));
#9921 = CARTESIAN_POINT('',(4.559069198868,0.337316795086,3.503386122664
    ));
#9922 = CARTESIAN_POINT('',(4.558942604012,0.334890838462,3.514799351241
    ));
#9923 = CARTESIAN_POINT('',(4.558668180126,0.330033631832,3.537650711804
    ));
#9924 = CARTESIAN_POINT('',(4.55852021822,0.327602449372,3.549088526007)
  );
#9925 = CARTESIAN_POINT('',(4.558362078002,0.325177171116,3.560498563111
    ));
#9926 = CARTESIAN_POINT('',(4.558024386988,0.320320038677,3.583349574633
    ));
#9927 = CARTESIAN_POINT('',(4.557844673802,0.317888288514,3.594790059667
    ));
#9928 = CARTESIAN_POINT('',(4.557654923327,0.315463646102,3.606197105365
    ));
#9929 = CARTESIAN_POINT('',(4.557179430408,0.309706135645,3.633284062415
    ));
#9930 = CARTESIAN_POINT('',(4.556884708632,0.306380166482,3.64893151708)
  );
#9931 = CARTESIAN_POINT('',(4.556571593687,0.30306992391,3.664504983956)
  );
#9932 = CARTESIAN_POINT('',(4.55624057783,0.299776356577,3.68));
#9933 = ORIENTED_EDGE('',*,*,#9934,.F.);
#9934 = EDGE_CURVE('',#8036,#9829,#9935,.T.);
#9935 = LINE('',#9936,#9937);
#9936 = CARTESIAN_POINT('',(6.586276356577,0.299776356577,3.68));
#9937 = VECTOR('',#9938,1.);
#9938 = DIRECTION('',(-1.,-4.440892098501E-16,0.));
#9939 = B_SPLINE_SURFACE_WITH_KNOTS('',1,1,(
    (#9940,#9941)
    ,(#9942,#9943
    )),.UNSPECIFIED.,.F.,.F.,.F.,(2,2),(2,2),(0.,6.2),(0.,1.),
  .PIECEWISE_BEZIER_KNOTS.);
#9940 = CARTESIAN_POINT('',(6.91,0.6235,2.157));
#9941 = CARTESIAN_POINT('',(6.586276356577,0.299776356577,3.68));
#9942 = CARTESIAN_POINT('',(0.71,0.6235,2.157));
#9943 = CARTESIAN_POINT('',(1.033723643423,0.299776356577,3.68));
#9944 = ADVANCED_FACE('',(#9945),#10018,.T.);
#9945 = FACE_BOUND('',#9946,.T.);
#9946 = EDGE_LOOP('',(#9947,#9948,#9954,#9955,#9961,#9962,#9968,#9969,
    #9975,#9976,#9982,#9983,#9989,#9990,#9996,#9997,#10003,#10004,#10011
    ,#10017));
#9947 = ORIENTED_EDGE('',*,*,#6636,.T.);
#9948 = ORIENTED_EDGE('',*,*,#9949,.T.);
#9949 = EDGE_CURVE('',#6629,#6947,#9950,.T.);
#9950 = LINE('',#9951,#9952);
#9951 = CARTESIAN_POINT('',(0.71,0.6235,2.157));
#9952 = VECTOR('',#9953,1.);
#9953 = DIRECTION('',(4.440892098501E-16,-1.,0.));
#9954 = ORIENTED_EDGE('',*,*,#6963,.T.);
#9955 = ORIENTED_EDGE('',*,*,#9956,.T.);
#9956 = EDGE_CURVE('',#6956,#7275,#9957,.T.);
#9957 = LINE('',#9958,#9959);
#9958 = CARTESIAN_POINT('',(0.71,0.6235,2.157));
#9959 = VECTOR('',#9960,1.);
#9960 = DIRECTION('',(4.440892098501E-16,-1.,0.));
#9961 = ORIENTED_EDGE('',*,*,#7291,.T.);
#9962 = ORIENTED_EDGE('',*,*,#9963,.T.);
#9963 = EDGE_CURVE('',#7284,#7603,#9964,.T.);
#9964 = LINE('',#9965,#9966);
#9965 = CARTESIAN_POINT('',(0.71,0.6235,2.157));
#9966 = VECTOR('',#9967,1.);
#9967 = DIRECTION('',(4.440892098501E-16,-1.,0.));
#9968 = ORIENTED_EDGE('',*,*,#7619,.T.);
#9969 = ORIENTED_EDGE('',*,*,#9970,.T.);
#9970 = EDGE_CURVE('',#7612,#7931,#9971,.T.);
#9971 = LINE('',#9972,#9973);
#9972 = CARTESIAN_POINT('',(0.71,0.6235,2.157));
#9973 = VECTOR('',#9974,1.);
#9974 = DIRECTION('',(4.440892098501E-16,-1.,0.));
#9975 = ORIENTED_EDGE('',*,*,#7947,.T.);
#9976 = ORIENTED_EDGE('',*,*,#9977,.T.);
#9977 = EDGE_CURVE('',#7940,#7750,#9978,.T.);
#9978 = LINE('',#9979,#9980);
#9979 = CARTESIAN_POINT('',(0.71,0.6235,2.157));
#9980 = VECTOR('',#9981,1.);
#9981 = DIRECTION('',(4.440892098501E-16,-1.,0.));
#9982 = ORIENTED_EDGE('',*,*,#7766,.T.);
#9983 = ORIENTED_EDGE('',*,*,#9984,.T.);
#9984 = EDGE_CURVE('',#7759,#7422,#9985,.T.);
#9985 = LINE('',#9986,#9987);
#9986 = CARTESIAN_POINT('',(0.71,0.6235,2.157));
#9987 = VECTOR('',#9988,1.);
#9988 = DIRECTION('',(4.440892098501E-16,-1.,0.));
#9989 = ORIENTED_EDGE('',*,*,#7438,.T.);
#9990 = ORIENTED_EDGE('',*,*,#9991,.T.);
#9991 = EDGE_CURVE('',#7431,#7094,#9992,.T.);
#9992 = LINE('',#9993,#9994);
#9993 = CARTESIAN_POINT('',(0.71,0.6235,2.157));
#9994 = VECTOR('',#9995,1.);
#9995 = DIRECTION('',(4.440892098501E-16,-1.,0.));
#9996 = ORIENTED_EDGE('',*,*,#7110,.T.);
#9997 = ORIENTED_EDGE('',*,*,#9998,.T.);
#9998 = EDGE_CURVE('',#7103,#6767,#9999,.T.);
#9999 = LINE('',#10000,#10001);
#10000 = CARTESIAN_POINT('',(0.71,0.6235,2.157));
#10001 = VECTOR('',#10002,1.);
#10002 = DIRECTION('',(4.440892098501E-16,-1.,0.));
#10003 = ORIENTED_EDGE('',*,*,#6782,.T.);
#10004 = ORIENTED_EDGE('',*,*,#10005,.T.);
#10005 = EDGE_CURVE('',#6776,#10006,#10008,.T.);
#10006 = VERTEX_POINT('',#10007);
#10007 = CARTESIAN_POINT('',(1.033723643423,-18.07977635657,3.68));
#10008 = B_SPLINE_CURVE_WITH_KNOTS('',1,(#10009,#10010),.UNSPECIFIED.,
  .F.,.F.,(2,2),(0.,1.),.PIECEWISE_BEZIER_KNOTS.);
#10009 = CARTESIAN_POINT('',(0.71,-18.4035,2.157));
#10010 = CARTESIAN_POINT('',(1.033723643423,-18.07977635657,3.68));
#10011 = ORIENTED_EDGE('',*,*,#10012,.F.);
#10012 = EDGE_CURVE('',#9602,#10006,#10013,.T.);
#10013 = LINE('',#10014,#10015);
#10014 = CARTESIAN_POINT('',(1.033723643423,0.299776356577,3.68));
#10015 = VECTOR('',#10016,1.);
#10016 = DIRECTION('',(4.440892098501E-16,-1.,0.));
#10017 = ORIENTED_EDGE('',*,*,#9601,.F.);
#10018 = B_SPLINE_SURFACE_WITH_KNOTS('',1,1,(
    (#10019,#10020)
    ,(#10021,#10022
  )),.UNSPECIFIED.,.F.,.F.,.F.,(2,2),(2,2),(0.,19.027),(0.,1.),
  .PIECEWISE_BEZIER_KNOTS.);
#10019 = CARTESIAN_POINT('',(0.71,0.6235,2.157));
#10020 = CARTESIAN_POINT('',(1.033723643423,0.299776356577,3.68));
#10021 = CARTESIAN_POINT('',(0.71,-18.4035,2.157));
#10022 = CARTESIAN_POINT('',(1.033723643423,-18.07977635657,3.68));
#10023 = ADVANCED_FACE('',(#10024),#10037,.T.);
#10024 = FACE_BOUND('',#10025,.T.);
#10025 = EDGE_LOOP('',(#10026,#10027,#10028,#10029,#10030,#10036));
#10026 = ORIENTED_EDGE('',*,*,#6946,.F.);
#10027 = ORIENTED_EDGE('',*,*,#9949,.F.);
#10028 = ORIENTED_EDGE('',*,*,#6628,.F.);
#10029 = ORIENTED_EDGE('',*,*,#6650,.F.);
#10030 = ORIENTED_EDGE('',*,*,#10031,.F.);
#10031 = EDGE_CURVE('',#6797,#6651,#10032,.T.);
#10032 = LINE('',#10033,#10034);
#10033 = CARTESIAN_POINT('',(0.254,-0.762,2.157));
#10034 = VECTOR('',#10035,1.);
#10035 = DIRECTION('',(-4.440892098501E-16,1.,0.));
#10036 = ORIENTED_EDGE('',*,*,#6840,.F.);
#10037 = PLANE('',#10038);
#10038 = AXIS2_PLACEMENT_3D('',#10039,#10040,#10041);
#10039 = CARTESIAN_POINT('',(3.81,-0.762,2.157));
#10040 = DIRECTION('',(0.,0.,1.));
#10041 = DIRECTION('',(-4.440892098501E-16,1.,0.));
#10042 = ADVANCED_FACE('',(#10043),#10086,.T.);
#10043 = FACE_BOUND('',#10044,.T.);
#10044 = EDGE_LOOP('',(#10045,#10046,#10047,#10048,#10056,#10064,#10072,
    #10080));
#10045 = ORIENTED_EDGE('',*,*,#6683,.F.);
#10046 = ORIENTED_EDGE('',*,*,#6854,.T.);
#10047 = ORIENTED_EDGE('',*,*,#6823,.F.);
#10048 = ORIENTED_EDGE('',*,*,#10049,.F.);
#10049 = EDGE_CURVE('',#10050,#6816,#10052,.T.);
#10050 = VERTEX_POINT('',#10051);
#10051 = CARTESIAN_POINT('',(0.127,-0.2285,0.));
#10052 = LINE('',#10053,#10054);
#10053 = CARTESIAN_POINT('',(0.127,-0.2285,0.));
#10054 = VECTOR('',#10055,1.);
#10055 = DIRECTION('',(4.440892098501E-16,-1.,0.));
#10056 = ORIENTED_EDGE('',*,*,#10057,.F.);
#10057 = EDGE_CURVE('',#10058,#10050,#10060,.T.);
#10058 = VERTEX_POINT('',#10059);
#10059 = CARTESIAN_POINT('',(0.127,-0.2285,-2.843));
#10060 = LINE('',#10061,#10062);
#10061 = CARTESIAN_POINT('',(0.127,-0.2285,-2.843));
#10062 = VECTOR('',#10063,1.);
#10063 = DIRECTION('',(2.774748171724E-31,-6.248177416111E-16,1.));
#10064 = ORIENTED_EDGE('',*,*,#10065,.F.);
#10065 = EDGE_CURVE('',#10066,#10058,#10068,.T.);
#10066 = VERTEX_POINT('',#10067);
#10067 = CARTESIAN_POINT('',(0.127,-0.11425,-3.3));
#10068 = LINE('',#10069,#10070);
#10069 = CARTESIAN_POINT('',(0.127,-0.11425,-3.3));
#10070 = VECTOR('',#10071,1.);
#10071 = DIRECTION('',(1.077074540829E-16,-0.242535625036,0.970142500145
    ));
#10072 = ORIENTED_EDGE('',*,*,#10073,.F.);
#10073 = EDGE_CURVE('',#10074,#10066,#10076,.T.);
#10074 = VERTEX_POINT('',#10075);
#10075 = CARTESIAN_POINT('',(0.127,0.11425,-3.3));
#10076 = LINE('',#10077,#10078);
#10077 = CARTESIAN_POINT('',(0.127,0.11425,-3.3));
#10078 = VECTOR('',#10079,1.);
#10079 = DIRECTION('',(4.440892098501E-16,-1.,0.));
#10080 = ORIENTED_EDGE('',*,*,#10081,.F.);
#10081 = EDGE_CURVE('',#6676,#10074,#10082,.T.);
#10082 = LINE('',#10083,#10084);
#10083 = CARTESIAN_POINT('',(0.127,0.2285,-2.843));
#10084 = VECTOR('',#10085,1.);
#10085 = DIRECTION('',(1.077074540829E-16,-0.242535625036,
    -0.970142500145));
#10086 = PLANE('',#10087);
#10087 = AXIS2_PLACEMENT_3D('',#10088,#10089,#10090);
#10088 = CARTESIAN_POINT('',(0.127,0.2285,2.157));
#10089 = DIRECTION('',(1.,4.440892098501E-16,0.));
#10090 = DIRECTION('',(0.,0.,-1.));
#10091 = ADVANCED_FACE('',(#10092),#10110,.T.);
#10092 = FACE_BOUND('',#10093,.T.);
#10093 = EDGE_LOOP('',(#10094,#10095,#10096,#10104));
#10094 = ORIENTED_EDGE('',*,*,#6675,.T.);
#10095 = ORIENTED_EDGE('',*,*,#10081,.T.);
#10096 = ORIENTED_EDGE('',*,*,#10097,.F.);
#10097 = EDGE_CURVE('',#10098,#10074,#10100,.T.);
#10098 = VERTEX_POINT('',#10099);
#10099 = CARTESIAN_POINT('',(-0.127,0.11425,-3.3));
#10100 = LINE('',#10101,#10102);
#10101 = CARTESIAN_POINT('',(-0.127,0.11425,-3.3));
#10102 = VECTOR('',#10103,1.);
#10103 = DIRECTION('',(1.,4.440892098501E-16,0.));
#10104 = ORIENTED_EDGE('',*,*,#10105,.F.);
#10105 = EDGE_CURVE('',#6668,#10098,#10106,.T.);
#10106 = LINE('',#10107,#10108);
#10107 = CARTESIAN_POINT('',(-0.127,0.2285,-2.843));
#10108 = VECTOR('',#10109,1.);
#10109 = DIRECTION('',(1.077074540829E-16,-0.242535625036,
    -0.970142500145));
#10110 = PLANE('',#10111);
#10111 = AXIS2_PLACEMENT_3D('',#10112,#10113,#10114);
#10112 = CARTESIAN_POINT('',(-0.127,0.2285,-2.843));
#10113 = DIRECTION('',(-4.308298163317E-16,0.970142500145,
    -0.242535625036));
#10114 = DIRECTION('',(1.077074540829E-16,-0.242535625036,
    -0.970142500145));
#10115 = ADVANCED_FACE('',(#10116),#10157,.F.);
#10116 = FACE_BOUND('',#10117,.F.);
#10117 = EDGE_LOOP('',(#10118,#10119,#10125,#10126,#10134,#10142,#10150,
    #10156));
#10118 = ORIENTED_EDGE('',*,*,#6667,.F.);
#10119 = ORIENTED_EDGE('',*,*,#10120,.F.);
#10120 = EDGE_CURVE('',#6799,#6659,#10121,.T.);
#10121 = LINE('',#10122,#10123);
#10122 = CARTESIAN_POINT('',(-0.127,-0.762,1.776));
#10123 = VECTOR('',#10124,1.);
#10124 = DIRECTION('',(-4.440892098501E-16,1.,0.));
#10125 = ORIENTED_EDGE('',*,*,#6807,.F.);
#10126 = ORIENTED_EDGE('',*,*,#10127,.F.);
#10127 = EDGE_CURVE('',#10128,#6808,#10130,.T.);
#10128 = VERTEX_POINT('',#10129);
#10129 = CARTESIAN_POINT('',(-0.127,-0.2285,0.));
#10130 = LINE('',#10131,#10132);
#10131 = CARTESIAN_POINT('',(-0.127,-0.2285,0.));
#10132 = VECTOR('',#10133,1.);
#10133 = DIRECTION('',(4.440892098501E-16,-1.,0.));
#10134 = ORIENTED_EDGE('',*,*,#10135,.F.);
#10135 = EDGE_CURVE('',#10136,#10128,#10138,.T.);
#10136 = VERTEX_POINT('',#10137);
#10137 = CARTESIAN_POINT('',(-0.127,-0.2285,-2.843));
#10138 = LINE('',#10139,#10140);
#10139 = CARTESIAN_POINT('',(-0.127,-0.2285,-2.843));
#10140 = VECTOR('',#10141,1.);
#10141 = DIRECTION('',(2.774748171724E-31,-6.248177416111E-16,1.));
#10142 = ORIENTED_EDGE('',*,*,#10143,.F.);
#10143 = EDGE_CURVE('',#10144,#10136,#10146,.T.);
#10144 = VERTEX_POINT('',#10145);
#10145 = CARTESIAN_POINT('',(-0.127,-0.11425,-3.3));
#10146 = LINE('',#10147,#10148);
#10147 = CARTESIAN_POINT('',(-0.127,-0.11425,-3.3));
#10148 = VECTOR('',#10149,1.);
#10149 = DIRECTION('',(1.077074540829E-16,-0.242535625036,0.970142500145
    ));
#10150 = ORIENTED_EDGE('',*,*,#10151,.F.);
#10151 = EDGE_CURVE('',#10098,#10144,#10152,.T.);
#10152 = LINE('',#10153,#10154);
#10153 = CARTESIAN_POINT('',(-0.127,0.11425,-3.3));
#10154 = VECTOR('',#10155,1.);
#10155 = DIRECTION('',(4.440892098501E-16,-1.,0.));
#10156 = ORIENTED_EDGE('',*,*,#10105,.F.);
#10157 = PLANE('',#10158);
#10158 = AXIS2_PLACEMENT_3D('',#10159,#10160,#10161);
#10159 = CARTESIAN_POINT('',(-0.127,0.2285,2.157));
#10160 = DIRECTION('',(1.,4.440892098501E-16,0.));
#10161 = DIRECTION('',(0.,0.,-1.));
#10162 = ADVANCED_FACE('',(#10163),#10169,.T.);
#10163 = FACE_BOUND('',#10164,.T.);
#10164 = EDGE_LOOP('',(#10165,#10166,#10167,#10168));
#10165 = ORIENTED_EDGE('',*,*,#10031,.T.);
#10166 = ORIENTED_EDGE('',*,*,#6658,.T.);
#10167 = ORIENTED_EDGE('',*,*,#10120,.F.);
#10168 = ORIENTED_EDGE('',*,*,#6796,.F.);
#10169 = CYLINDRICAL_SURFACE('',#10170,0.381);
#10170 = AXIS2_PLACEMENT_3D('',#10171,#10172,#10173);
#10171 = CARTESIAN_POINT('',(0.254,-0.762,1.776));
#10172 = DIRECTION('',(-4.440892098501E-16,1.,0.));
#10173 = DIRECTION('',(0.,0.,1.));
#10174 = ADVANCED_FACE('',(#10175),#10223,.T.);
#10175 = FACE_BOUND('',#10176,.T.);
#10176 = EDGE_LOOP('',(#10177,#10178,#10184,#10185,#10193,#10201,#10209,
    #10217));
#10177 = ORIENTED_EDGE('',*,*,#6708,.F.);
#10178 = ORIENTED_EDGE('',*,*,#10179,.T.);
#10179 = EDGE_CURVE('',#6709,#6880,#10180,.T.);
#10180 = LINE('',#10181,#10182);
#10181 = CARTESIAN_POINT('',(-0.127,-18.0085,1.776));
#10182 = VECTOR('',#10183,1.);
#10183 = DIRECTION('',(-4.440892098501E-16,1.,0.));
#10184 = ORIENTED_EDGE('',*,*,#6888,.F.);
#10185 = ORIENTED_EDGE('',*,*,#10186,.F.);
#10186 = EDGE_CURVE('',#10187,#6889,#10189,.T.);
#10187 = VERTEX_POINT('',#10188);
#10188 = CARTESIAN_POINT('',(-0.127,-17.5515,0.));
#10189 = LINE('',#10190,#10191);
#10190 = CARTESIAN_POINT('',(-0.127,-17.5515,0.));
#10191 = VECTOR('',#10192,1.);
#10192 = DIRECTION('',(-4.440892098501E-16,1.,0.));
#10193 = ORIENTED_EDGE('',*,*,#10194,.F.);
#10194 = EDGE_CURVE('',#10195,#10187,#10197,.T.);
#10195 = VERTEX_POINT('',#10196);
#10196 = CARTESIAN_POINT('',(-0.127,-17.5515,-2.843));
#10197 = LINE('',#10198,#10199);
#10198 = CARTESIAN_POINT('',(-0.127,-17.5515,-2.843));
#10199 = VECTOR('',#10200,1.);
#10200 = DIRECTION('',(-2.774748171724E-31,6.248177416111E-16,1.));
#10201 = ORIENTED_EDGE('',*,*,#10202,.F.);
#10202 = EDGE_CURVE('',#10203,#10195,#10205,.T.);
#10203 = VERTEX_POINT('',#10204);
#10204 = CARTESIAN_POINT('',(-0.127,-17.66575,-3.3));
#10205 = LINE('',#10206,#10207);
#10206 = CARTESIAN_POINT('',(-0.127,-17.66575,-3.3));
#10207 = VECTOR('',#10208,1.);
#10208 = DIRECTION('',(-1.077074540829E-16,0.242535625036,0.970142500145
    ));
#10209 = ORIENTED_EDGE('',*,*,#10210,.F.);
#10210 = EDGE_CURVE('',#10211,#10203,#10213,.T.);
#10211 = VERTEX_POINT('',#10212);
#10212 = CARTESIAN_POINT('',(-0.127,-17.89425,-3.3));
#10213 = LINE('',#10214,#10215);
#10214 = CARTESIAN_POINT('',(-0.127,-17.89425,-3.3));
#10215 = VECTOR('',#10216,1.);
#10216 = DIRECTION('',(-4.440892098501E-16,1.,0.));
#10217 = ORIENTED_EDGE('',*,*,#10218,.F.);
#10218 = EDGE_CURVE('',#6711,#10211,#10219,.T.);
#10219 = LINE('',#10220,#10221);
#10220 = CARTESIAN_POINT('',(-0.127,-18.0085,-2.843));
#10221 = VECTOR('',#10222,1.);
#10222 = DIRECTION('',(-1.077074540829E-16,0.242535625036,
    -0.970142500145));
#10223 = PLANE('',#10224);
#10224 = AXIS2_PLACEMENT_3D('',#10225,#10226,#10227);
#10225 = CARTESIAN_POINT('',(-0.127,-18.0085,2.157));
#10226 = DIRECTION('',(-1.,-4.440892098501E-16,0.));
#10227 = DIRECTION('',(0.,0.,1.));
#10228 = ADVANCED_FACE('',(#10229),#10247,.F.);
#10229 = FACE_BOUND('',#10230,.F.);
#10230 = EDGE_LOOP('',(#10231,#10232,#10240,#10246));
#10231 = ORIENTED_EDGE('',*,*,#6752,.T.);
#10232 = ORIENTED_EDGE('',*,*,#10233,.T.);
#10233 = EDGE_CURVE('',#6745,#10234,#10236,.T.);
#10234 = VERTEX_POINT('',#10235);
#10235 = CARTESIAN_POINT('',(0.127,-17.89425,-3.3));
#10236 = LINE('',#10237,#10238);
#10237 = CARTESIAN_POINT('',(0.127,-18.0085,-2.843));
#10238 = VECTOR('',#10239,1.);
#10239 = DIRECTION('',(-1.077074540829E-16,0.242535625036,
    -0.970142500145));
#10240 = ORIENTED_EDGE('',*,*,#10241,.F.);
#10241 = EDGE_CURVE('',#10211,#10234,#10242,.T.);
#10242 = LINE('',#10243,#10244);
#10243 = CARTESIAN_POINT('',(-0.127,-17.89425,-3.3));
#10244 = VECTOR('',#10245,1.);
#10245 = DIRECTION('',(1.,4.440892098501E-16,0.));
#10246 = ORIENTED_EDGE('',*,*,#10218,.F.);
#10247 = PLANE('',#10248);
#10248 = AXIS2_PLACEMENT_3D('',#10249,#10250,#10251);
#10249 = CARTESIAN_POINT('',(-0.127,-18.0085,-2.843));
#10250 = DIRECTION('',(-4.308298163317E-16,0.970142500145,0.242535625036
    ));
#10251 = DIRECTION('',(-1.077074540829E-16,0.242535625036,
    -0.970142500145));
#10252 = ADVANCED_FACE('',(#10253),#10289,.F.);
#10253 = FACE_BOUND('',#10254,.F.);
#10254 = EDGE_LOOP('',(#10255,#10256,#10257,#10258,#10266,#10274,#10282,
    #10288));
#10255 = ORIENTED_EDGE('',*,*,#6744,.F.);
#10256 = ORIENTED_EDGE('',*,*,#6932,.T.);
#10257 = ORIENTED_EDGE('',*,*,#6904,.F.);
#10258 = ORIENTED_EDGE('',*,*,#10259,.F.);
#10259 = EDGE_CURVE('',#10260,#6897,#10262,.T.);
#10260 = VERTEX_POINT('',#10261);
#10261 = CARTESIAN_POINT('',(0.127,-17.5515,0.));
#10262 = LINE('',#10263,#10264);
#10263 = CARTESIAN_POINT('',(0.127,-17.5515,0.));
#10264 = VECTOR('',#10265,1.);
#10265 = DIRECTION('',(-4.440892098501E-16,1.,0.));
#10266 = ORIENTED_EDGE('',*,*,#10267,.F.);
#10267 = EDGE_CURVE('',#10268,#10260,#10270,.T.);
#10268 = VERTEX_POINT('',#10269);
#10269 = CARTESIAN_POINT('',(0.127,-17.5515,-2.843));
#10270 = LINE('',#10271,#10272);
#10271 = CARTESIAN_POINT('',(0.127,-17.5515,-2.843));
#10272 = VECTOR('',#10273,1.);
#10273 = DIRECTION('',(-2.774748171724E-31,6.248177416111E-16,1.));
#10274 = ORIENTED_EDGE('',*,*,#10275,.F.);
#10275 = EDGE_CURVE('',#10276,#10268,#10278,.T.);
#10276 = VERTEX_POINT('',#10277);
#10277 = CARTESIAN_POINT('',(0.127,-17.66575,-3.3));
#10278 = LINE('',#10279,#10280);
#10279 = CARTESIAN_POINT('',(0.127,-17.66575,-3.3));
#10280 = VECTOR('',#10281,1.);
#10281 = DIRECTION('',(-1.077074540829E-16,0.242535625036,0.970142500145
    ));
#10282 = ORIENTED_EDGE('',*,*,#10283,.F.);
#10283 = EDGE_CURVE('',#10234,#10276,#10284,.T.);
#10284 = LINE('',#10285,#10286);
#10285 = CARTESIAN_POINT('',(0.127,-17.89425,-3.3));
#10286 = VECTOR('',#10287,1.);
#10287 = DIRECTION('',(-4.440892098501E-16,1.,0.));
#10288 = ORIENTED_EDGE('',*,*,#10233,.F.);
#10289 = PLANE('',#10290);
#10290 = AXIS2_PLACEMENT_3D('',#10291,#10292,#10293);
#10291 = CARTESIAN_POINT('',(0.127,-18.0085,2.157));
#10292 = DIRECTION('',(-1.,-4.440892098501E-16,0.));
#10293 = DIRECTION('',(0.,0.,1.));
#10294 = ADVANCED_FACE('',(#10295),#10308,.T.);
#10295 = FACE_BOUND('',#10296,.T.);
#10296 = EDGE_LOOP('',(#10297,#10298,#10299,#10300,#10301,#10307));
#10297 = ORIENTED_EDGE('',*,*,#6766,.F.);
#10298 = ORIENTED_EDGE('',*,*,#9998,.F.);
#10299 = ORIENTED_EDGE('',*,*,#7102,.F.);
#10300 = ORIENTED_EDGE('',*,*,#6871,.F.);
#10301 = ORIENTED_EDGE('',*,*,#10302,.F.);
#10302 = EDGE_CURVE('',#6719,#6872,#10303,.T.);
#10303 = LINE('',#10304,#10305);
#10304 = CARTESIAN_POINT('',(0.254,-18.0085,2.157));
#10305 = VECTOR('',#10306,1.);
#10306 = DIRECTION('',(-4.440892098501E-16,1.,0.));
#10307 = ORIENTED_EDGE('',*,*,#6727,.F.);
#10308 = PLANE('',#10309);
#10309 = AXIS2_PLACEMENT_3D('',#10310,#10311,#10312);
#10310 = CARTESIAN_POINT('',(3.81,-18.0085,2.157));
#10311 = DIRECTION('',(0.,0.,1.));
#10312 = DIRECTION('',(-4.440892098501E-16,1.,0.));
#10313 = ADVANCED_FACE('',(#10314),#10320,.T.);
#10314 = FACE_BOUND('',#10315,.T.);
#10315 = EDGE_LOOP('',(#10316,#10317,#10318,#10319));
#10316 = ORIENTED_EDGE('',*,*,#6718,.T.);
#10317 = ORIENTED_EDGE('',*,*,#10302,.T.);
#10318 = ORIENTED_EDGE('',*,*,#6879,.F.);
#10319 = ORIENTED_EDGE('',*,*,#10179,.F.);
#10320 = CYLINDRICAL_SURFACE('',#10321,0.381);
#10321 = AXIS2_PLACEMENT_3D('',#10322,#10323,#10324);
#10322 = CARTESIAN_POINT('',(0.254,-18.0085,1.776));
#10323 = DIRECTION('',(-4.440892098501E-16,1.,0.));
#10324 = DIRECTION('',(-1.,-4.440892098501E-16,0.));
#10325 = ADVANCED_FACE('',(#10326),#10337,.T.);
#10326 = FACE_BOUND('',#10327,.T.);
#10327 = EDGE_LOOP('',(#10328,#10334,#10335,#10336));
#10328 = ORIENTED_EDGE('',*,*,#10329,.T.);
#10329 = EDGE_CURVE('',#10128,#10050,#10330,.T.);
#10330 = LINE('',#10331,#10332);
#10331 = CARTESIAN_POINT('',(-0.127,-0.2285,0.));
#10332 = VECTOR('',#10333,1.);
#10333 = DIRECTION('',(1.,4.440892098501E-16,0.));
#10334 = ORIENTED_EDGE('',*,*,#10049,.T.);
#10335 = ORIENTED_EDGE('',*,*,#6815,.F.);
#10336 = ORIENTED_EDGE('',*,*,#10127,.F.);
#10337 = PLANE('',#10338);
#10338 = AXIS2_PLACEMENT_3D('',#10339,#10340,#10341);
#10339 = CARTESIAN_POINT('',(-0.127,-0.2285,0.));
#10340 = DIRECTION('',(0.,0.,-1.));
#10341 = DIRECTION('',(4.440892098501E-16,-1.,0.));
#10342 = ADVANCED_FACE('',(#10343),#10354,.F.);
#10343 = FACE_BOUND('',#10344,.F.);
#10344 = EDGE_LOOP('',(#10345,#10351,#10352,#10353));
#10345 = ORIENTED_EDGE('',*,*,#10346,.T.);
#10346 = EDGE_CURVE('',#10187,#10260,#10347,.T.);
#10347 = LINE('',#10348,#10349);
#10348 = CARTESIAN_POINT('',(-0.127,-17.5515,0.));
#10349 = VECTOR('',#10350,1.);
#10350 = DIRECTION('',(1.,4.440892098501E-16,0.));
#10351 = ORIENTED_EDGE('',*,*,#10259,.T.);
#10352 = ORIENTED_EDGE('',*,*,#6896,.F.);
#10353 = ORIENTED_EDGE('',*,*,#10186,.F.);
#10354 = PLANE('',#10355);
#10355 = AXIS2_PLACEMENT_3D('',#10356,#10357,#10358);
#10356 = CARTESIAN_POINT('',(-0.127,-17.5515,0.));
#10357 = DIRECTION('',(0.,0.,1.));
#10358 = DIRECTION('',(-4.440892098501E-16,1.,0.));
#10359 = ADVANCED_FACE('',(#10360),#10373,.T.);
#10360 = FACE_BOUND('',#10361,.T.);
#10361 = EDGE_LOOP('',(#10362,#10363,#10364,#10365,#10366,#10372));
#10362 = ORIENTED_EDGE('',*,*,#7274,.F.);
#10363 = ORIENTED_EDGE('',*,*,#9956,.F.);
#10364 = ORIENTED_EDGE('',*,*,#6955,.F.);
#10365 = ORIENTED_EDGE('',*,*,#6988,.F.);
#10366 = ORIENTED_EDGE('',*,*,#10367,.F.);
#10367 = EDGE_CURVE('',#7125,#6978,#10368,.T.);
#10368 = LINE('',#10369,#10370);
#10369 = CARTESIAN_POINT('',(0.254,-3.302,2.157));
#10370 = VECTOR('',#10371,1.);
#10371 = DIRECTION('',(-4.440892098501E-16,1.,0.));
#10372 = ORIENTED_EDGE('',*,*,#7135,.F.);
#10373 = PLANE('',#10374);
#10374 = AXIS2_PLACEMENT_3D('',#10375,#10376,#10377);
#10375 = CARTESIAN_POINT('',(3.683,-3.302,2.157));
#10376 = DIRECTION('',(0.,0.,1.));
#10377 = DIRECTION('',(-4.440892098501E-16,1.,0.));
#10378 = ADVANCED_FACE('',(#10379),#10390,.T.);
#10379 = FACE_BOUND('',#10380,.T.);
#10380 = EDGE_LOOP('',(#10381,#10382,#10383,#10389));
#10381 = ORIENTED_EDGE('',*,*,#10367,.T.);
#10382 = ORIENTED_EDGE('',*,*,#6977,.T.);
#10383 = ORIENTED_EDGE('',*,*,#10384,.F.);
#10384 = EDGE_CURVE('',#7127,#6980,#10385,.T.);
#10385 = LINE('',#10386,#10387);
#10386 = CARTESIAN_POINT('',(-0.127,-3.302,1.776));
#10387 = VECTOR('',#10388,1.);
#10388 = DIRECTION('',(-4.440892098501E-16,1.,0.));
#10389 = ORIENTED_EDGE('',*,*,#7124,.F.);
#10390 = CYLINDRICAL_SURFACE('',#10391,0.381);
#10391 = AXIS2_PLACEMENT_3D('',#10392,#10393,#10394);
#10392 = CARTESIAN_POINT('',(0.254,-3.302,1.776));
#10393 = DIRECTION('',(-4.440892098501E-16,1.,0.));
#10394 = DIRECTION('',(0.,0.,1.));
#10395 = ADVANCED_FACE('',(#10396),#10455,.F.);
#10396 = FACE_BOUND('',#10397,.F.);
#10397 = EDGE_LOOP('',(#10398,#10399,#10400,#10401,#10409,#10417,#10425,
    #10433,#10441,#10449));
#10398 = ORIENTED_EDGE('',*,*,#7021,.F.);
#10399 = ORIENTED_EDGE('',*,*,#10384,.F.);
#10400 = ORIENTED_EDGE('',*,*,#7168,.F.);
#10401 = ORIENTED_EDGE('',*,*,#10402,.F.);
#10402 = EDGE_CURVE('',#10403,#7161,#10405,.T.);
#10403 = VERTEX_POINT('',#10404);
#10404 = CARTESIAN_POINT('',(-0.127,-2.7685,0.));
#10405 = LINE('',#10406,#10407);
#10406 = CARTESIAN_POINT('',(-0.127,-2.7685,0.));
#10407 = VECTOR('',#10408,1.);
#10408 = DIRECTION('',(4.440892098501E-16,-1.,0.));
#10409 = ORIENTED_EDGE('',*,*,#10410,.F.);
#10410 = EDGE_CURVE('',#10411,#10403,#10413,.T.);
#10411 = VERTEX_POINT('',#10412);
#10412 = CARTESIAN_POINT('',(-0.127,-2.7685,-2.843));
#10413 = LINE('',#10414,#10415);
#10414 = CARTESIAN_POINT('',(-0.127,-2.7685,-2.843));
#10415 = VECTOR('',#10416,1.);
#10416 = DIRECTION('',(1.387374085862E-31,-3.124088708055E-16,1.));
#10417 = ORIENTED_EDGE('',*,*,#10418,.F.);
#10418 = EDGE_CURVE('',#10419,#10411,#10421,.T.);
#10419 = VERTEX_POINT('',#10420);
#10420 = CARTESIAN_POINT('',(-0.127,-2.65425,-3.3));
#10421 = LINE('',#10422,#10423);
#10422 = CARTESIAN_POINT('',(-0.127,-2.65425,-3.3));
#10423 = VECTOR('',#10424,1.);
#10424 = DIRECTION('',(1.077074540829E-16,-0.242535625036,0.970142500145
    ));
#10425 = ORIENTED_EDGE('',*,*,#10426,.F.);
#10426 = EDGE_CURVE('',#10427,#10419,#10429,.T.);
#10427 = VERTEX_POINT('',#10428);
#10428 = CARTESIAN_POINT('',(-0.127,-2.42575,-3.3));
#10429 = LINE('',#10430,#10431);
#10430 = CARTESIAN_POINT('',(-0.127,-2.42575,-3.3));
#10431 = VECTOR('',#10432,1.);
#10432 = DIRECTION('',(4.440892098501E-16,-1.,0.));
#10433 = ORIENTED_EDGE('',*,*,#10434,.F.);
#10434 = EDGE_CURVE('',#10435,#10427,#10437,.T.);
#10435 = VERTEX_POINT('',#10436);
#10436 = CARTESIAN_POINT('',(-0.127,-2.3115,-2.843));
#10437 = LINE('',#10438,#10439);
#10438 = CARTESIAN_POINT('',(-0.127,-2.3115,-2.843));
#10439 = VECTOR('',#10440,1.);
#10440 = DIRECTION('',(1.077074540829E-16,-0.242535625036,
    -0.970142500145));
#10441 = ORIENTED_EDGE('',*,*,#10442,.F.);
#10442 = EDGE_CURVE('',#10443,#10435,#10445,.T.);
#10443 = VERTEX_POINT('',#10444);
#10444 = CARTESIAN_POINT('',(-0.127,-2.3115,0.));
#10445 = LINE('',#10446,#10447);
#10446 = CARTESIAN_POINT('',(-0.127,-2.3115,0.));
#10447 = VECTOR('',#10448,1.);
#10448 = DIRECTION('',(1.387374085862E-31,-3.124088708055E-16,-1.));
#10449 = ORIENTED_EDGE('',*,*,#10450,.F.);
#10450 = EDGE_CURVE('',#7014,#10443,#10451,.T.);
#10451 = LINE('',#10452,#10453);
#10452 = CARTESIAN_POINT('',(-0.127,-1.778,0.));
#10453 = VECTOR('',#10454,1.);
#10454 = DIRECTION('',(4.440892098501E-16,-1.,0.));
#10455 = PLANE('',#10456);
#10456 = AXIS2_PLACEMENT_3D('',#10457,#10458,#10459);
#10457 = CARTESIAN_POINT('',(-0.127,-1.778,2.157));
#10458 = DIRECTION('',(1.,4.440892098501E-16,0.));
#10459 = DIRECTION('',(0.,0.,-1.));
#10460 = ADVANCED_FACE('',(#10461),#10479,.T.);
#10461 = FACE_BOUND('',#10462,.T.);
#10462 = EDGE_LOOP('',(#10463,#10464,#10472,#10478));
#10463 = ORIENTED_EDGE('',*,*,#7013,.T.);
#10464 = ORIENTED_EDGE('',*,*,#10465,.T.);
#10465 = EDGE_CURVE('',#7006,#10466,#10468,.T.);
#10466 = VERTEX_POINT('',#10467);
#10467 = CARTESIAN_POINT('',(0.127,-2.3115,0.));
#10468 = LINE('',#10469,#10470);
#10469 = CARTESIAN_POINT('',(0.127,-1.778,0.));
#10470 = VECTOR('',#10471,1.);
#10471 = DIRECTION('',(4.440892098501E-16,-1.,0.));
#10472 = ORIENTED_EDGE('',*,*,#10473,.F.);
#10473 = EDGE_CURVE('',#10443,#10466,#10474,.T.);
#10474 = LINE('',#10475,#10476);
#10475 = CARTESIAN_POINT('',(-0.127,-2.3115,0.));
#10476 = VECTOR('',#10477,1.);
#10477 = DIRECTION('',(1.,4.440892098501E-16,0.));
#10478 = ORIENTED_EDGE('',*,*,#10450,.F.);
#10479 = PLANE('',#10480);
#10480 = AXIS2_PLACEMENT_3D('',#10481,#10482,#10483);
#10481 = CARTESIAN_POINT('',(-0.127,-1.778,0.));
#10482 = DIRECTION('',(0.,0.,-1.));
#10483 = DIRECTION('',(4.440892098501E-16,-1.,0.));
#10484 = ADVANCED_FACE('',(#10485),#10537,.T.);
#10485 = FACE_BOUND('',#10486,.T.);
#10486 = EDGE_LOOP('',(#10487,#10488,#10489,#10490,#10498,#10506,#10514,
    #10522,#10530,#10536));
#10487 = ORIENTED_EDGE('',*,*,#7005,.F.);
#10488 = ORIENTED_EDGE('',*,*,#7182,.T.);
#10489 = ORIENTED_EDGE('',*,*,#7152,.F.);
#10490 = ORIENTED_EDGE('',*,*,#10491,.F.);
#10491 = EDGE_CURVE('',#10492,#7153,#10494,.T.);
#10492 = VERTEX_POINT('',#10493);
#10493 = CARTESIAN_POINT('',(0.127,-2.7685,0.));
#10494 = LINE('',#10495,#10496);
#10495 = CARTESIAN_POINT('',(0.127,-2.7685,0.));
#10496 = VECTOR('',#10497,1.);
#10497 = DIRECTION('',(4.440892098501E-16,-1.,0.));
#10498 = ORIENTED_EDGE('',*,*,#10499,.F.);
#10499 = EDGE_CURVE('',#10500,#10492,#10502,.T.);
#10500 = VERTEX_POINT('',#10501);
#10501 = CARTESIAN_POINT('',(0.127,-2.7685,-2.843));
#10502 = LINE('',#10503,#10504);
#10503 = CARTESIAN_POINT('',(0.127,-2.7685,-2.843));
#10504 = VECTOR('',#10505,1.);
#10505 = DIRECTION('',(1.387374085862E-31,-3.124088708055E-16,1.));
#10506 = ORIENTED_EDGE('',*,*,#10507,.F.);
#10507 = EDGE_CURVE('',#10508,#10500,#10510,.T.);
#10508 = VERTEX_POINT('',#10509);
#10509 = CARTESIAN_POINT('',(0.127,-2.65425,-3.3));
#10510 = LINE('',#10511,#10512);
#10511 = CARTESIAN_POINT('',(0.127,-2.65425,-3.3));
#10512 = VECTOR('',#10513,1.);
#10513 = DIRECTION('',(1.077074540829E-16,-0.242535625036,0.970142500145
    ));
#10514 = ORIENTED_EDGE('',*,*,#10515,.F.);
#10515 = EDGE_CURVE('',#10516,#10508,#10518,.T.);
#10516 = VERTEX_POINT('',#10517);
#10517 = CARTESIAN_POINT('',(0.127,-2.42575,-3.3));
#10518 = LINE('',#10519,#10520);
#10519 = CARTESIAN_POINT('',(0.127,-2.42575,-3.3));
#10520 = VECTOR('',#10521,1.);
#10521 = DIRECTION('',(4.440892098501E-16,-1.,0.));
#10522 = ORIENTED_EDGE('',*,*,#10523,.F.);
#10523 = EDGE_CURVE('',#10524,#10516,#10526,.T.);
#10524 = VERTEX_POINT('',#10525);
#10525 = CARTESIAN_POINT('',(0.127,-2.3115,-2.843));
#10526 = LINE('',#10527,#10528);
#10527 = CARTESIAN_POINT('',(0.127,-2.3115,-2.843));
#10528 = VECTOR('',#10529,1.);
#10529 = DIRECTION('',(1.077074540829E-16,-0.242535625036,
    -0.970142500145));
#10530 = ORIENTED_EDGE('',*,*,#10531,.F.);
#10531 = EDGE_CURVE('',#10466,#10524,#10532,.T.);
#10532 = LINE('',#10533,#10534);
#10533 = CARTESIAN_POINT('',(0.127,-2.3115,0.));
#10534 = VECTOR('',#10535,1.);
#10535 = DIRECTION('',(1.387374085862E-31,-3.124088708055E-16,-1.));
#10536 = ORIENTED_EDGE('',*,*,#10465,.F.);
#10537 = PLANE('',#10538);
#10538 = AXIS2_PLACEMENT_3D('',#10539,#10540,#10541);
#10539 = CARTESIAN_POINT('',(0.127,-1.778,2.157));
#10540 = DIRECTION('',(1.,4.440892098501E-16,0.));
#10541 = DIRECTION('',(0.,0.,-1.));
#10542 = ADVANCED_FACE('',(#10543),#10559,.T.);
#10543 = FACE_BOUND('',#10544,.T.);
#10544 = EDGE_LOOP('',(#10545,#10551,#10552,#10558));
#10545 = ORIENTED_EDGE('',*,*,#10546,.T.);
#10546 = EDGE_CURVE('',#7036,#7200,#10547,.T.);
#10547 = LINE('',#10548,#10549);
#10548 = CARTESIAN_POINT('',(0.254,-16.002,2.157));
#10549 = VECTOR('',#10550,1.);
#10550 = DIRECTION('',(-4.440892098501E-16,1.,0.));
#10551 = ORIENTED_EDGE('',*,*,#7199,.T.);
#10552 = ORIENTED_EDGE('',*,*,#10553,.F.);
#10553 = EDGE_CURVE('',#7038,#7202,#10554,.T.);
#10554 = LINE('',#10555,#10556);
#10555 = CARTESIAN_POINT('',(-0.127,-16.002,1.776));
#10556 = VECTOR('',#10557,1.);
#10557 = DIRECTION('',(-4.440892098501E-16,1.,0.));
#10558 = ORIENTED_EDGE('',*,*,#7035,.F.);
#10559 = CYLINDRICAL_SURFACE('',#10560,0.381);
#10560 = AXIS2_PLACEMENT_3D('',#10561,#10562,#10563);
#10561 = CARTESIAN_POINT('',(0.254,-16.002,1.776));
#10562 = DIRECTION('',(-4.440892098501E-16,1.,0.));
#10563 = DIRECTION('',(0.,0.,1.));
#10564 = ADVANCED_FACE('',(#10565),#10624,.F.);
#10565 = FACE_BOUND('',#10566,.F.);
#10566 = EDGE_LOOP('',(#10567,#10568,#10569,#10570,#10578,#10586,#10594,
    #10602,#10610,#10618));
#10567 = ORIENTED_EDGE('',*,*,#7243,.F.);
#10568 = ORIENTED_EDGE('',*,*,#10553,.F.);
#10569 = ORIENTED_EDGE('',*,*,#7079,.F.);
#10570 = ORIENTED_EDGE('',*,*,#10571,.F.);
#10571 = EDGE_CURVE('',#10572,#7072,#10574,.T.);
#10572 = VERTEX_POINT('',#10573);
#10573 = CARTESIAN_POINT('',(-0.127,-15.4685,0.));
#10574 = LINE('',#10575,#10576);
#10575 = CARTESIAN_POINT('',(-0.127,-15.4685,0.));
#10576 = VECTOR('',#10577,1.);
#10577 = DIRECTION('',(4.440892098501E-16,-1.,0.));
#10578 = ORIENTED_EDGE('',*,*,#10579,.F.);
#10579 = EDGE_CURVE('',#10580,#10572,#10582,.T.);
#10580 = VERTEX_POINT('',#10581);
#10581 = CARTESIAN_POINT('',(-0.127,-15.4685,-2.843));
#10582 = LINE('',#10583,#10584);
#10583 = CARTESIAN_POINT('',(-0.127,-15.4685,-2.843));
#10584 = VECTOR('',#10585,1.);
#10585 = DIRECTION('',(1.387374085862E-31,-3.124088708055E-16,1.));
#10586 = ORIENTED_EDGE('',*,*,#10587,.F.);
#10587 = EDGE_CURVE('',#10588,#10580,#10590,.T.);
#10588 = VERTEX_POINT('',#10589);
#10589 = CARTESIAN_POINT('',(-0.127,-15.35425,-3.3));
#10590 = LINE('',#10591,#10592);
#10591 = CARTESIAN_POINT('',(-0.127,-15.35425,-3.3));
#10592 = VECTOR('',#10593,1.);
#10593 = DIRECTION('',(1.077074540829E-16,-0.242535625036,0.970142500145
    ));
#10594 = ORIENTED_EDGE('',*,*,#10595,.F.);
#10595 = EDGE_CURVE('',#10596,#10588,#10598,.T.);
#10596 = VERTEX_POINT('',#10597);
#10597 = CARTESIAN_POINT('',(-0.127,-15.12575,-3.3));
#10598 = LINE('',#10599,#10600);
#10599 = CARTESIAN_POINT('',(-0.127,-15.12575,-3.3));
#10600 = VECTOR('',#10601,1.);
#10601 = DIRECTION('',(4.440892098501E-16,-1.,0.));
#10602 = ORIENTED_EDGE('',*,*,#10603,.F.);
#10603 = EDGE_CURVE('',#10604,#10596,#10606,.T.);
#10604 = VERTEX_POINT('',#10605);
#10605 = CARTESIAN_POINT('',(-0.127,-15.0115,-2.843));
#10606 = LINE('',#10607,#10608);
#10607 = CARTESIAN_POINT('',(-0.127,-15.0115,-2.843));
#10608 = VECTOR('',#10609,1.);
#10609 = DIRECTION('',(1.077074540829E-16,-0.242535625036,
    -0.970142500145));
#10610 = ORIENTED_EDGE('',*,*,#10611,.F.);
#10611 = EDGE_CURVE('',#10612,#10604,#10614,.T.);
#10612 = VERTEX_POINT('',#10613);
#10613 = CARTESIAN_POINT('',(-0.127,-15.0115,0.));
#10614 = LINE('',#10615,#10616);
#10615 = CARTESIAN_POINT('',(-0.127,-15.0115,0.));
#10616 = VECTOR('',#10617,1.);
#10617 = DIRECTION('',(1.387374085862E-31,-3.124088708055E-16,-1.));
#10618 = ORIENTED_EDGE('',*,*,#10619,.F.);
#10619 = EDGE_CURVE('',#7236,#10612,#10620,.T.);
#10620 = LINE('',#10621,#10622);
#10621 = CARTESIAN_POINT('',(-0.127,-14.478,0.));
#10622 = VECTOR('',#10623,1.);
#10623 = DIRECTION('',(4.440892098501E-16,-1.,0.));
#10624 = PLANE('',#10625);
#10625 = AXIS2_PLACEMENT_3D('',#10626,#10627,#10628);
#10626 = CARTESIAN_POINT('',(-0.127,-14.478,2.157));
#10627 = DIRECTION('',(1.,4.440892098501E-16,0.));
#10628 = DIRECTION('',(0.,0.,-1.));
#10629 = ADVANCED_FACE('',(#10630),#10648,.T.);
#10630 = FACE_BOUND('',#10631,.T.);
#10631 = EDGE_LOOP('',(#10632,#10640,#10646,#10647));
#10632 = ORIENTED_EDGE('',*,*,#10633,.T.);
#10633 = EDGE_CURVE('',#10572,#10634,#10636,.T.);
#10634 = VERTEX_POINT('',#10635);
#10635 = CARTESIAN_POINT('',(0.127,-15.4685,0.));
#10636 = LINE('',#10637,#10638);
#10637 = CARTESIAN_POINT('',(-0.127,-15.4685,0.));
#10638 = VECTOR('',#10639,1.);
#10639 = DIRECTION('',(1.,4.440892098501E-16,0.));
#10640 = ORIENTED_EDGE('',*,*,#10641,.T.);
#10641 = EDGE_CURVE('',#10634,#7064,#10642,.T.);
#10642 = LINE('',#10643,#10644);
#10643 = CARTESIAN_POINT('',(0.127,-15.4685,0.));
#10644 = VECTOR('',#10645,1.);
#10645 = DIRECTION('',(4.440892098501E-16,-1.,0.));
#10646 = ORIENTED_EDGE('',*,*,#7071,.F.);
#10647 = ORIENTED_EDGE('',*,*,#10571,.F.);
#10648 = PLANE('',#10649);
#10649 = AXIS2_PLACEMENT_3D('',#10650,#10651,#10652);
#10650 = CARTESIAN_POINT('',(-0.127,-15.4685,0.));
#10651 = DIRECTION('',(0.,0.,-1.));
#10652 = DIRECTION('',(4.440892098501E-16,-1.,0.));
#10653 = ADVANCED_FACE('',(#10654),#10706,.T.);
#10654 = FACE_BOUND('',#10655,.T.);
#10655 = EDGE_LOOP('',(#10656,#10657,#10658,#10659,#10660,#10668,#10676,
    #10684,#10692,#10700));
#10656 = ORIENTED_EDGE('',*,*,#7227,.F.);
#10657 = ORIENTED_EDGE('',*,*,#7257,.T.);
#10658 = ORIENTED_EDGE('',*,*,#7063,.F.);
#10659 = ORIENTED_EDGE('',*,*,#10641,.F.);
#10660 = ORIENTED_EDGE('',*,*,#10661,.F.);
#10661 = EDGE_CURVE('',#10662,#10634,#10664,.T.);
#10662 = VERTEX_POINT('',#10663);
#10663 = CARTESIAN_POINT('',(0.127,-15.4685,-2.843));
#10664 = LINE('',#10665,#10666);
#10665 = CARTESIAN_POINT('',(0.127,-15.4685,-2.843));
#10666 = VECTOR('',#10667,1.);
#10667 = DIRECTION('',(1.387374085862E-31,-3.124088708055E-16,1.));
#10668 = ORIENTED_EDGE('',*,*,#10669,.F.);
#10669 = EDGE_CURVE('',#10670,#10662,#10672,.T.);
#10670 = VERTEX_POINT('',#10671);
#10671 = CARTESIAN_POINT('',(0.127,-15.35425,-3.3));
#10672 = LINE('',#10673,#10674);
#10673 = CARTESIAN_POINT('',(0.127,-15.35425,-3.3));
#10674 = VECTOR('',#10675,1.);
#10675 = DIRECTION('',(1.077074540829E-16,-0.242535625036,0.970142500145
    ));
#10676 = ORIENTED_EDGE('',*,*,#10677,.F.);
#10677 = EDGE_CURVE('',#10678,#10670,#10680,.T.);
#10678 = VERTEX_POINT('',#10679);
#10679 = CARTESIAN_POINT('',(0.127,-15.12575,-3.3));
#10680 = LINE('',#10681,#10682);
#10681 = CARTESIAN_POINT('',(0.127,-15.12575,-3.3));
#10682 = VECTOR('',#10683,1.);
#10683 = DIRECTION('',(4.440892098501E-16,-1.,0.));
#10684 = ORIENTED_EDGE('',*,*,#10685,.F.);
#10685 = EDGE_CURVE('',#10686,#10678,#10688,.T.);
#10686 = VERTEX_POINT('',#10687);
#10687 = CARTESIAN_POINT('',(0.127,-15.0115,-2.843));
#10688 = LINE('',#10689,#10690);
#10689 = CARTESIAN_POINT('',(0.127,-15.0115,-2.843));
#10690 = VECTOR('',#10691,1.);
#10691 = DIRECTION('',(1.077074540829E-16,-0.242535625036,
    -0.970142500145));
#10692 = ORIENTED_EDGE('',*,*,#10693,.F.);
#10693 = EDGE_CURVE('',#10694,#10686,#10696,.T.);
#10694 = VERTEX_POINT('',#10695);
#10695 = CARTESIAN_POINT('',(0.127,-15.0115,0.));
#10696 = LINE('',#10697,#10698);
#10697 = CARTESIAN_POINT('',(0.127,-15.0115,0.));
#10698 = VECTOR('',#10699,1.);
#10699 = DIRECTION('',(1.387374085862E-31,-3.124088708055E-16,-1.));
#10700 = ORIENTED_EDGE('',*,*,#10701,.F.);
#10701 = EDGE_CURVE('',#7228,#10694,#10702,.T.);
#10702 = LINE('',#10703,#10704);
#10703 = CARTESIAN_POINT('',(0.127,-14.478,0.));
#10704 = VECTOR('',#10705,1.);
#10705 = DIRECTION('',(4.440892098501E-16,-1.,0.));
#10706 = PLANE('',#10707);
#10707 = AXIS2_PLACEMENT_3D('',#10708,#10709,#10710);
#10708 = CARTESIAN_POINT('',(0.127,-14.478,2.157));
#10709 = DIRECTION('',(1.,4.440892098501E-16,0.));
#10710 = DIRECTION('',(0.,0.,-1.));
#10711 = ADVANCED_FACE('',(#10712),#10720,.T.);
#10712 = FACE_BOUND('',#10713,.T.);
#10713 = EDGE_LOOP('',(#10714,#10715,#10716,#10717,#10718,#10719));
#10714 = ORIENTED_EDGE('',*,*,#7093,.F.);
#10715 = ORIENTED_EDGE('',*,*,#9991,.F.);
#10716 = ORIENTED_EDGE('',*,*,#7430,.F.);
#10717 = ORIENTED_EDGE('',*,*,#7210,.F.);
#10718 = ORIENTED_EDGE('',*,*,#10546,.F.);
#10719 = ORIENTED_EDGE('',*,*,#7046,.F.);
#10720 = PLANE('',#10721);
#10721 = AXIS2_PLACEMENT_3D('',#10722,#10723,#10724);
#10722 = CARTESIAN_POINT('',(3.683,-16.002,2.157));
#10723 = DIRECTION('',(0.,0.,1.));
#10724 = DIRECTION('',(-4.440892098501E-16,1.,0.));
#10725 = ADVANCED_FACE('',(#10726),#10737,.T.);
#10726 = FACE_BOUND('',#10727,.T.);
#10727 = EDGE_LOOP('',(#10728,#10734,#10735,#10736));
#10728 = ORIENTED_EDGE('',*,*,#10729,.T.);
#10729 = EDGE_CURVE('',#10403,#10492,#10730,.T.);
#10730 = LINE('',#10731,#10732);
#10731 = CARTESIAN_POINT('',(-0.127,-2.7685,0.));
#10732 = VECTOR('',#10733,1.);
#10733 = DIRECTION('',(1.,4.440892098501E-16,0.));
#10734 = ORIENTED_EDGE('',*,*,#10491,.T.);
#10735 = ORIENTED_EDGE('',*,*,#7160,.F.);
#10736 = ORIENTED_EDGE('',*,*,#10402,.F.);
#10737 = PLANE('',#10738);
#10738 = AXIS2_PLACEMENT_3D('',#10739,#10740,#10741);
#10739 = CARTESIAN_POINT('',(-0.127,-2.7685,0.));
#10740 = DIRECTION('',(0.,0.,-1.));
#10741 = DIRECTION('',(4.440892098501E-16,-1.,0.));
#10742 = ADVANCED_FACE('',(#10743),#10754,.T.);
#10743 = FACE_BOUND('',#10744,.T.);
#10744 = EDGE_LOOP('',(#10745,#10746,#10747,#10753));
#10745 = ORIENTED_EDGE('',*,*,#7235,.T.);
#10746 = ORIENTED_EDGE('',*,*,#10701,.T.);
#10747 = ORIENTED_EDGE('',*,*,#10748,.F.);
#10748 = EDGE_CURVE('',#10612,#10694,#10749,.T.);
#10749 = LINE('',#10750,#10751);
#10750 = CARTESIAN_POINT('',(-0.127,-15.0115,0.));
#10751 = VECTOR('',#10752,1.);
#10752 = DIRECTION('',(1.,4.440892098501E-16,0.));
#10753 = ORIENTED_EDGE('',*,*,#10619,.F.);
#10754 = PLANE('',#10755);
#10755 = AXIS2_PLACEMENT_3D('',#10756,#10757,#10758);
#10756 = CARTESIAN_POINT('',(-0.127,-14.478,0.));
#10757 = DIRECTION('',(0.,0.,-1.));
#10758 = DIRECTION('',(4.440892098501E-16,-1.,0.));
#10759 = ADVANCED_FACE('',(#10760),#10773,.T.);
#10760 = FACE_BOUND('',#10761,.T.);
#10761 = EDGE_LOOP('',(#10762,#10763,#10764,#10765,#10766,#10772));
#10762 = ORIENTED_EDGE('',*,*,#7602,.F.);
#10763 = ORIENTED_EDGE('',*,*,#9963,.F.);
#10764 = ORIENTED_EDGE('',*,*,#7283,.F.);
#10765 = ORIENTED_EDGE('',*,*,#7316,.F.);
#10766 = ORIENTED_EDGE('',*,*,#10767,.F.);
#10767 = EDGE_CURVE('',#7453,#7306,#10768,.T.);
#10768 = LINE('',#10769,#10770);
#10769 = CARTESIAN_POINT('',(0.254,-5.842,2.157));
#10770 = VECTOR('',#10771,1.);
#10771 = DIRECTION('',(-4.440892098501E-16,1.,0.));
#10772 = ORIENTED_EDGE('',*,*,#7463,.F.);
#10773 = PLANE('',#10774);
#10774 = AXIS2_PLACEMENT_3D('',#10775,#10776,#10777);
#10775 = CARTESIAN_POINT('',(3.683,-5.842,2.157));
#10776 = DIRECTION('',(0.,0.,1.));
#10777 = DIRECTION('',(-4.440892098501E-16,1.,0.));
#10778 = ADVANCED_FACE('',(#10779),#10790,.T.);
#10779 = FACE_BOUND('',#10780,.T.);
#10780 = EDGE_LOOP('',(#10781,#10782,#10783,#10789));
#10781 = ORIENTED_EDGE('',*,*,#10767,.T.);
#10782 = ORIENTED_EDGE('',*,*,#7305,.T.);
#10783 = ORIENTED_EDGE('',*,*,#10784,.F.);
#10784 = EDGE_CURVE('',#7455,#7308,#10785,.T.);
#10785 = LINE('',#10786,#10787);
#10786 = CARTESIAN_POINT('',(-0.127,-5.842,1.776));
#10787 = VECTOR('',#10788,1.);
#10788 = DIRECTION('',(-4.440892098501E-16,1.,0.));
#10789 = ORIENTED_EDGE('',*,*,#7452,.F.);
#10790 = CYLINDRICAL_SURFACE('',#10791,0.381);
#10791 = AXIS2_PLACEMENT_3D('',#10792,#10793,#10794);
#10792 = CARTESIAN_POINT('',(0.254,-5.842,1.776));
#10793 = DIRECTION('',(-4.440892098501E-16,1.,0.));
#10794 = DIRECTION('',(0.,0.,1.));
#10795 = ADVANCED_FACE('',(#10796),#10855,.F.);
#10796 = FACE_BOUND('',#10797,.F.);
#10797 = EDGE_LOOP('',(#10798,#10799,#10800,#10801,#10809,#10817,#10825,
    #10833,#10841,#10849));
#10798 = ORIENTED_EDGE('',*,*,#7349,.F.);
#10799 = ORIENTED_EDGE('',*,*,#10784,.F.);
#10800 = ORIENTED_EDGE('',*,*,#7496,.F.);
#10801 = ORIENTED_EDGE('',*,*,#10802,.F.);
#10802 = EDGE_CURVE('',#10803,#7489,#10805,.T.);
#10803 = VERTEX_POINT('',#10804);
#10804 = CARTESIAN_POINT('',(-0.127,-5.3085,0.));
#10805 = LINE('',#10806,#10807);
#10806 = CARTESIAN_POINT('',(-0.127,-5.3085,0.));
#10807 = VECTOR('',#10808,1.);
#10808 = DIRECTION('',(4.440892098501E-16,-1.,0.));
#10809 = ORIENTED_EDGE('',*,*,#10810,.F.);
#10810 = EDGE_CURVE('',#10811,#10803,#10813,.T.);
#10811 = VERTEX_POINT('',#10812);
#10812 = CARTESIAN_POINT('',(-0.127,-5.3085,-2.843));
#10813 = LINE('',#10814,#10815);
#10814 = CARTESIAN_POINT('',(-0.127,-5.3085,-2.843));
#10815 = VECTOR('',#10816,1.);
#10816 = DIRECTION('',(1.387374085862E-31,-3.124088708055E-16,1.));
#10817 = ORIENTED_EDGE('',*,*,#10818,.F.);
#10818 = EDGE_CURVE('',#10819,#10811,#10821,.T.);
#10819 = VERTEX_POINT('',#10820);
#10820 = CARTESIAN_POINT('',(-0.127,-5.19425,-3.3));
#10821 = LINE('',#10822,#10823);
#10822 = CARTESIAN_POINT('',(-0.127,-5.19425,-3.3));
#10823 = VECTOR('',#10824,1.);
#10824 = DIRECTION('',(1.077074540829E-16,-0.242535625036,0.970142500145
    ));
#10825 = ORIENTED_EDGE('',*,*,#10826,.F.);
#10826 = EDGE_CURVE('',#10827,#10819,#10829,.T.);
#10827 = VERTEX_POINT('',#10828);
#10828 = CARTESIAN_POINT('',(-0.127,-4.96575,-3.3));
#10829 = LINE('',#10830,#10831);
#10830 = CARTESIAN_POINT('',(-0.127,-4.96575,-3.3));
#10831 = VECTOR('',#10832,1.);
#10832 = DIRECTION('',(4.440892098501E-16,-1.,0.));
#10833 = ORIENTED_EDGE('',*,*,#10834,.F.);
#10834 = EDGE_CURVE('',#10835,#10827,#10837,.T.);
#10835 = VERTEX_POINT('',#10836);
#10836 = CARTESIAN_POINT('',(-0.127,-4.8515,-2.843));
#10837 = LINE('',#10838,#10839);
#10838 = CARTESIAN_POINT('',(-0.127,-4.8515,-2.843));
#10839 = VECTOR('',#10840,1.);
#10840 = DIRECTION('',(1.077074540829E-16,-0.242535625036,
    -0.970142500145));
#10841 = ORIENTED_EDGE('',*,*,#10842,.F.);
#10842 = EDGE_CURVE('',#10843,#10835,#10845,.T.);
#10843 = VERTEX_POINT('',#10844);
#10844 = CARTESIAN_POINT('',(-0.127,-4.8515,0.));
#10845 = LINE('',#10846,#10847);
#10846 = CARTESIAN_POINT('',(-0.127,-4.8515,0.));
#10847 = VECTOR('',#10848,1.);
#10848 = DIRECTION('',(1.387374085862E-31,-3.124088708055E-16,-1.));
#10849 = ORIENTED_EDGE('',*,*,#10850,.F.);
#10850 = EDGE_CURVE('',#7342,#10843,#10851,.T.);
#10851 = LINE('',#10852,#10853);
#10852 = CARTESIAN_POINT('',(-0.127,-4.318,0.));
#10853 = VECTOR('',#10854,1.);
#10854 = DIRECTION('',(4.440892098501E-16,-1.,0.));
#10855 = PLANE('',#10856);
#10856 = AXIS2_PLACEMENT_3D('',#10857,#10858,#10859);
#10857 = CARTESIAN_POINT('',(-0.127,-4.318,2.157));
#10858 = DIRECTION('',(1.,4.440892098501E-16,0.));
#10859 = DIRECTION('',(0.,0.,-1.));
#10860 = ADVANCED_FACE('',(#10861),#10879,.T.);
#10861 = FACE_BOUND('',#10862,.T.);
#10862 = EDGE_LOOP('',(#10863,#10864,#10872,#10878));
#10863 = ORIENTED_EDGE('',*,*,#7341,.T.);
#10864 = ORIENTED_EDGE('',*,*,#10865,.T.);
#10865 = EDGE_CURVE('',#7334,#10866,#10868,.T.);
#10866 = VERTEX_POINT('',#10867);
#10867 = CARTESIAN_POINT('',(0.127,-4.8515,0.));
#10868 = LINE('',#10869,#10870);
#10869 = CARTESIAN_POINT('',(0.127,-4.318,0.));
#10870 = VECTOR('',#10871,1.);
#10871 = DIRECTION('',(4.440892098501E-16,-1.,0.));
#10872 = ORIENTED_EDGE('',*,*,#10873,.F.);
#10873 = EDGE_CURVE('',#10843,#10866,#10874,.T.);
#10874 = LINE('',#10875,#10876);
#10875 = CARTESIAN_POINT('',(-0.127,-4.8515,0.));
#10876 = VECTOR('',#10877,1.);
#10877 = DIRECTION('',(1.,4.440892098501E-16,0.));
#10878 = ORIENTED_EDGE('',*,*,#10850,.F.);
#10879 = PLANE('',#10880);
#10880 = AXIS2_PLACEMENT_3D('',#10881,#10882,#10883);
#10881 = CARTESIAN_POINT('',(-0.127,-4.318,0.));
#10882 = DIRECTION('',(0.,0.,-1.));
#10883 = DIRECTION('',(4.440892098501E-16,-1.,0.));
#10884 = ADVANCED_FACE('',(#10885),#10937,.T.);
#10885 = FACE_BOUND('',#10886,.T.);
#10886 = EDGE_LOOP('',(#10887,#10888,#10889,#10890,#10898,#10906,#10914,
    #10922,#10930,#10936));
#10887 = ORIENTED_EDGE('',*,*,#7333,.F.);
#10888 = ORIENTED_EDGE('',*,*,#7510,.T.);
#10889 = ORIENTED_EDGE('',*,*,#7480,.F.);
#10890 = ORIENTED_EDGE('',*,*,#10891,.F.);
#10891 = EDGE_CURVE('',#10892,#7481,#10894,.T.);
#10892 = VERTEX_POINT('',#10893);
#10893 = CARTESIAN_POINT('',(0.127,-5.3085,0.));
#10894 = LINE('',#10895,#10896);
#10895 = CARTESIAN_POINT('',(0.127,-5.3085,0.));
#10896 = VECTOR('',#10897,1.);
#10897 = DIRECTION('',(4.440892098501E-16,-1.,0.));
#10898 = ORIENTED_EDGE('',*,*,#10899,.F.);
#10899 = EDGE_CURVE('',#10900,#10892,#10902,.T.);
#10900 = VERTEX_POINT('',#10901);
#10901 = CARTESIAN_POINT('',(0.127,-5.3085,-2.843));
#10902 = LINE('',#10903,#10904);
#10903 = CARTESIAN_POINT('',(0.127,-5.3085,-2.843));
#10904 = VECTOR('',#10905,1.);
#10905 = DIRECTION('',(1.387374085862E-31,-3.124088708055E-16,1.));
#10906 = ORIENTED_EDGE('',*,*,#10907,.F.);
#10907 = EDGE_CURVE('',#10908,#10900,#10910,.T.);
#10908 = VERTEX_POINT('',#10909);
#10909 = CARTESIAN_POINT('',(0.127,-5.19425,-3.3));
#10910 = LINE('',#10911,#10912);
#10911 = CARTESIAN_POINT('',(0.127,-5.19425,-3.3));
#10912 = VECTOR('',#10913,1.);
#10913 = DIRECTION('',(1.077074540829E-16,-0.242535625036,0.970142500145
    ));
#10914 = ORIENTED_EDGE('',*,*,#10915,.F.);
#10915 = EDGE_CURVE('',#10916,#10908,#10918,.T.);
#10916 = VERTEX_POINT('',#10917);
#10917 = CARTESIAN_POINT('',(0.127,-4.96575,-3.3));
#10918 = LINE('',#10919,#10920);
#10919 = CARTESIAN_POINT('',(0.127,-4.96575,-3.3));
#10920 = VECTOR('',#10921,1.);
#10921 = DIRECTION('',(4.440892098501E-16,-1.,0.));
#10922 = ORIENTED_EDGE('',*,*,#10923,.F.);
#10923 = EDGE_CURVE('',#10924,#10916,#10926,.T.);
#10924 = VERTEX_POINT('',#10925);
#10925 = CARTESIAN_POINT('',(0.127,-4.8515,-2.843));
#10926 = LINE('',#10927,#10928);
#10927 = CARTESIAN_POINT('',(0.127,-4.8515,-2.843));
#10928 = VECTOR('',#10929,1.);
#10929 = DIRECTION('',(1.077074540829E-16,-0.242535625036,
    -0.970142500145));
#10930 = ORIENTED_EDGE('',*,*,#10931,.F.);
#10931 = EDGE_CURVE('',#10866,#10924,#10932,.T.);
#10932 = LINE('',#10933,#10934);
#10933 = CARTESIAN_POINT('',(0.127,-4.8515,0.));
#10934 = VECTOR('',#10935,1.);
#10935 = DIRECTION('',(1.387374085862E-31,-3.124088708055E-16,-1.));
#10936 = ORIENTED_EDGE('',*,*,#10865,.F.);
#10937 = PLANE('',#10938);
#10938 = AXIS2_PLACEMENT_3D('',#10939,#10940,#10941);
#10939 = CARTESIAN_POINT('',(0.127,-4.318,2.157));
#10940 = DIRECTION('',(1.,4.440892098501E-16,0.));
#10941 = DIRECTION('',(0.,0.,-1.));
#10942 = ADVANCED_FACE('',(#10943),#10959,.T.);
#10943 = FACE_BOUND('',#10944,.T.);
#10944 = EDGE_LOOP('',(#10945,#10951,#10952,#10958));
#10945 = ORIENTED_EDGE('',*,*,#10946,.T.);
#10946 = EDGE_CURVE('',#7364,#7528,#10947,.T.);
#10947 = LINE('',#10948,#10949);
#10948 = CARTESIAN_POINT('',(0.254,-13.462,2.157));
#10949 = VECTOR('',#10950,1.);
#10950 = DIRECTION('',(-4.440892098501E-16,1.,0.));
#10951 = ORIENTED_EDGE('',*,*,#7527,.T.);
#10952 = ORIENTED_EDGE('',*,*,#10953,.F.);
#10953 = EDGE_CURVE('',#7366,#7530,#10954,.T.);
#10954 = LINE('',#10955,#10956);
#10955 = CARTESIAN_POINT('',(-0.127,-13.462,1.776));
#10956 = VECTOR('',#10957,1.);
#10957 = DIRECTION('',(-4.440892098501E-16,1.,0.));
#10958 = ORIENTED_EDGE('',*,*,#7363,.F.);
#10959 = CYLINDRICAL_SURFACE('',#10960,0.381);
#10960 = AXIS2_PLACEMENT_3D('',#10961,#10962,#10963);
#10961 = CARTESIAN_POINT('',(0.254,-13.462,1.776));
#10962 = DIRECTION('',(-4.440892098501E-16,1.,0.));
#10963 = DIRECTION('',(0.,0.,1.));
#10964 = ADVANCED_FACE('',(#10965),#11024,.F.);
#10965 = FACE_BOUND('',#10966,.F.);
#10966 = EDGE_LOOP('',(#10967,#10968,#10969,#10970,#10978,#10986,#10994,
    #11002,#11010,#11018));
#10967 = ORIENTED_EDGE('',*,*,#7571,.F.);
#10968 = ORIENTED_EDGE('',*,*,#10953,.F.);
#10969 = ORIENTED_EDGE('',*,*,#7407,.F.);
#10970 = ORIENTED_EDGE('',*,*,#10971,.F.);
#10971 = EDGE_CURVE('',#10972,#7400,#10974,.T.);
#10972 = VERTEX_POINT('',#10973);
#10973 = CARTESIAN_POINT('',(-0.127,-12.9285,0.));
#10974 = LINE('',#10975,#10976);
#10975 = CARTESIAN_POINT('',(-0.127,-12.9285,0.));
#10976 = VECTOR('',#10977,1.);
#10977 = DIRECTION('',(4.440892098501E-16,-1.,0.));
#10978 = ORIENTED_EDGE('',*,*,#10979,.F.);
#10979 = EDGE_CURVE('',#10980,#10972,#10982,.T.);
#10980 = VERTEX_POINT('',#10981);
#10981 = CARTESIAN_POINT('',(-0.127,-12.9285,-2.843));
#10982 = LINE('',#10983,#10984);
#10983 = CARTESIAN_POINT('',(-0.127,-12.9285,-2.843));
#10984 = VECTOR('',#10985,1.);
#10985 = DIRECTION('',(1.387374085862E-31,-3.124088708055E-16,1.));
#10986 = ORIENTED_EDGE('',*,*,#10987,.F.);
#10987 = EDGE_CURVE('',#10988,#10980,#10990,.T.);
#10988 = VERTEX_POINT('',#10989);
#10989 = CARTESIAN_POINT('',(-0.127,-12.81425,-3.3));
#10990 = LINE('',#10991,#10992);
#10991 = CARTESIAN_POINT('',(-0.127,-12.81425,-3.3));
#10992 = VECTOR('',#10993,1.);
#10993 = DIRECTION('',(1.077074540829E-16,-0.242535625036,0.970142500145
    ));
#10994 = ORIENTED_EDGE('',*,*,#10995,.F.);
#10995 = EDGE_CURVE('',#10996,#10988,#10998,.T.);
#10996 = VERTEX_POINT('',#10997);
#10997 = CARTESIAN_POINT('',(-0.127,-12.58575,-3.3));
#10998 = LINE('',#10999,#11000);
#10999 = CARTESIAN_POINT('',(-0.127,-12.58575,-3.3));
#11000 = VECTOR('',#11001,1.);
#11001 = DIRECTION('',(4.440892098501E-16,-1.,0.));
#11002 = ORIENTED_EDGE('',*,*,#11003,.F.);
#11003 = EDGE_CURVE('',#11004,#10996,#11006,.T.);
#11004 = VERTEX_POINT('',#11005);
#11005 = CARTESIAN_POINT('',(-0.127,-12.4715,-2.843));
#11006 = LINE('',#11007,#11008);
#11007 = CARTESIAN_POINT('',(-0.127,-12.4715,-2.843));
#11008 = VECTOR('',#11009,1.);
#11009 = DIRECTION('',(1.077074540829E-16,-0.242535625036,
    -0.970142500145));
#11010 = ORIENTED_EDGE('',*,*,#11011,.F.);
#11011 = EDGE_CURVE('',#11012,#11004,#11014,.T.);
#11012 = VERTEX_POINT('',#11013);
#11013 = CARTESIAN_POINT('',(-0.127,-12.4715,0.));
#11014 = LINE('',#11015,#11016);
#11015 = CARTESIAN_POINT('',(-0.127,-12.4715,0.));
#11016 = VECTOR('',#11017,1.);
#11017 = DIRECTION('',(1.387374085862E-31,-3.124088708055E-16,-1.));
#11018 = ORIENTED_EDGE('',*,*,#11019,.F.);
#11019 = EDGE_CURVE('',#7564,#11012,#11020,.T.);
#11020 = LINE('',#11021,#11022);
#11021 = CARTESIAN_POINT('',(-0.127,-11.938,0.));
#11022 = VECTOR('',#11023,1.);
#11023 = DIRECTION('',(4.440892098501E-16,-1.,0.));
#11024 = PLANE('',#11025);
#11025 = AXIS2_PLACEMENT_3D('',#11026,#11027,#11028);
#11026 = CARTESIAN_POINT('',(-0.127,-11.938,2.157));
#11027 = DIRECTION('',(1.,4.440892098501E-16,0.));
#11028 = DIRECTION('',(0.,0.,-1.));
#11029 = ADVANCED_FACE('',(#11030),#11048,.T.);
#11030 = FACE_BOUND('',#11031,.T.);
#11031 = EDGE_LOOP('',(#11032,#11040,#11046,#11047));
#11032 = ORIENTED_EDGE('',*,*,#11033,.T.);
#11033 = EDGE_CURVE('',#10972,#11034,#11036,.T.);
#11034 = VERTEX_POINT('',#11035);
#11035 = CARTESIAN_POINT('',(0.127,-12.9285,0.));
#11036 = LINE('',#11037,#11038);
#11037 = CARTESIAN_POINT('',(-0.127,-12.9285,0.));
#11038 = VECTOR('',#11039,1.);
#11039 = DIRECTION('',(1.,4.440892098501E-16,0.));
#11040 = ORIENTED_EDGE('',*,*,#11041,.T.);
#11041 = EDGE_CURVE('',#11034,#7392,#11042,.T.);
#11042 = LINE('',#11043,#11044);
#11043 = CARTESIAN_POINT('',(0.127,-12.9285,0.));
#11044 = VECTOR('',#11045,1.);
#11045 = DIRECTION('',(4.440892098501E-16,-1.,0.));
#11046 = ORIENTED_EDGE('',*,*,#7399,.F.);
#11047 = ORIENTED_EDGE('',*,*,#10971,.F.);
#11048 = PLANE('',#11049);
#11049 = AXIS2_PLACEMENT_3D('',#11050,#11051,#11052);
#11050 = CARTESIAN_POINT('',(-0.127,-12.9285,0.));
#11051 = DIRECTION('',(0.,0.,-1.));
#11052 = DIRECTION('',(4.440892098501E-16,-1.,0.));
#11053 = ADVANCED_FACE('',(#11054),#11106,.T.);
#11054 = FACE_BOUND('',#11055,.T.);
#11055 = EDGE_LOOP('',(#11056,#11057,#11058,#11059,#11060,#11068,#11076,
    #11084,#11092,#11100));
#11056 = ORIENTED_EDGE('',*,*,#7555,.F.);
#11057 = ORIENTED_EDGE('',*,*,#7585,.T.);
#11058 = ORIENTED_EDGE('',*,*,#7391,.F.);
#11059 = ORIENTED_EDGE('',*,*,#11041,.F.);
#11060 = ORIENTED_EDGE('',*,*,#11061,.F.);
#11061 = EDGE_CURVE('',#11062,#11034,#11064,.T.);
#11062 = VERTEX_POINT('',#11063);
#11063 = CARTESIAN_POINT('',(0.127,-12.9285,-2.843));
#11064 = LINE('',#11065,#11066);
#11065 = CARTESIAN_POINT('',(0.127,-12.9285,-2.843));
#11066 = VECTOR('',#11067,1.);
#11067 = DIRECTION('',(1.387374085862E-31,-3.124088708055E-16,1.));
#11068 = ORIENTED_EDGE('',*,*,#11069,.F.);
#11069 = EDGE_CURVE('',#11070,#11062,#11072,.T.);
#11070 = VERTEX_POINT('',#11071);
#11071 = CARTESIAN_POINT('',(0.127,-12.81425,-3.3));
#11072 = LINE('',#11073,#11074);
#11073 = CARTESIAN_POINT('',(0.127,-12.81425,-3.3));
#11074 = VECTOR('',#11075,1.);
#11075 = DIRECTION('',(1.077074540829E-16,-0.242535625036,0.970142500145
    ));
#11076 = ORIENTED_EDGE('',*,*,#11077,.F.);
#11077 = EDGE_CURVE('',#11078,#11070,#11080,.T.);
#11078 = VERTEX_POINT('',#11079);
#11079 = CARTESIAN_POINT('',(0.127,-12.58575,-3.3));
#11080 = LINE('',#11081,#11082);
#11081 = CARTESIAN_POINT('',(0.127,-12.58575,-3.3));
#11082 = VECTOR('',#11083,1.);
#11083 = DIRECTION('',(4.440892098501E-16,-1.,0.));
#11084 = ORIENTED_EDGE('',*,*,#11085,.F.);
#11085 = EDGE_CURVE('',#11086,#11078,#11088,.T.);
#11086 = VERTEX_POINT('',#11087);
#11087 = CARTESIAN_POINT('',(0.127,-12.4715,-2.843));
#11088 = LINE('',#11089,#11090);
#11089 = CARTESIAN_POINT('',(0.127,-12.4715,-2.843));
#11090 = VECTOR('',#11091,1.);
#11091 = DIRECTION('',(1.077074540829E-16,-0.242535625036,
    -0.970142500145));
#11092 = ORIENTED_EDGE('',*,*,#11093,.F.);
#11093 = EDGE_CURVE('',#11094,#11086,#11096,.T.);
#11094 = VERTEX_POINT('',#11095);
#11095 = CARTESIAN_POINT('',(0.127,-12.4715,0.));
#11096 = LINE('',#11097,#11098);
#11097 = CARTESIAN_POINT('',(0.127,-12.4715,0.));
#11098 = VECTOR('',#11099,1.);
#11099 = DIRECTION('',(1.387374085862E-31,-3.124088708055E-16,-1.));
#11100 = ORIENTED_EDGE('',*,*,#11101,.F.);
#11101 = EDGE_CURVE('',#7556,#11094,#11102,.T.);
#11102 = LINE('',#11103,#11104);
#11103 = CARTESIAN_POINT('',(0.127,-11.938,0.));
#11104 = VECTOR('',#11105,1.);
#11105 = DIRECTION('',(4.440892098501E-16,-1.,0.));
#11106 = PLANE('',#11107);
#11107 = AXIS2_PLACEMENT_3D('',#11108,#11109,#11110);
#11108 = CARTESIAN_POINT('',(0.127,-11.938,2.157));
#11109 = DIRECTION('',(1.,4.440892098501E-16,0.));
#11110 = DIRECTION('',(0.,0.,-1.));
#11111 = ADVANCED_FACE('',(#11112),#11120,.T.);
#11112 = FACE_BOUND('',#11113,.T.);
#11113 = EDGE_LOOP('',(#11114,#11115,#11116,#11117,#11118,#11119));
#11114 = ORIENTED_EDGE('',*,*,#7421,.F.);
#11115 = ORIENTED_EDGE('',*,*,#9984,.F.);
#11116 = ORIENTED_EDGE('',*,*,#7758,.F.);
#11117 = ORIENTED_EDGE('',*,*,#7538,.F.);
#11118 = ORIENTED_EDGE('',*,*,#10946,.F.);
#11119 = ORIENTED_EDGE('',*,*,#7374,.F.);
#11120 = PLANE('',#11121);
#11121 = AXIS2_PLACEMENT_3D('',#11122,#11123,#11124);
#11122 = CARTESIAN_POINT('',(3.683,-13.462,2.157));
#11123 = DIRECTION('',(0.,0.,1.));
#11124 = DIRECTION('',(-4.440892098501E-16,1.,0.));
#11125 = ADVANCED_FACE('',(#11126),#11137,.T.);
#11126 = FACE_BOUND('',#11127,.T.);
#11127 = EDGE_LOOP('',(#11128,#11134,#11135,#11136));
#11128 = ORIENTED_EDGE('',*,*,#11129,.T.);
#11129 = EDGE_CURVE('',#10803,#10892,#11130,.T.);
#11130 = LINE('',#11131,#11132);
#11131 = CARTESIAN_POINT('',(-0.127,-5.3085,0.));
#11132 = VECTOR('',#11133,1.);
#11133 = DIRECTION('',(1.,4.440892098501E-16,0.));
#11134 = ORIENTED_EDGE('',*,*,#10891,.T.);
#11135 = ORIENTED_EDGE('',*,*,#7488,.F.);
#11136 = ORIENTED_EDGE('',*,*,#10802,.F.);
#11137 = PLANE('',#11138);
#11138 = AXIS2_PLACEMENT_3D('',#11139,#11140,#11141);
#11139 = CARTESIAN_POINT('',(-0.127,-5.3085,0.));
#11140 = DIRECTION('',(0.,0.,-1.));
#11141 = DIRECTION('',(4.440892098501E-16,-1.,0.));
#11142 = ADVANCED_FACE('',(#11143),#11154,.T.);
#11143 = FACE_BOUND('',#11144,.T.);
#11144 = EDGE_LOOP('',(#11145,#11146,#11147,#11153));
#11145 = ORIENTED_EDGE('',*,*,#7563,.T.);
#11146 = ORIENTED_EDGE('',*,*,#11101,.T.);
#11147 = ORIENTED_EDGE('',*,*,#11148,.F.);
#11148 = EDGE_CURVE('',#11012,#11094,#11149,.T.);
#11149 = LINE('',#11150,#11151);
#11150 = CARTESIAN_POINT('',(-0.127,-12.4715,0.));
#11151 = VECTOR('',#11152,1.);
#11152 = DIRECTION('',(1.,4.440892098501E-16,0.));
#11153 = ORIENTED_EDGE('',*,*,#11019,.F.);
#11154 = PLANE('',#11155);
#11155 = AXIS2_PLACEMENT_3D('',#11156,#11157,#11158);
#11156 = CARTESIAN_POINT('',(-0.127,-11.938,0.));
#11157 = DIRECTION('',(0.,0.,-1.));
#11158 = DIRECTION('',(4.440892098501E-16,-1.,0.));
#11159 = ADVANCED_FACE('',(#11160),#11173,.T.);
#11160 = FACE_BOUND('',#11161,.T.);
#11161 = EDGE_LOOP('',(#11162,#11163,#11164,#11165,#11166,#11172));
#11162 = ORIENTED_EDGE('',*,*,#7930,.F.);
#11163 = ORIENTED_EDGE('',*,*,#9970,.F.);
#11164 = ORIENTED_EDGE('',*,*,#7611,.F.);
#11165 = ORIENTED_EDGE('',*,*,#7644,.F.);
#11166 = ORIENTED_EDGE('',*,*,#11167,.F.);
#11167 = EDGE_CURVE('',#7781,#7634,#11168,.T.);
#11168 = LINE('',#11169,#11170);
#11169 = CARTESIAN_POINT('',(0.254,-8.382,2.157));
#11170 = VECTOR('',#11171,1.);
#11171 = DIRECTION('',(-4.440892098501E-16,1.,0.));
#11172 = ORIENTED_EDGE('',*,*,#7791,.F.);
#11173 = PLANE('',#11174);
#11174 = AXIS2_PLACEMENT_3D('',#11175,#11176,#11177);
#11175 = CARTESIAN_POINT('',(3.683,-8.382,2.157));
#11176 = DIRECTION('',(0.,0.,1.));
#11177 = DIRECTION('',(-4.440892098501E-16,1.,0.));
#11178 = ADVANCED_FACE('',(#11179),#11190,.T.);
#11179 = FACE_BOUND('',#11180,.T.);
#11180 = EDGE_LOOP('',(#11181,#11182,#11183,#11189));
#11181 = ORIENTED_EDGE('',*,*,#11167,.T.);
#11182 = ORIENTED_EDGE('',*,*,#7633,.T.);
#11183 = ORIENTED_EDGE('',*,*,#11184,.F.);
#11184 = EDGE_CURVE('',#7783,#7636,#11185,.T.);
#11185 = LINE('',#11186,#11187);
#11186 = CARTESIAN_POINT('',(-0.127,-8.382,1.776));
#11187 = VECTOR('',#11188,1.);
#11188 = DIRECTION('',(-4.440892098501E-16,1.,0.));
#11189 = ORIENTED_EDGE('',*,*,#7780,.F.);
#11190 = CYLINDRICAL_SURFACE('',#11191,0.381);
#11191 = AXIS2_PLACEMENT_3D('',#11192,#11193,#11194);
#11192 = CARTESIAN_POINT('',(0.254,-8.382,1.776));
#11193 = DIRECTION('',(-4.440892098501E-16,1.,0.));
#11194 = DIRECTION('',(0.,0.,1.));
#11195 = ADVANCED_FACE('',(#11196),#11255,.F.);
#11196 = FACE_BOUND('',#11197,.F.);
#11197 = EDGE_LOOP('',(#11198,#11199,#11200,#11201,#11209,#11217,#11225,
    #11233,#11241,#11249));
#11198 = ORIENTED_EDGE('',*,*,#7677,.F.);
#11199 = ORIENTED_EDGE('',*,*,#11184,.F.);
#11200 = ORIENTED_EDGE('',*,*,#7824,.F.);
#11201 = ORIENTED_EDGE('',*,*,#11202,.F.);
#11202 = EDGE_CURVE('',#11203,#7817,#11205,.T.);
#11203 = VERTEX_POINT('',#11204);
#11204 = CARTESIAN_POINT('',(-0.127,-7.8485,0.));
#11205 = LINE('',#11206,#11207);
#11206 = CARTESIAN_POINT('',(-0.127,-7.8485,0.));
#11207 = VECTOR('',#11208,1.);
#11208 = DIRECTION('',(4.440892098501E-16,-1.,0.));
#11209 = ORIENTED_EDGE('',*,*,#11210,.F.);
#11210 = EDGE_CURVE('',#11211,#11203,#11213,.T.);
#11211 = VERTEX_POINT('',#11212);
#11212 = CARTESIAN_POINT('',(-0.127,-7.8485,-2.843));
#11213 = LINE('',#11214,#11215);
#11214 = CARTESIAN_POINT('',(-0.127,-7.8485,-2.843));
#11215 = VECTOR('',#11216,1.);
#11216 = DIRECTION('',(1.387374085862E-31,-3.124088708055E-16,1.));
#11217 = ORIENTED_EDGE('',*,*,#11218,.F.);
#11218 = EDGE_CURVE('',#11219,#11211,#11221,.T.);
#11219 = VERTEX_POINT('',#11220);
#11220 = CARTESIAN_POINT('',(-0.127,-7.73425,-3.3));
#11221 = LINE('',#11222,#11223);
#11222 = CARTESIAN_POINT('',(-0.127,-7.73425,-3.3));
#11223 = VECTOR('',#11224,1.);
#11224 = DIRECTION('',(1.077074540829E-16,-0.242535625036,0.970142500145
    ));
#11225 = ORIENTED_EDGE('',*,*,#11226,.F.);
#11226 = EDGE_CURVE('',#11227,#11219,#11229,.T.);
#11227 = VERTEX_POINT('',#11228);
#11228 = CARTESIAN_POINT('',(-0.127,-7.50575,-3.3));
#11229 = LINE('',#11230,#11231);
#11230 = CARTESIAN_POINT('',(-0.127,-7.50575,-3.3));
#11231 = VECTOR('',#11232,1.);
#11232 = DIRECTION('',(4.440892098501E-16,-1.,0.));
#11233 = ORIENTED_EDGE('',*,*,#11234,.F.);
#11234 = EDGE_CURVE('',#11235,#11227,#11237,.T.);
#11235 = VERTEX_POINT('',#11236);
#11236 = CARTESIAN_POINT('',(-0.127,-7.3915,-2.843));
#11237 = LINE('',#11238,#11239);
#11238 = CARTESIAN_POINT('',(-0.127,-7.3915,-2.843));
#11239 = VECTOR('',#11240,1.);
#11240 = DIRECTION('',(1.077074540829E-16,-0.242535625036,
    -0.970142500145));
#11241 = ORIENTED_EDGE('',*,*,#11242,.F.);
#11242 = EDGE_CURVE('',#11243,#11235,#11245,.T.);
#11243 = VERTEX_POINT('',#11244);
#11244 = CARTESIAN_POINT('',(-0.127,-7.3915,0.));
#11245 = LINE('',#11246,#11247);
#11246 = CARTESIAN_POINT('',(-0.127,-7.3915,0.));
#11247 = VECTOR('',#11248,1.);
#11248 = DIRECTION('',(1.387374085862E-31,-3.124088708055E-16,-1.));
#11249 = ORIENTED_EDGE('',*,*,#11250,.F.);
#11250 = EDGE_CURVE('',#7670,#11243,#11251,.T.);
#11251 = LINE('',#11252,#11253);
#11252 = CARTESIAN_POINT('',(-0.127,-6.858,0.));
#11253 = VECTOR('',#11254,1.);
#11254 = DIRECTION('',(4.440892098501E-16,-1.,0.));
#11255 = PLANE('',#11256);
#11256 = AXIS2_PLACEMENT_3D('',#11257,#11258,#11259);
#11257 = CARTESIAN_POINT('',(-0.127,-6.858,2.157));
#11258 = DIRECTION('',(1.,4.440892098501E-16,0.));
#11259 = DIRECTION('',(0.,0.,-1.));
#11260 = ADVANCED_FACE('',(#11261),#11279,.T.);
#11261 = FACE_BOUND('',#11262,.T.);
#11262 = EDGE_LOOP('',(#11263,#11264,#11272,#11278));
#11263 = ORIENTED_EDGE('',*,*,#7669,.T.);
#11264 = ORIENTED_EDGE('',*,*,#11265,.T.);
#11265 = EDGE_CURVE('',#7662,#11266,#11268,.T.);
#11266 = VERTEX_POINT('',#11267);
#11267 = CARTESIAN_POINT('',(0.127,-7.3915,0.));
#11268 = LINE('',#11269,#11270);
#11269 = CARTESIAN_POINT('',(0.127,-6.858,0.));
#11270 = VECTOR('',#11271,1.);
#11271 = DIRECTION('',(4.440892098501E-16,-1.,0.));
#11272 = ORIENTED_EDGE('',*,*,#11273,.F.);
#11273 = EDGE_CURVE('',#11243,#11266,#11274,.T.);
#11274 = LINE('',#11275,#11276);
#11275 = CARTESIAN_POINT('',(-0.127,-7.3915,0.));
#11276 = VECTOR('',#11277,1.);
#11277 = DIRECTION('',(1.,4.440892098501E-16,0.));
#11278 = ORIENTED_EDGE('',*,*,#11250,.F.);
#11279 = PLANE('',#11280);
#11280 = AXIS2_PLACEMENT_3D('',#11281,#11282,#11283);
#11281 = CARTESIAN_POINT('',(-0.127,-6.858,0.));
#11282 = DIRECTION('',(0.,0.,-1.));
#11283 = DIRECTION('',(4.440892098501E-16,-1.,0.));
#11284 = ADVANCED_FACE('',(#11285),#11337,.T.);
#11285 = FACE_BOUND('',#11286,.T.);
#11286 = EDGE_LOOP('',(#11287,#11288,#11289,#11290,#11298,#11306,#11314,
    #11322,#11330,#11336));
#11287 = ORIENTED_EDGE('',*,*,#7661,.F.);
#11288 = ORIENTED_EDGE('',*,*,#7838,.T.);
#11289 = ORIENTED_EDGE('',*,*,#7808,.F.);
#11290 = ORIENTED_EDGE('',*,*,#11291,.F.);
#11291 = EDGE_CURVE('',#11292,#7809,#11294,.T.);
#11292 = VERTEX_POINT('',#11293);
#11293 = CARTESIAN_POINT('',(0.127,-7.8485,0.));
#11294 = LINE('',#11295,#11296);
#11295 = CARTESIAN_POINT('',(0.127,-7.8485,0.));
#11296 = VECTOR('',#11297,1.);
#11297 = DIRECTION('',(4.440892098501E-16,-1.,0.));
#11298 = ORIENTED_EDGE('',*,*,#11299,.F.);
#11299 = EDGE_CURVE('',#11300,#11292,#11302,.T.);
#11300 = VERTEX_POINT('',#11301);
#11301 = CARTESIAN_POINT('',(0.127,-7.8485,-2.843));
#11302 = LINE('',#11303,#11304);
#11303 = CARTESIAN_POINT('',(0.127,-7.8485,-2.843));
#11304 = VECTOR('',#11305,1.);
#11305 = DIRECTION('',(1.387374085862E-31,-3.124088708055E-16,1.));
#11306 = ORIENTED_EDGE('',*,*,#11307,.F.);
#11307 = EDGE_CURVE('',#11308,#11300,#11310,.T.);
#11308 = VERTEX_POINT('',#11309);
#11309 = CARTESIAN_POINT('',(0.127,-7.73425,-3.3));
#11310 = LINE('',#11311,#11312);
#11311 = CARTESIAN_POINT('',(0.127,-7.73425,-3.3));
#11312 = VECTOR('',#11313,1.);
#11313 = DIRECTION('',(1.077074540829E-16,-0.242535625036,0.970142500145
    ));
#11314 = ORIENTED_EDGE('',*,*,#11315,.F.);
#11315 = EDGE_CURVE('',#11316,#11308,#11318,.T.);
#11316 = VERTEX_POINT('',#11317);
#11317 = CARTESIAN_POINT('',(0.127,-7.50575,-3.3));
#11318 = LINE('',#11319,#11320);
#11319 = CARTESIAN_POINT('',(0.127,-7.50575,-3.3));
#11320 = VECTOR('',#11321,1.);
#11321 = DIRECTION('',(4.440892098501E-16,-1.,0.));
#11322 = ORIENTED_EDGE('',*,*,#11323,.F.);
#11323 = EDGE_CURVE('',#11324,#11316,#11326,.T.);
#11324 = VERTEX_POINT('',#11325);
#11325 = CARTESIAN_POINT('',(0.127,-7.3915,-2.843));
#11326 = LINE('',#11327,#11328);
#11327 = CARTESIAN_POINT('',(0.127,-7.3915,-2.843));
#11328 = VECTOR('',#11329,1.);
#11329 = DIRECTION('',(1.077074540829E-16,-0.242535625036,
    -0.970142500145));
#11330 = ORIENTED_EDGE('',*,*,#11331,.F.);
#11331 = EDGE_CURVE('',#11266,#11324,#11332,.T.);
#11332 = LINE('',#11333,#11334);
#11333 = CARTESIAN_POINT('',(0.127,-7.3915,0.));
#11334 = VECTOR('',#11335,1.);
#11335 = DIRECTION('',(1.387374085862E-31,-3.124088708055E-16,-1.));
#11336 = ORIENTED_EDGE('',*,*,#11265,.F.);
#11337 = PLANE('',#11338);
#11338 = AXIS2_PLACEMENT_3D('',#11339,#11340,#11341);
#11339 = CARTESIAN_POINT('',(0.127,-6.858,2.157));
#11340 = DIRECTION('',(1.,4.440892098501E-16,0.));
#11341 = DIRECTION('',(0.,0.,-1.));
#11342 = ADVANCED_FACE('',(#11343),#11359,.T.);
#11343 = FACE_BOUND('',#11344,.T.);
#11344 = EDGE_LOOP('',(#11345,#11351,#11352,#11358));
#11345 = ORIENTED_EDGE('',*,*,#11346,.T.);
#11346 = EDGE_CURVE('',#7692,#7856,#11347,.T.);
#11347 = LINE('',#11348,#11349);
#11348 = CARTESIAN_POINT('',(0.254,-10.922,2.157));
#11349 = VECTOR('',#11350,1.);
#11350 = DIRECTION('',(-4.440892098501E-16,1.,0.));
#11351 = ORIENTED_EDGE('',*,*,#7855,.T.);
#11352 = ORIENTED_EDGE('',*,*,#11353,.F.);
#11353 = EDGE_CURVE('',#7694,#7858,#11354,.T.);
#11354 = LINE('',#11355,#11356);
#11355 = CARTESIAN_POINT('',(-0.127,-10.922,1.776));
#11356 = VECTOR('',#11357,1.);
#11357 = DIRECTION('',(-4.440892098501E-16,1.,0.));
#11358 = ORIENTED_EDGE('',*,*,#7691,.F.);
#11359 = CYLINDRICAL_SURFACE('',#11360,0.381);
#11360 = AXIS2_PLACEMENT_3D('',#11361,#11362,#11363);
#11361 = CARTESIAN_POINT('',(0.254,-10.922,1.776));
#11362 = DIRECTION('',(-4.440892098501E-16,1.,0.));
#11363 = DIRECTION('',(0.,0.,1.));
#11364 = ADVANCED_FACE('',(#11365),#11424,.F.);
#11365 = FACE_BOUND('',#11366,.F.);
#11366 = EDGE_LOOP('',(#11367,#11368,#11369,#11370,#11378,#11386,#11394,
    #11402,#11410,#11418));
#11367 = ORIENTED_EDGE('',*,*,#7899,.F.);
#11368 = ORIENTED_EDGE('',*,*,#11353,.F.);
#11369 = ORIENTED_EDGE('',*,*,#7735,.F.);
#11370 = ORIENTED_EDGE('',*,*,#11371,.F.);
#11371 = EDGE_CURVE('',#11372,#7728,#11374,.T.);
#11372 = VERTEX_POINT('',#11373);
#11373 = CARTESIAN_POINT('',(-0.127,-10.3885,0.));
#11374 = LINE('',#11375,#11376);
#11375 = CARTESIAN_POINT('',(-0.127,-10.3885,0.));
#11376 = VECTOR('',#11377,1.);
#11377 = DIRECTION('',(4.440892098501E-16,-1.,0.));
#11378 = ORIENTED_EDGE('',*,*,#11379,.F.);
#11379 = EDGE_CURVE('',#11380,#11372,#11382,.T.);
#11380 = VERTEX_POINT('',#11381);
#11381 = CARTESIAN_POINT('',(-0.127,-10.3885,-2.843));
#11382 = LINE('',#11383,#11384);
#11383 = CARTESIAN_POINT('',(-0.127,-10.3885,-2.843));
#11384 = VECTOR('',#11385,1.);
#11385 = DIRECTION('',(1.387374085862E-31,-3.124088708055E-16,1.));
#11386 = ORIENTED_EDGE('',*,*,#11387,.F.);
#11387 = EDGE_CURVE('',#11388,#11380,#11390,.T.);
#11388 = VERTEX_POINT('',#11389);
#11389 = CARTESIAN_POINT('',(-0.127,-10.27425,-3.3));
#11390 = LINE('',#11391,#11392);
#11391 = CARTESIAN_POINT('',(-0.127,-10.27425,-3.3));
#11392 = VECTOR('',#11393,1.);
#11393 = DIRECTION('',(1.077074540829E-16,-0.242535625036,0.970142500145
    ));
#11394 = ORIENTED_EDGE('',*,*,#11395,.F.);
#11395 = EDGE_CURVE('',#11396,#11388,#11398,.T.);
#11396 = VERTEX_POINT('',#11397);
#11397 = CARTESIAN_POINT('',(-0.127,-10.04575,-3.3));
#11398 = LINE('',#11399,#11400);
#11399 = CARTESIAN_POINT('',(-0.127,-10.04575,-3.3));
#11400 = VECTOR('',#11401,1.);
#11401 = DIRECTION('',(4.440892098501E-16,-1.,0.));
#11402 = ORIENTED_EDGE('',*,*,#11403,.F.);
#11403 = EDGE_CURVE('',#11404,#11396,#11406,.T.);
#11404 = VERTEX_POINT('',#11405);
#11405 = CARTESIAN_POINT('',(-0.127,-9.9315,-2.843));
#11406 = LINE('',#11407,#11408);
#11407 = CARTESIAN_POINT('',(-0.127,-9.9315,-2.843));
#11408 = VECTOR('',#11409,1.);
#11409 = DIRECTION('',(1.077074540829E-16,-0.242535625036,
    -0.970142500145));
#11410 = ORIENTED_EDGE('',*,*,#11411,.F.);
#11411 = EDGE_CURVE('',#11412,#11404,#11414,.T.);
#11412 = VERTEX_POINT('',#11413);
#11413 = CARTESIAN_POINT('',(-0.127,-9.9315,0.));
#11414 = LINE('',#11415,#11416);
#11415 = CARTESIAN_POINT('',(-0.127,-9.9315,0.));
#11416 = VECTOR('',#11417,1.);
#11417 = DIRECTION('',(1.387374085862E-31,-3.124088708055E-16,-1.));
#11418 = ORIENTED_EDGE('',*,*,#11419,.F.);
#11419 = EDGE_CURVE('',#7892,#11412,#11420,.T.);
#11420 = LINE('',#11421,#11422);
#11421 = CARTESIAN_POINT('',(-0.127,-9.398,0.));
#11422 = VECTOR('',#11423,1.);
#11423 = DIRECTION('',(4.440892098501E-16,-1.,0.));
#11424 = PLANE('',#11425);
#11425 = AXIS2_PLACEMENT_3D('',#11426,#11427,#11428);
#11426 = CARTESIAN_POINT('',(-0.127,-9.398,2.157));
#11427 = DIRECTION('',(1.,4.440892098501E-16,0.));
#11428 = DIRECTION('',(0.,0.,-1.));
#11429 = ADVANCED_FACE('',(#11430),#11448,.T.);
#11430 = FACE_BOUND('',#11431,.T.);
#11431 = EDGE_LOOP('',(#11432,#11440,#11446,#11447));
#11432 = ORIENTED_EDGE('',*,*,#11433,.T.);
#11433 = EDGE_CURVE('',#11372,#11434,#11436,.T.);
#11434 = VERTEX_POINT('',#11435);
#11435 = CARTESIAN_POINT('',(0.127,-10.3885,0.));
#11436 = LINE('',#11437,#11438);
#11437 = CARTESIAN_POINT('',(-0.127,-10.3885,0.));
#11438 = VECTOR('',#11439,1.);
#11439 = DIRECTION('',(1.,4.440892098501E-16,0.));
#11440 = ORIENTED_EDGE('',*,*,#11441,.T.);
#11441 = EDGE_CURVE('',#11434,#7720,#11442,.T.);
#11442 = LINE('',#11443,#11444);
#11443 = CARTESIAN_POINT('',(0.127,-10.3885,0.));
#11444 = VECTOR('',#11445,1.);
#11445 = DIRECTION('',(4.440892098501E-16,-1.,0.));
#11446 = ORIENTED_EDGE('',*,*,#7727,.F.);
#11447 = ORIENTED_EDGE('',*,*,#11371,.F.);
#11448 = PLANE('',#11449);
#11449 = AXIS2_PLACEMENT_3D('',#11450,#11451,#11452);
#11450 = CARTESIAN_POINT('',(-0.127,-10.3885,0.));
#11451 = DIRECTION('',(0.,0.,-1.));
#11452 = DIRECTION('',(4.440892098501E-16,-1.,0.));
#11453 = ADVANCED_FACE('',(#11454),#11506,.T.);
#11454 = FACE_BOUND('',#11455,.T.);
#11455 = EDGE_LOOP('',(#11456,#11457,#11458,#11459,#11460,#11468,#11476,
    #11484,#11492,#11500));
#11456 = ORIENTED_EDGE('',*,*,#7883,.F.);
#11457 = ORIENTED_EDGE('',*,*,#7913,.T.);
#11458 = ORIENTED_EDGE('',*,*,#7719,.F.);
#11459 = ORIENTED_EDGE('',*,*,#11441,.F.);
#11460 = ORIENTED_EDGE('',*,*,#11461,.F.);
#11461 = EDGE_CURVE('',#11462,#11434,#11464,.T.);
#11462 = VERTEX_POINT('',#11463);
#11463 = CARTESIAN_POINT('',(0.127,-10.3885,-2.843));
#11464 = LINE('',#11465,#11466);
#11465 = CARTESIAN_POINT('',(0.127,-10.3885,-2.843));
#11466 = VECTOR('',#11467,1.);
#11467 = DIRECTION('',(1.387374085862E-31,-3.124088708055E-16,1.));
#11468 = ORIENTED_EDGE('',*,*,#11469,.F.);
#11469 = EDGE_CURVE('',#11470,#11462,#11472,.T.);
#11470 = VERTEX_POINT('',#11471);
#11471 = CARTESIAN_POINT('',(0.127,-10.27425,-3.3));
#11472 = LINE('',#11473,#11474);
#11473 = CARTESIAN_POINT('',(0.127,-10.27425,-3.3));
#11474 = VECTOR('',#11475,1.);
#11475 = DIRECTION('',(1.077074540829E-16,-0.242535625036,0.970142500145
    ));
#11476 = ORIENTED_EDGE('',*,*,#11477,.F.);
#11477 = EDGE_CURVE('',#11478,#11470,#11480,.T.);
#11478 = VERTEX_POINT('',#11479);
#11479 = CARTESIAN_POINT('',(0.127,-10.04575,-3.3));
#11480 = LINE('',#11481,#11482);
#11481 = CARTESIAN_POINT('',(0.127,-10.04575,-3.3));
#11482 = VECTOR('',#11483,1.);
#11483 = DIRECTION('',(4.440892098501E-16,-1.,0.));
#11484 = ORIENTED_EDGE('',*,*,#11485,.F.);
#11485 = EDGE_CURVE('',#11486,#11478,#11488,.T.);
#11486 = VERTEX_POINT('',#11487);
#11487 = CARTESIAN_POINT('',(0.127,-9.9315,-2.843));
#11488 = LINE('',#11489,#11490);
#11489 = CARTESIAN_POINT('',(0.127,-9.9315,-2.843));
#11490 = VECTOR('',#11491,1.);
#11491 = DIRECTION('',(1.077074540829E-16,-0.242535625036,
    -0.970142500145));
#11492 = ORIENTED_EDGE('',*,*,#11493,.F.);
#11493 = EDGE_CURVE('',#11494,#11486,#11496,.T.);
#11494 = VERTEX_POINT('',#11495);
#11495 = CARTESIAN_POINT('',(0.127,-9.9315,0.));
#11496 = LINE('',#11497,#11498);
#11497 = CARTESIAN_POINT('',(0.127,-9.9315,0.));
#11498 = VECTOR('',#11499,1.);
#11499 = DIRECTION('',(1.387374085862E-31,-3.124088708055E-16,-1.));
#11500 = ORIENTED_EDGE('',*,*,#11501,.F.);
#11501 = EDGE_CURVE('',#7884,#11494,#11502,.T.);
#11502 = LINE('',#11503,#11504);
#11503 = CARTESIAN_POINT('',(0.127,-9.398,0.));
#11504 = VECTOR('',#11505,1.);
#11505 = DIRECTION('',(4.440892098501E-16,-1.,0.));
#11506 = PLANE('',#11507);
#11507 = AXIS2_PLACEMENT_3D('',#11508,#11509,#11510);
#11508 = CARTESIAN_POINT('',(0.127,-9.398,2.157));
#11509 = DIRECTION('',(1.,4.440892098501E-16,0.));
#11510 = DIRECTION('',(0.,0.,-1.));
#11511 = ADVANCED_FACE('',(#11512),#11520,.T.);
#11512 = FACE_BOUND('',#11513,.T.);
#11513 = EDGE_LOOP('',(#11514,#11515,#11516,#11517,#11518,#11519));
#11514 = ORIENTED_EDGE('',*,*,#7749,.F.);
#11515 = ORIENTED_EDGE('',*,*,#9977,.F.);
#11516 = ORIENTED_EDGE('',*,*,#7939,.F.);
#11517 = ORIENTED_EDGE('',*,*,#7866,.F.);
#11518 = ORIENTED_EDGE('',*,*,#11346,.F.);
#11519 = ORIENTED_EDGE('',*,*,#7702,.F.);
#11520 = PLANE('',#11521);
#11521 = AXIS2_PLACEMENT_3D('',#11522,#11523,#11524);
#11522 = CARTESIAN_POINT('',(3.683,-10.922,2.157));
#11523 = DIRECTION('',(0.,0.,1.));
#11524 = DIRECTION('',(-4.440892098501E-16,1.,0.));
#11525 = ADVANCED_FACE('',(#11526),#11537,.T.);
#11526 = FACE_BOUND('',#11527,.T.);
#11527 = EDGE_LOOP('',(#11528,#11534,#11535,#11536));
#11528 = ORIENTED_EDGE('',*,*,#11529,.T.);
#11529 = EDGE_CURVE('',#11203,#11292,#11530,.T.);
#11530 = LINE('',#11531,#11532);
#11531 = CARTESIAN_POINT('',(-0.127,-7.8485,0.));
#11532 = VECTOR('',#11533,1.);
#11533 = DIRECTION('',(1.,4.440892098501E-16,0.));
#11534 = ORIENTED_EDGE('',*,*,#11291,.T.);
#11535 = ORIENTED_EDGE('',*,*,#7816,.F.);
#11536 = ORIENTED_EDGE('',*,*,#11202,.F.);
#11537 = PLANE('',#11538);
#11538 = AXIS2_PLACEMENT_3D('',#11539,#11540,#11541);
#11539 = CARTESIAN_POINT('',(-0.127,-7.8485,0.));
#11540 = DIRECTION('',(0.,0.,-1.));
#11541 = DIRECTION('',(4.440892098501E-16,-1.,0.));
#11542 = ADVANCED_FACE('',(#11543),#11554,.T.);
#11543 = FACE_BOUND('',#11544,.T.);
#11544 = EDGE_LOOP('',(#11545,#11546,#11547,#11553));
#11545 = ORIENTED_EDGE('',*,*,#7891,.T.);
#11546 = ORIENTED_EDGE('',*,*,#11501,.T.);
#11547 = ORIENTED_EDGE('',*,*,#11548,.F.);
#11548 = EDGE_CURVE('',#11412,#11494,#11549,.T.);
#11549 = LINE('',#11550,#11551);
#11550 = CARTESIAN_POINT('',(-0.127,-9.9315,0.));
#11551 = VECTOR('',#11552,1.);
#11552 = DIRECTION('',(1.,4.440892098501E-16,0.));
#11553 = ORIENTED_EDGE('',*,*,#11419,.F.);
#11554 = PLANE('',#11555);
#11555 = AXIS2_PLACEMENT_3D('',#11556,#11557,#11558);
#11556 = CARTESIAN_POINT('',(-0.127,-9.398,0.));
#11557 = DIRECTION('',(0.,0.,-1.));
#11558 = DIRECTION('',(4.440892098501E-16,-1.,0.));
#11559 = ADVANCED_FACE('',(#11560),#11571,.T.);
#11560 = FACE_BOUND('',#11561,.T.);
#11561 = EDGE_LOOP('',(#11562,#11563,#11564,#11570));
#11562 = ORIENTED_EDGE('',*,*,#7963,.T.);
#11563 = ORIENTED_EDGE('',*,*,#8050,.T.);
#11564 = ORIENTED_EDGE('',*,*,#11565,.F.);
#11565 = EDGE_CURVE('',#10006,#8043,#11566,.T.);
#11566 = LINE('',#11567,#11568);
#11567 = CARTESIAN_POINT('',(1.033723643423,-18.07977635657,3.68));
#11568 = VECTOR('',#11569,1.);
#11569 = DIRECTION('',(1.,4.440892098501E-16,0.));
#11570 = ORIENTED_EDGE('',*,*,#10005,.F.);
#11571 = B_SPLINE_SURFACE_WITH_KNOTS('',1,1,(
    (#11572,#11573)
    ,(#11574,#11575
    )),.UNSPECIFIED.,.F.,.F.,.F.,(2,2),(2,2),(0.,6.2),(0.,1.),
  .PIECEWISE_BEZIER_KNOTS.);
#11572 = CARTESIAN_POINT('',(0.71,-18.4035,2.157));
#11573 = CARTESIAN_POINT('',(1.033723643423,-18.07977635657,3.68));
#11574 = CARTESIAN_POINT('',(6.91,-18.4035,2.157));
#11575 = CARTESIAN_POINT('',(6.586276356577,-18.07977635657,3.68));
#11576 = ADVANCED_FACE('',(#11577),#11600,.F.);
#11577 = FACE_BOUND('',#11578,.F.);
#11578 = EDGE_LOOP('',(#11579,#11580,#11581,#11582,#11583,#11592,#11599)
  );
#11579 = ORIENTED_EDGE('',*,*,#8042,.F.);
#11580 = ORIENTED_EDGE('',*,*,#11565,.F.);
#11581 = ORIENTED_EDGE('',*,*,#10012,.F.);
#11582 = ORIENTED_EDGE('',*,*,#9608,.F.);
#11583 = ORIENTED_EDGE('',*,*,#11584,.F.);
#11584 = EDGE_CURVE('',#11585,#9609,#11587,.T.);
#11585 = VERTEX_POINT('',#11586);
#11586 = CARTESIAN_POINT('',(3.81,-0.375223643423,3.68));
#11587 = CIRCLE('',#11588,0.75);
#11588 = AXIS2_PLACEMENT_3D('',#11589,#11590,#11591);
#11589 = CARTESIAN_POINT('',(3.81,0.374776356577,3.68));
#11590 = DIRECTION('',(0.,-0.,-1.));
#11591 = DIRECTION('',(4.440892098501E-16,-1.,0.));
#11592 = ORIENTED_EDGE('',*,*,#11593,.F.);
#11593 = EDGE_CURVE('',#9829,#11585,#11594,.T.);
#11594 = CIRCLE('',#11595,0.75);
#11595 = AXIS2_PLACEMENT_3D('',#11596,#11597,#11598);
#11596 = CARTESIAN_POINT('',(3.81,0.374776356577,3.68));
#11597 = DIRECTION('',(0.,-0.,-1.));
#11598 = DIRECTION('',(4.440892098501E-16,-1.,0.));
#11599 = ORIENTED_EDGE('',*,*,#9934,.F.);
#11600 = PLANE('',#11601);
#11601 = AXIS2_PLACEMENT_3D('',#11602,#11603,#11604);
#11602 = CARTESIAN_POINT('',(6.586276356577,-18.07977635657,3.68));
#11603 = DIRECTION('',(-0.,0.,-1.));
#11604 = DIRECTION('',(-0.289195924676,0.957269929096,0.));
#11605 = ADVANCED_FACE('',(#11606),#11617,.T.);
#11606 = FACE_BOUND('',#11607,.T.);
#11607 = EDGE_LOOP('',(#11608,#11609,#11610,#11616));
#11608 = ORIENTED_EDGE('',*,*,#8133,.T.);
#11609 = ORIENTED_EDGE('',*,*,#8109,.T.);
#11610 = ORIENTED_EDGE('',*,*,#11611,.F.);
#11611 = EDGE_CURVE('',#8180,#8102,#11612,.T.);
#11612 = LINE('',#11613,#11614);
#11613 = CARTESIAN_POINT('',(7.747,-17.66575,-3.3));
#11614 = VECTOR('',#11615,1.);
#11615 = DIRECTION('',(-1.,-3.216245299353E-16,0.));
#11616 = ORIENTED_EDGE('',*,*,#8187,.F.);
#11617 = PLANE('',#11618);
#11618 = AXIS2_PLACEMENT_3D('',#11619,#11620,#11621);
#11619 = CARTESIAN_POINT('',(7.747,-17.89425,-3.3));
#11620 = DIRECTION('',(-0.,0.,-1.));
#11621 = DIRECTION('',(-3.216245299353E-16,1.,0.));
#11622 = ADVANCED_FACE('',(#11623),#11634,.T.);
#11623 = FACE_BOUND('',#11624,.T.);
#11624 = EDGE_LOOP('',(#11625,#11626,#11627,#11633));
#11625 = ORIENTED_EDGE('',*,*,#11611,.T.);
#11626 = ORIENTED_EDGE('',*,*,#8101,.T.);
#11627 = ORIENTED_EDGE('',*,*,#11628,.F.);
#11628 = EDGE_CURVE('',#8172,#8094,#11629,.T.);
#11629 = LINE('',#11630,#11631);
#11630 = CARTESIAN_POINT('',(7.747,-17.5515,-2.843));
#11631 = VECTOR('',#11632,1.);
#11632 = DIRECTION('',(-1.,-3.216245299353E-16,0.));
#11633 = ORIENTED_EDGE('',*,*,#8179,.F.);
#11634 = PLANE('',#11635);
#11635 = AXIS2_PLACEMENT_3D('',#11636,#11637,#11638);
#11636 = CARTESIAN_POINT('',(7.747,-17.66575,-3.3));
#11637 = DIRECTION('',(-3.120216255796E-16,0.970142500145,
    -0.242535625036));
#11638 = DIRECTION('',(-7.800540639491E-17,0.242535625036,0.970142500145
    ));
#11639 = ADVANCED_FACE('',(#11640),#11646,.T.);
#11640 = FACE_BOUND('',#11641,.T.);
#11641 = EDGE_LOOP('',(#11642,#11643,#11644,#11645));
#11642 = ORIENTED_EDGE('',*,*,#11628,.T.);
#11643 = ORIENTED_EDGE('',*,*,#8093,.T.);
#11644 = ORIENTED_EDGE('',*,*,#8365,.F.);
#11645 = ORIENTED_EDGE('',*,*,#8171,.F.);
#11646 = PLANE('',#11647);
#11647 = AXIS2_PLACEMENT_3D('',#11648,#11649,#11650);
#11648 = CARTESIAN_POINT('',(7.747,-17.5515,-2.843));
#11649 = DIRECTION('',(-3.216245299353E-16,1.,-6.248177416111E-16));
#11650 = DIRECTION('',(-2.009567124409E-31,6.248177416111E-16,1.));
#11651 = ADVANCED_FACE('',(#11652),#11663,.F.);
#11652 = FACE_BOUND('',#11653,.F.);
#11653 = EDGE_LOOP('',(#11654,#11655,#11656,#11662));
#11654 = ORIENTED_EDGE('',*,*,#8308,.T.);
#11655 = ORIENTED_EDGE('',*,*,#8350,.T.);
#11656 = ORIENTED_EDGE('',*,*,#11657,.F.);
#11657 = EDGE_CURVE('',#8270,#8343,#11658,.T.);
#11658 = LINE('',#11659,#11660);
#11659 = CARTESIAN_POINT('',(7.747,-0.11425,-3.3));
#11660 = VECTOR('',#11661,1.);
#11661 = DIRECTION('',(-1.,-3.216245299353E-16,0.));
#11662 = ORIENTED_EDGE('',*,*,#8277,.F.);
#11663 = PLANE('',#11664);
#11664 = AXIS2_PLACEMENT_3D('',#11665,#11666,#11667);
#11665 = CARTESIAN_POINT('',(7.747,0.11425,-3.3));
#11666 = DIRECTION('',(0.,0.,1.));
#11667 = DIRECTION('',(3.216245299353E-16,-1.,0.));
#11668 = ADVANCED_FACE('',(#11669),#11680,.F.);
#11669 = FACE_BOUND('',#11670,.F.);
#11670 = EDGE_LOOP('',(#11671,#11672,#11673,#11679));
#11671 = ORIENTED_EDGE('',*,*,#11657,.T.);
#11672 = ORIENTED_EDGE('',*,*,#8342,.T.);
#11673 = ORIENTED_EDGE('',*,*,#11674,.F.);
#11674 = EDGE_CURVE('',#8262,#8335,#11675,.T.);
#11675 = LINE('',#11676,#11677);
#11676 = CARTESIAN_POINT('',(7.747,-0.2285,-2.843));
#11677 = VECTOR('',#11678,1.);
#11678 = DIRECTION('',(-1.,-3.216245299353E-16,0.));
#11679 = ORIENTED_EDGE('',*,*,#8269,.F.);
#11680 = PLANE('',#11681);
#11681 = AXIS2_PLACEMENT_3D('',#11682,#11683,#11684);
#11682 = CARTESIAN_POINT('',(7.747,-0.11425,-3.3));
#11683 = DIRECTION('',(-3.120216255796E-16,0.970142500145,0.242535625036
    ));
#11684 = DIRECTION('',(7.800540639491E-17,-0.242535625036,0.970142500145
    ));
#11685 = ADVANCED_FACE('',(#11686),#11692,.F.);
#11686 = FACE_BOUND('',#11687,.F.);
#11687 = EDGE_LOOP('',(#11688,#11689,#11690,#11691));
#11688 = ORIENTED_EDGE('',*,*,#11674,.T.);
#11689 = ORIENTED_EDGE('',*,*,#8334,.T.);
#11690 = ORIENTED_EDGE('',*,*,#8382,.F.);
#11691 = ORIENTED_EDGE('',*,*,#8261,.F.);
#11692 = PLANE('',#11693);
#11693 = AXIS2_PLACEMENT_3D('',#11694,#11695,#11696);
#11694 = CARTESIAN_POINT('',(7.747,-0.2285,-2.843));
#11695 = DIRECTION('',(-3.216245299353E-16,1.,6.248177416111E-16));
#11696 = DIRECTION('',(2.009567124409E-31,-6.248177416111E-16,1.));
#11697 = ADVANCED_FACE('',(#11698),#11709,.T.);
#11698 = FACE_BOUND('',#11699,.T.);
#11699 = EDGE_LOOP('',(#11700,#11701,#11702,#11708));
#11700 = ORIENTED_EDGE('',*,*,#8485,.T.);
#11701 = ORIENTED_EDGE('',*,*,#8461,.T.);
#11702 = ORIENTED_EDGE('',*,*,#11703,.F.);
#11703 = EDGE_CURVE('',#8548,#8454,#11704,.T.);
#11704 = LINE('',#11705,#11706);
#11705 = CARTESIAN_POINT('',(7.747,-15.4685,-2.843));
#11706 = VECTOR('',#11707,1.);
#11707 = DIRECTION('',(-1.,-3.216245299353E-16,0.));
#11708 = ORIENTED_EDGE('',*,*,#8555,.F.);
#11709 = PLANE('',#11710);
#11710 = AXIS2_PLACEMENT_3D('',#11711,#11712,#11713);
#11711 = CARTESIAN_POINT('',(7.747,-15.4685,0.));
#11712 = DIRECTION('',(3.216245299353E-16,-1.,-3.124088708055E-16));
#11713 = DIRECTION('',(-1.004783562205E-31,3.124088708055E-16,-1.));
#11714 = ADVANCED_FACE('',(#11715),#11726,.T.);
#11715 = FACE_BOUND('',#11716,.T.);
#11716 = EDGE_LOOP('',(#11717,#11718,#11719,#11725));
#11717 = ORIENTED_EDGE('',*,*,#11703,.T.);
#11718 = ORIENTED_EDGE('',*,*,#8453,.T.);
#11719 = ORIENTED_EDGE('',*,*,#11720,.F.);
#11720 = EDGE_CURVE('',#8540,#8446,#11721,.T.);
#11721 = LINE('',#11722,#11723);
#11722 = CARTESIAN_POINT('',(7.747,-15.35425,-3.3));
#11723 = VECTOR('',#11724,1.);
#11724 = DIRECTION('',(-1.,-3.216245299353E-16,0.));
#11725 = ORIENTED_EDGE('',*,*,#8547,.F.);
#11726 = PLANE('',#11727);
#11727 = AXIS2_PLACEMENT_3D('',#11728,#11729,#11730);
#11728 = CARTESIAN_POINT('',(7.747,-15.4685,-2.843));
#11729 = DIRECTION('',(3.120216255796E-16,-0.970142500145,
    -0.242535625036));
#11730 = DIRECTION('',(-7.800540639491E-17,0.242535625036,
    -0.970142500145));
#11731 = ADVANCED_FACE('',(#11732),#11743,.T.);
#11732 = FACE_BOUND('',#11733,.T.);
#11733 = EDGE_LOOP('',(#11734,#11740,#11741,#11742));
#11734 = ORIENTED_EDGE('',*,*,#11735,.T.);
#11735 = EDGE_CURVE('',#8524,#8430,#11736,.T.);
#11736 = LINE('',#11737,#11738);
#11737 = CARTESIAN_POINT('',(7.747,-15.0115,-2.843));
#11738 = VECTOR('',#11739,1.);
#11739 = DIRECTION('',(-1.,-3.216245299353E-16,0.));
#11740 = ORIENTED_EDGE('',*,*,#8429,.T.);
#11741 = ORIENTED_EDGE('',*,*,#8765,.F.);
#11742 = ORIENTED_EDGE('',*,*,#8523,.F.);
#11743 = PLANE('',#11744);
#11744 = AXIS2_PLACEMENT_3D('',#11745,#11746,#11747);
#11745 = CARTESIAN_POINT('',(7.747,-15.0115,-2.843));
#11746 = DIRECTION('',(-3.216245299353E-16,1.,-3.124088708055E-16));
#11747 = DIRECTION('',(-1.004783562205E-31,3.124088708055E-16,1.));
#11748 = ADVANCED_FACE('',(#11749),#11760,.T.);
#11749 = FACE_BOUND('',#11750,.T.);
#11750 = EDGE_LOOP('',(#11751,#11752,#11753,#11759));
#11751 = ORIENTED_EDGE('',*,*,#11720,.T.);
#11752 = ORIENTED_EDGE('',*,*,#8445,.T.);
#11753 = ORIENTED_EDGE('',*,*,#11754,.F.);
#11754 = EDGE_CURVE('',#8532,#8438,#11755,.T.);
#11755 = LINE('',#11756,#11757);
#11756 = CARTESIAN_POINT('',(7.747,-15.12575,-3.3));
#11757 = VECTOR('',#11758,1.);
#11758 = DIRECTION('',(-1.,-3.216245299353E-16,0.));
#11759 = ORIENTED_EDGE('',*,*,#8539,.F.);
#11760 = PLANE('',#11761);
#11761 = AXIS2_PLACEMENT_3D('',#11762,#11763,#11764);
#11762 = CARTESIAN_POINT('',(7.747,-15.35425,-3.3));
#11763 = DIRECTION('',(-0.,0.,-1.));
#11764 = DIRECTION('',(-3.216245299353E-16,1.,0.));
#11765 = ADVANCED_FACE('',(#11766),#11772,.T.);
#11766 = FACE_BOUND('',#11767,.T.);
#11767 = EDGE_LOOP('',(#11768,#11769,#11770,#11771));
#11768 = ORIENTED_EDGE('',*,*,#11754,.T.);
#11769 = ORIENTED_EDGE('',*,*,#8437,.T.);
#11770 = ORIENTED_EDGE('',*,*,#11735,.F.);
#11771 = ORIENTED_EDGE('',*,*,#8531,.F.);
#11772 = PLANE('',#11773);
#11773 = AXIS2_PLACEMENT_3D('',#11774,#11775,#11776);
#11774 = CARTESIAN_POINT('',(7.747,-15.12575,-3.3));
#11775 = DIRECTION('',(-3.120216255796E-16,0.970142500145,
    -0.242535625036));
#11776 = DIRECTION('',(-7.800540639491E-17,0.242535625036,0.970142500145
    ));
#11777 = ADVANCED_FACE('',(#11778),#11789,.T.);
#11778 = FACE_BOUND('',#11779,.T.);
#11779 = EDGE_LOOP('',(#11780,#11781,#11782,#11788));
#11780 = ORIENTED_EDGE('',*,*,#8784,.T.);
#11781 = ORIENTED_EDGE('',*,*,#8625,.T.);
#11782 = ORIENTED_EDGE('',*,*,#11783,.F.);
#11783 = EDGE_CURVE('',#8705,#8618,#11784,.T.);
#11784 = LINE('',#11785,#11786);
#11785 = CARTESIAN_POINT('',(7.747,-2.7685,-2.843));
#11786 = VECTOR('',#11787,1.);
#11787 = DIRECTION('',(-1.,-3.216245299353E-16,0.));
#11788 = ORIENTED_EDGE('',*,*,#8712,.F.);
#11789 = PLANE('',#11790);
#11790 = AXIS2_PLACEMENT_3D('',#11791,#11792,#11793);
#11791 = CARTESIAN_POINT('',(7.747,-2.7685,0.));
#11792 = DIRECTION('',(3.216245299353E-16,-1.,-3.124088708055E-16));
#11793 = DIRECTION('',(-1.004783562205E-31,3.124088708055E-16,-1.));
#11794 = ADVANCED_FACE('',(#11795),#11806,.T.);
#11795 = FACE_BOUND('',#11796,.T.);
#11796 = EDGE_LOOP('',(#11797,#11798,#11799,#11805));
#11797 = ORIENTED_EDGE('',*,*,#11783,.T.);
#11798 = ORIENTED_EDGE('',*,*,#8617,.T.);
#11799 = ORIENTED_EDGE('',*,*,#11800,.F.);
#11800 = EDGE_CURVE('',#8697,#8610,#11801,.T.);
#11801 = LINE('',#11802,#11803);
#11802 = CARTESIAN_POINT('',(7.747,-2.65425,-3.3));
#11803 = VECTOR('',#11804,1.);
#11804 = DIRECTION('',(-1.,-3.216245299353E-16,0.));
#11805 = ORIENTED_EDGE('',*,*,#8704,.F.);
#11806 = PLANE('',#11807);
#11807 = AXIS2_PLACEMENT_3D('',#11808,#11809,#11810);
#11808 = CARTESIAN_POINT('',(7.747,-2.7685,-2.843));
#11809 = DIRECTION('',(3.120216255796E-16,-0.970142500145,
    -0.242535625036));
#11810 = DIRECTION('',(-7.800540639491E-17,0.242535625036,
    -0.970142500145));
#11811 = ADVANCED_FACE('',(#11812),#11823,.T.);
#11812 = FACE_BOUND('',#11813,.T.);
#11813 = EDGE_LOOP('',(#11814,#11820,#11821,#11822));
#11814 = ORIENTED_EDGE('',*,*,#11815,.T.);
#11815 = EDGE_CURVE('',#8681,#8594,#11816,.T.);
#11816 = LINE('',#11817,#11818);
#11817 = CARTESIAN_POINT('',(7.747,-2.3115,-2.843));
#11818 = VECTOR('',#11819,1.);
#11819 = DIRECTION('',(-1.,-3.216245299353E-16,0.));
#11820 = ORIENTED_EDGE('',*,*,#8593,.T.);
#11821 = ORIENTED_EDGE('',*,*,#8647,.F.);
#11822 = ORIENTED_EDGE('',*,*,#8680,.F.);
#11823 = PLANE('',#11824);
#11824 = AXIS2_PLACEMENT_3D('',#11825,#11826,#11827);
#11825 = CARTESIAN_POINT('',(7.747,-2.3115,-2.843));
#11826 = DIRECTION('',(-3.216245299353E-16,1.,-3.124088708055E-16));
#11827 = DIRECTION('',(-1.004783562205E-31,3.124088708055E-16,1.));
#11828 = ADVANCED_FACE('',(#11829),#11840,.T.);
#11829 = FACE_BOUND('',#11830,.T.);
#11830 = EDGE_LOOP('',(#11831,#11832,#11833,#11839));
#11831 = ORIENTED_EDGE('',*,*,#11800,.T.);
#11832 = ORIENTED_EDGE('',*,*,#8609,.T.);
#11833 = ORIENTED_EDGE('',*,*,#11834,.F.);
#11834 = EDGE_CURVE('',#8689,#8602,#11835,.T.);
#11835 = LINE('',#11836,#11837);
#11836 = CARTESIAN_POINT('',(7.747,-2.42575,-3.3));
#11837 = VECTOR('',#11838,1.);
#11838 = DIRECTION('',(-1.,-3.216245299353E-16,0.));
#11839 = ORIENTED_EDGE('',*,*,#8696,.F.);
#11840 = PLANE('',#11841);
#11841 = AXIS2_PLACEMENT_3D('',#11842,#11843,#11844);
#11842 = CARTESIAN_POINT('',(7.747,-2.65425,-3.3));
#11843 = DIRECTION('',(-0.,0.,-1.));
#11844 = DIRECTION('',(-3.216245299353E-16,1.,0.));
#11845 = ADVANCED_FACE('',(#11846),#11852,.T.);
#11846 = FACE_BOUND('',#11847,.T.);
#11847 = EDGE_LOOP('',(#11848,#11849,#11850,#11851));
#11848 = ORIENTED_EDGE('',*,*,#11834,.T.);
#11849 = ORIENTED_EDGE('',*,*,#8601,.T.);
#11850 = ORIENTED_EDGE('',*,*,#11815,.F.);
#11851 = ORIENTED_EDGE('',*,*,#8688,.F.);
#11852 = PLANE('',#11853);
#11853 = AXIS2_PLACEMENT_3D('',#11854,#11855,#11856);
#11854 = CARTESIAN_POINT('',(7.747,-2.42575,-3.3));
#11855 = DIRECTION('',(-3.120216255796E-16,0.970142500145,
    -0.242535625036));
#11856 = DIRECTION('',(-7.800540639491E-17,0.242535625036,0.970142500145
    ));
#11857 = ADVANCED_FACE('',(#11858),#11869,.T.);
#11858 = FACE_BOUND('',#11859,.T.);
#11859 = EDGE_LOOP('',(#11860,#11861,#11862,#11868));
#11860 = ORIENTED_EDGE('',*,*,#8885,.T.);
#11861 = ORIENTED_EDGE('',*,*,#8861,.T.);
#11862 = ORIENTED_EDGE('',*,*,#11863,.F.);
#11863 = EDGE_CURVE('',#8948,#8854,#11864,.T.);
#11864 = LINE('',#11865,#11866);
#11865 = CARTESIAN_POINT('',(7.747,-12.9285,-2.843));
#11866 = VECTOR('',#11867,1.);
#11867 = DIRECTION('',(-1.,-3.216245299353E-16,0.));
#11868 = ORIENTED_EDGE('',*,*,#8955,.F.);
#11869 = PLANE('',#11870);
#11870 = AXIS2_PLACEMENT_3D('',#11871,#11872,#11873);
#11871 = CARTESIAN_POINT('',(7.747,-12.9285,0.));
#11872 = DIRECTION('',(3.216245299353E-16,-1.,-3.124088708055E-16));
#11873 = DIRECTION('',(-1.004783562205E-31,3.124088708055E-16,-1.));
#11874 = ADVANCED_FACE('',(#11875),#11886,.T.);
#11875 = FACE_BOUND('',#11876,.T.);
#11876 = EDGE_LOOP('',(#11877,#11878,#11879,#11885));
#11877 = ORIENTED_EDGE('',*,*,#11863,.T.);
#11878 = ORIENTED_EDGE('',*,*,#8853,.T.);
#11879 = ORIENTED_EDGE('',*,*,#11880,.F.);
#11880 = EDGE_CURVE('',#8940,#8846,#11881,.T.);
#11881 = LINE('',#11882,#11883);
#11882 = CARTESIAN_POINT('',(7.747,-12.81425,-3.3));
#11883 = VECTOR('',#11884,1.);
#11884 = DIRECTION('',(-1.,-3.216245299353E-16,0.));
#11885 = ORIENTED_EDGE('',*,*,#8947,.F.);
#11886 = PLANE('',#11887);
#11887 = AXIS2_PLACEMENT_3D('',#11888,#11889,#11890);
#11888 = CARTESIAN_POINT('',(7.747,-12.9285,-2.843));
#11889 = DIRECTION('',(3.120216255796E-16,-0.970142500145,
    -0.242535625036));
#11890 = DIRECTION('',(-7.800540639491E-17,0.242535625036,
    -0.970142500145));
#11891 = ADVANCED_FACE('',(#11892),#11903,.T.);
#11892 = FACE_BOUND('',#11893,.T.);
#11893 = EDGE_LOOP('',(#11894,#11900,#11901,#11902));
#11894 = ORIENTED_EDGE('',*,*,#11895,.T.);
#11895 = EDGE_CURVE('',#8924,#8830,#11896,.T.);
#11896 = LINE('',#11897,#11898);
#11897 = CARTESIAN_POINT('',(7.747,-12.4715,-2.843));
#11898 = VECTOR('',#11899,1.);
#11899 = DIRECTION('',(-1.,-3.216245299353E-16,0.));
#11900 = ORIENTED_EDGE('',*,*,#8829,.T.);
#11901 = ORIENTED_EDGE('',*,*,#9165,.F.);
#11902 = ORIENTED_EDGE('',*,*,#8923,.F.);
#11903 = PLANE('',#11904);
#11904 = AXIS2_PLACEMENT_3D('',#11905,#11906,#11907);
#11905 = CARTESIAN_POINT('',(7.747,-12.4715,-2.843));
#11906 = DIRECTION('',(-3.216245299353E-16,1.,-3.124088708055E-16));
#11907 = DIRECTION('',(-1.004783562205E-31,3.124088708055E-16,1.));
#11908 = ADVANCED_FACE('',(#11909),#11920,.T.);
#11909 = FACE_BOUND('',#11910,.T.);
#11910 = EDGE_LOOP('',(#11911,#11912,#11913,#11919));
#11911 = ORIENTED_EDGE('',*,*,#11880,.T.);
#11912 = ORIENTED_EDGE('',*,*,#8845,.T.);
#11913 = ORIENTED_EDGE('',*,*,#11914,.F.);
#11914 = EDGE_CURVE('',#8932,#8838,#11915,.T.);
#11915 = LINE('',#11916,#11917);
#11916 = CARTESIAN_POINT('',(7.747,-12.58575,-3.3));
#11917 = VECTOR('',#11918,1.);
#11918 = DIRECTION('',(-1.,-3.216245299353E-16,0.));
#11919 = ORIENTED_EDGE('',*,*,#8939,.F.);
#11920 = PLANE('',#11921);
#11921 = AXIS2_PLACEMENT_3D('',#11922,#11923,#11924);
#11922 = CARTESIAN_POINT('',(7.747,-12.81425,-3.3));
#11923 = DIRECTION('',(-0.,0.,-1.));
#11924 = DIRECTION('',(-3.216245299353E-16,1.,0.));
#11925 = ADVANCED_FACE('',(#11926),#11932,.T.);
#11926 = FACE_BOUND('',#11927,.T.);
#11927 = EDGE_LOOP('',(#11928,#11929,#11930,#11931));
#11928 = ORIENTED_EDGE('',*,*,#11914,.T.);
#11929 = ORIENTED_EDGE('',*,*,#8837,.T.);
#11930 = ORIENTED_EDGE('',*,*,#11895,.F.);
#11931 = ORIENTED_EDGE('',*,*,#8931,.F.);
#11932 = PLANE('',#11933);
#11933 = AXIS2_PLACEMENT_3D('',#11934,#11935,#11936);
#11934 = CARTESIAN_POINT('',(7.747,-12.58575,-3.3));
#11935 = DIRECTION('',(-3.120216255796E-16,0.970142500145,
    -0.242535625036));
#11936 = DIRECTION('',(-7.800540639491E-17,0.242535625036,0.970142500145
    ));
#11937 = ADVANCED_FACE('',(#11938),#11949,.T.);
#11938 = FACE_BOUND('',#11939,.T.);
#11939 = EDGE_LOOP('',(#11940,#11941,#11942,#11948));
#11940 = ORIENTED_EDGE('',*,*,#9184,.T.);
#11941 = ORIENTED_EDGE('',*,*,#9025,.T.);
#11942 = ORIENTED_EDGE('',*,*,#11943,.F.);
#11943 = EDGE_CURVE('',#9105,#9018,#11944,.T.);
#11944 = LINE('',#11945,#11946);
#11945 = CARTESIAN_POINT('',(7.747,-5.3085,-2.843));
#11946 = VECTOR('',#11947,1.);
#11947 = DIRECTION('',(-1.,-3.216245299353E-16,0.));
#11948 = ORIENTED_EDGE('',*,*,#9112,.F.);
#11949 = PLANE('',#11950);
#11950 = AXIS2_PLACEMENT_3D('',#11951,#11952,#11953);
#11951 = CARTESIAN_POINT('',(7.747,-5.3085,0.));
#11952 = DIRECTION('',(3.216245299353E-16,-1.,-3.124088708055E-16));
#11953 = DIRECTION('',(-1.004783562205E-31,3.124088708055E-16,-1.));
#11954 = ADVANCED_FACE('',(#11955),#11966,.T.);
#11955 = FACE_BOUND('',#11956,.T.);
#11956 = EDGE_LOOP('',(#11957,#11958,#11959,#11965));
#11957 = ORIENTED_EDGE('',*,*,#11943,.T.);
#11958 = ORIENTED_EDGE('',*,*,#9017,.T.);
#11959 = ORIENTED_EDGE('',*,*,#11960,.F.);
#11960 = EDGE_CURVE('',#9097,#9010,#11961,.T.);
#11961 = LINE('',#11962,#11963);
#11962 = CARTESIAN_POINT('',(7.747,-5.19425,-3.3));
#11963 = VECTOR('',#11964,1.);
#11964 = DIRECTION('',(-1.,-3.216245299353E-16,0.));
#11965 = ORIENTED_EDGE('',*,*,#9104,.F.);
#11966 = PLANE('',#11967);
#11967 = AXIS2_PLACEMENT_3D('',#11968,#11969,#11970);
#11968 = CARTESIAN_POINT('',(7.747,-5.3085,-2.843));
#11969 = DIRECTION('',(3.120216255796E-16,-0.970142500145,
    -0.242535625036));
#11970 = DIRECTION('',(-7.800540639491E-17,0.242535625036,
    -0.970142500145));
#11971 = ADVANCED_FACE('',(#11972),#11983,.T.);
#11972 = FACE_BOUND('',#11973,.T.);
#11973 = EDGE_LOOP('',(#11974,#11980,#11981,#11982));
#11974 = ORIENTED_EDGE('',*,*,#11975,.T.);
#11975 = EDGE_CURVE('',#9081,#8994,#11976,.T.);
#11976 = LINE('',#11977,#11978);
#11977 = CARTESIAN_POINT('',(7.747,-4.8515,-2.843));
#11978 = VECTOR('',#11979,1.);
#11979 = DIRECTION('',(-1.,-3.216245299353E-16,0.));
#11980 = ORIENTED_EDGE('',*,*,#8993,.T.);
#11981 = ORIENTED_EDGE('',*,*,#9047,.F.);
#11982 = ORIENTED_EDGE('',*,*,#9080,.F.);
#11983 = PLANE('',#11984);
#11984 = AXIS2_PLACEMENT_3D('',#11985,#11986,#11987);
#11985 = CARTESIAN_POINT('',(7.747,-4.8515,-2.843));
#11986 = DIRECTION('',(-3.216245299353E-16,1.,-3.124088708055E-16));
#11987 = DIRECTION('',(-1.004783562205E-31,3.124088708055E-16,1.));
#11988 = ADVANCED_FACE('',(#11989),#12000,.T.);
#11989 = FACE_BOUND('',#11990,.T.);
#11990 = EDGE_LOOP('',(#11991,#11992,#11993,#11999));
#11991 = ORIENTED_EDGE('',*,*,#11960,.T.);
#11992 = ORIENTED_EDGE('',*,*,#9009,.T.);
#11993 = ORIENTED_EDGE('',*,*,#11994,.F.);
#11994 = EDGE_CURVE('',#9089,#9002,#11995,.T.);
#11995 = LINE('',#11996,#11997);
#11996 = CARTESIAN_POINT('',(7.747,-4.96575,-3.3));
#11997 = VECTOR('',#11998,1.);
#11998 = DIRECTION('',(-1.,-3.216245299353E-16,0.));
#11999 = ORIENTED_EDGE('',*,*,#9096,.F.);
#12000 = PLANE('',#12001);
#12001 = AXIS2_PLACEMENT_3D('',#12002,#12003,#12004);
#12002 = CARTESIAN_POINT('',(7.747,-5.19425,-3.3));
#12003 = DIRECTION('',(-0.,0.,-1.));
#12004 = DIRECTION('',(-3.216245299353E-16,1.,0.));
#12005 = ADVANCED_FACE('',(#12006),#12012,.T.);
#12006 = FACE_BOUND('',#12007,.T.);
#12007 = EDGE_LOOP('',(#12008,#12009,#12010,#12011));
#12008 = ORIENTED_EDGE('',*,*,#11994,.T.);
#12009 = ORIENTED_EDGE('',*,*,#9001,.T.);
#12010 = ORIENTED_EDGE('',*,*,#11975,.F.);
#12011 = ORIENTED_EDGE('',*,*,#9088,.F.);
#12012 = PLANE('',#12013);
#12013 = AXIS2_PLACEMENT_3D('',#12014,#12015,#12016);
#12014 = CARTESIAN_POINT('',(7.747,-4.96575,-3.3));
#12015 = DIRECTION('',(-3.120216255796E-16,0.970142500145,
    -0.242535625036));
#12016 = DIRECTION('',(-7.800540639491E-17,0.242535625036,0.970142500145
    ));
#12017 = ADVANCED_FACE('',(#12018),#12029,.T.);
#12018 = FACE_BOUND('',#12019,.T.);
#12019 = EDGE_LOOP('',(#12020,#12021,#12022,#12028));
#12020 = ORIENTED_EDGE('',*,*,#9285,.T.);
#12021 = ORIENTED_EDGE('',*,*,#9261,.T.);
#12022 = ORIENTED_EDGE('',*,*,#12023,.F.);
#12023 = EDGE_CURVE('',#9348,#9254,#12024,.T.);
#12024 = LINE('',#12025,#12026);
#12025 = CARTESIAN_POINT('',(7.747,-10.3885,-2.843));
#12026 = VECTOR('',#12027,1.);
#12027 = DIRECTION('',(-1.,-3.216245299353E-16,0.));
#12028 = ORIENTED_EDGE('',*,*,#9355,.F.);
#12029 = PLANE('',#12030);
#12030 = AXIS2_PLACEMENT_3D('',#12031,#12032,#12033);
#12031 = CARTESIAN_POINT('',(7.747,-10.3885,0.));
#12032 = DIRECTION('',(3.216245299353E-16,-1.,-3.124088708055E-16));
#12033 = DIRECTION('',(-1.004783562205E-31,3.124088708055E-16,-1.));
#12034 = ADVANCED_FACE('',(#12035),#12046,.T.);
#12035 = FACE_BOUND('',#12036,.T.);
#12036 = EDGE_LOOP('',(#12037,#12038,#12039,#12045));
#12037 = ORIENTED_EDGE('',*,*,#12023,.T.);
#12038 = ORIENTED_EDGE('',*,*,#9253,.T.);
#12039 = ORIENTED_EDGE('',*,*,#12040,.F.);
#12040 = EDGE_CURVE('',#9340,#9246,#12041,.T.);
#12041 = LINE('',#12042,#12043);
#12042 = CARTESIAN_POINT('',(7.747,-10.27425,-3.3));
#12043 = VECTOR('',#12044,1.);
#12044 = DIRECTION('',(-1.,-3.216245299353E-16,0.));
#12045 = ORIENTED_EDGE('',*,*,#9347,.F.);
#12046 = PLANE('',#12047);
#12047 = AXIS2_PLACEMENT_3D('',#12048,#12049,#12050);
#12048 = CARTESIAN_POINT('',(7.747,-10.3885,-2.843));
#12049 = DIRECTION('',(3.120216255796E-16,-0.970142500145,
    -0.242535625036));
#12050 = DIRECTION('',(-7.800540639491E-17,0.242535625036,
    -0.970142500145));
#12051 = ADVANCED_FACE('',(#12052),#12063,.T.);
#12052 = FACE_BOUND('',#12053,.T.);
#12053 = EDGE_LOOP('',(#12054,#12060,#12061,#12062));
#12054 = ORIENTED_EDGE('',*,*,#12055,.T.);
#12055 = EDGE_CURVE('',#9324,#9230,#12056,.T.);
#12056 = LINE('',#12057,#12058);
#12057 = CARTESIAN_POINT('',(7.747,-9.9315,-2.843));
#12058 = VECTOR('',#12059,1.);
#12059 = DIRECTION('',(-1.,-3.216245299353E-16,0.));
#12060 = ORIENTED_EDGE('',*,*,#9229,.T.);
#12061 = ORIENTED_EDGE('',*,*,#9565,.F.);
#12062 = ORIENTED_EDGE('',*,*,#9323,.F.);
#12063 = PLANE('',#12064);
#12064 = AXIS2_PLACEMENT_3D('',#12065,#12066,#12067);
#12065 = CARTESIAN_POINT('',(7.747,-9.9315,-2.843));
#12066 = DIRECTION('',(-3.216245299353E-16,1.,-3.124088708055E-16));
#12067 = DIRECTION('',(-1.004783562205E-31,3.124088708055E-16,1.));
#12068 = ADVANCED_FACE('',(#12069),#12080,.T.);
#12069 = FACE_BOUND('',#12070,.T.);
#12070 = EDGE_LOOP('',(#12071,#12072,#12073,#12079));
#12071 = ORIENTED_EDGE('',*,*,#12040,.T.);
#12072 = ORIENTED_EDGE('',*,*,#9245,.T.);
#12073 = ORIENTED_EDGE('',*,*,#12074,.F.);
#12074 = EDGE_CURVE('',#9332,#9238,#12075,.T.);
#12075 = LINE('',#12076,#12077);
#12076 = CARTESIAN_POINT('',(7.747,-10.04575,-3.3));
#12077 = VECTOR('',#12078,1.);
#12078 = DIRECTION('',(-1.,-3.216245299353E-16,0.));
#12079 = ORIENTED_EDGE('',*,*,#9339,.F.);
#12080 = PLANE('',#12081);
#12081 = AXIS2_PLACEMENT_3D('',#12082,#12083,#12084);
#12082 = CARTESIAN_POINT('',(7.747,-10.27425,-3.3));
#12083 = DIRECTION('',(-0.,0.,-1.));
#12084 = DIRECTION('',(-3.216245299353E-16,1.,0.));
#12085 = ADVANCED_FACE('',(#12086),#12092,.T.);
#12086 = FACE_BOUND('',#12087,.T.);
#12087 = EDGE_LOOP('',(#12088,#12089,#12090,#12091));
#12088 = ORIENTED_EDGE('',*,*,#12074,.T.);
#12089 = ORIENTED_EDGE('',*,*,#9237,.T.);
#12090 = ORIENTED_EDGE('',*,*,#12055,.F.);
#12091 = ORIENTED_EDGE('',*,*,#9331,.F.);
#12092 = PLANE('',#12093);
#12093 = AXIS2_PLACEMENT_3D('',#12094,#12095,#12096);
#12094 = CARTESIAN_POINT('',(7.747,-10.04575,-3.3));
#12095 = DIRECTION('',(-3.120216255796E-16,0.970142500145,
    -0.242535625036));
#12096 = DIRECTION('',(-7.800540639491E-17,0.242535625036,0.970142500145
    ));
#12097 = ADVANCED_FACE('',(#12098),#12109,.T.);
#12098 = FACE_BOUND('',#12099,.T.);
#12099 = EDGE_LOOP('',(#12100,#12101,#12102,#12108));
#12100 = ORIENTED_EDGE('',*,*,#9584,.T.);
#12101 = ORIENTED_EDGE('',*,*,#9425,.T.);
#12102 = ORIENTED_EDGE('',*,*,#12103,.F.);
#12103 = EDGE_CURVE('',#9505,#9418,#12104,.T.);
#12104 = LINE('',#12105,#12106);
#12105 = CARTESIAN_POINT('',(7.747,-7.8485,-2.843));
#12106 = VECTOR('',#12107,1.);
#12107 = DIRECTION('',(-1.,-3.216245299353E-16,0.));
#12108 = ORIENTED_EDGE('',*,*,#9512,.F.);
#12109 = PLANE('',#12110);
#12110 = AXIS2_PLACEMENT_3D('',#12111,#12112,#12113);
#12111 = CARTESIAN_POINT('',(7.747,-7.8485,0.));
#12112 = DIRECTION('',(3.216245299353E-16,-1.,-3.124088708055E-16));
#12113 = DIRECTION('',(-1.004783562205E-31,3.124088708055E-16,-1.));
#12114 = ADVANCED_FACE('',(#12115),#12126,.T.);
#12115 = FACE_BOUND('',#12116,.T.);
#12116 = EDGE_LOOP('',(#12117,#12118,#12119,#12125));
#12117 = ORIENTED_EDGE('',*,*,#12103,.T.);
#12118 = ORIENTED_EDGE('',*,*,#9417,.T.);
#12119 = ORIENTED_EDGE('',*,*,#12120,.F.);
#12120 = EDGE_CURVE('',#9497,#9410,#12121,.T.);
#12121 = LINE('',#12122,#12123);
#12122 = CARTESIAN_POINT('',(7.747,-7.73425,-3.3));
#12123 = VECTOR('',#12124,1.);
#12124 = DIRECTION('',(-1.,-3.216245299353E-16,0.));
#12125 = ORIENTED_EDGE('',*,*,#9504,.F.);
#12126 = PLANE('',#12127);
#12127 = AXIS2_PLACEMENT_3D('',#12128,#12129,#12130);
#12128 = CARTESIAN_POINT('',(7.747,-7.8485,-2.843));
#12129 = DIRECTION('',(3.120216255796E-16,-0.970142500145,
    -0.242535625036));
#12130 = DIRECTION('',(-7.800540639491E-17,0.242535625036,
    -0.970142500145));
#12131 = ADVANCED_FACE('',(#12132),#12143,.T.);
#12132 = FACE_BOUND('',#12133,.T.);
#12133 = EDGE_LOOP('',(#12134,#12140,#12141,#12142));
#12134 = ORIENTED_EDGE('',*,*,#12135,.T.);
#12135 = EDGE_CURVE('',#9481,#9394,#12136,.T.);
#12136 = LINE('',#12137,#12138);
#12137 = CARTESIAN_POINT('',(7.747,-7.3915,-2.843));
#12138 = VECTOR('',#12139,1.);
#12139 = DIRECTION('',(-1.,-3.216245299353E-16,0.));
#12140 = ORIENTED_EDGE('',*,*,#9393,.T.);
#12141 = ORIENTED_EDGE('',*,*,#9447,.F.);
#12142 = ORIENTED_EDGE('',*,*,#9480,.F.);
#12143 = PLANE('',#12144);
#12144 = AXIS2_PLACEMENT_3D('',#12145,#12146,#12147);
#12145 = CARTESIAN_POINT('',(7.747,-7.3915,-2.843));
#12146 = DIRECTION('',(-3.216245299353E-16,1.,-3.124088708055E-16));
#12147 = DIRECTION('',(-1.004783562205E-31,3.124088708055E-16,1.));
#12148 = ADVANCED_FACE('',(#12149),#12160,.T.);
#12149 = FACE_BOUND('',#12150,.T.);
#12150 = EDGE_LOOP('',(#12151,#12152,#12153,#12159));
#12151 = ORIENTED_EDGE('',*,*,#12120,.T.);
#12152 = ORIENTED_EDGE('',*,*,#9409,.T.);
#12153 = ORIENTED_EDGE('',*,*,#12154,.F.);
#12154 = EDGE_CURVE('',#9489,#9402,#12155,.T.);
#12155 = LINE('',#12156,#12157);
#12156 = CARTESIAN_POINT('',(7.747,-7.50575,-3.3));
#12157 = VECTOR('',#12158,1.);
#12158 = DIRECTION('',(-1.,-3.216245299353E-16,0.));
#12159 = ORIENTED_EDGE('',*,*,#9496,.F.);
#12160 = PLANE('',#12161);
#12161 = AXIS2_PLACEMENT_3D('',#12162,#12163,#12164);
#12162 = CARTESIAN_POINT('',(7.747,-7.73425,-3.3));
#12163 = DIRECTION('',(-0.,0.,-1.));
#12164 = DIRECTION('',(-3.216245299353E-16,1.,0.));
#12165 = ADVANCED_FACE('',(#12166),#12172,.T.);
#12166 = FACE_BOUND('',#12167,.T.);
#12167 = EDGE_LOOP('',(#12168,#12169,#12170,#12171));
#12168 = ORIENTED_EDGE('',*,*,#12154,.T.);
#12169 = ORIENTED_EDGE('',*,*,#9401,.T.);
#12170 = ORIENTED_EDGE('',*,*,#12135,.F.);
#12171 = ORIENTED_EDGE('',*,*,#9488,.F.);
#12172 = PLANE('',#12173);
#12173 = AXIS2_PLACEMENT_3D('',#12174,#12175,#12176);
#12174 = CARTESIAN_POINT('',(7.747,-7.50575,-3.3));
#12175 = DIRECTION('',(-3.120216255796E-16,0.970142500145,
    -0.242535625036));
#12176 = DIRECTION('',(-7.800540639491E-17,0.242535625036,0.970142500145
    ));
#12177 = ADVANCED_FACE('',(#12178),#12200,.F.);
#12178 = FACE_BOUND('',#12179,.F.);
#12179 = EDGE_LOOP('',(#12180,#12181,#12190,#12197,#12198,#12199));
#12180 = ORIENTED_EDGE('',*,*,#9616,.F.);
#12181 = ORIENTED_EDGE('',*,*,#12182,.F.);
#12182 = EDGE_CURVE('',#12183,#9617,#12185,.T.);
#12183 = VERTEX_POINT('',#12184);
#12184 = CARTESIAN_POINT('',(3.81,-0.375223643423,3.18));
#12185 = CIRCLE('',#12186,0.75);
#12186 = AXIS2_PLACEMENT_3D('',#12187,#12188,#12189);
#12187 = CARTESIAN_POINT('',(3.81,0.374776356577,3.18));
#12188 = DIRECTION('',(0.,-0.,-1.));
#12189 = DIRECTION('',(4.440892098501E-16,-1.,0.));
#12190 = ORIENTED_EDGE('',*,*,#12191,.F.);
#12191 = EDGE_CURVE('',#9723,#12183,#12192,.T.);
#12192 = CIRCLE('',#12193,0.75);
#12193 = AXIS2_PLACEMENT_3D('',#12194,#12195,#12196);
#12194 = CARTESIAN_POINT('',(3.81,0.374776356577,3.18));
#12195 = DIRECTION('',(0.,-0.,-1.));
#12196 = DIRECTION('',(4.440892098501E-16,-1.,0.));
#12197 = ORIENTED_EDGE('',*,*,#9828,.T.);
#12198 = ORIENTED_EDGE('',*,*,#11593,.T.);
#12199 = ORIENTED_EDGE('',*,*,#11584,.T.);
#12200 = CYLINDRICAL_SURFACE('',#12201,0.75);
#12201 = AXIS2_PLACEMENT_3D('',#12202,#12203,#12204);
#12202 = CARTESIAN_POINT('',(3.81,0.374776356577,3.68));
#12203 = DIRECTION('',(-0.,0.,-1.));
#12204 = DIRECTION('',(4.440892098501E-16,-1.,-0.));
#12205 = ADVANCED_FACE('',(#12206),#12211,.F.);
#12206 = FACE_BOUND('',#12207,.F.);
#12207 = EDGE_LOOP('',(#12208,#12209,#12210));
#12208 = ORIENTED_EDGE('',*,*,#12191,.T.);
#12209 = ORIENTED_EDGE('',*,*,#12182,.T.);
#12210 = ORIENTED_EDGE('',*,*,#9722,.T.);
#12211 = PLANE('',#12212);
#12212 = AXIS2_PLACEMENT_3D('',#12213,#12214,#12215);
#12213 = CARTESIAN_POINT('',(3.81,0.374776356577,3.18));
#12214 = DIRECTION('',(-0.,0.,-1.));
#12215 = DIRECTION('',(4.440892098501E-16,-1.,-0.));
#12216 = ADVANCED_FACE('',(#12217),#12228,.T.);
#12217 = FACE_BOUND('',#12218,.T.);
#12218 = EDGE_LOOP('',(#12219,#12220,#12221,#12227));
#12219 = ORIENTED_EDGE('',*,*,#10097,.T.);
#12220 = ORIENTED_EDGE('',*,*,#10073,.T.);
#12221 = ORIENTED_EDGE('',*,*,#12222,.F.);
#12222 = EDGE_CURVE('',#10144,#10066,#12223,.T.);
#12223 = LINE('',#12224,#12225);
#12224 = CARTESIAN_POINT('',(-0.127,-0.11425,-3.3));
#12225 = VECTOR('',#12226,1.);
#12226 = DIRECTION('',(1.,4.440892098501E-16,0.));
#12227 = ORIENTED_EDGE('',*,*,#10151,.F.);
#12228 = PLANE('',#12229);
#12229 = AXIS2_PLACEMENT_3D('',#12230,#12231,#12232);
#12230 = CARTESIAN_POINT('',(-0.127,0.11425,-3.3));
#12231 = DIRECTION('',(0.,0.,-1.));
#12232 = DIRECTION('',(4.440892098501E-16,-1.,0.));
#12233 = ADVANCED_FACE('',(#12234),#12245,.T.);
#12234 = FACE_BOUND('',#12235,.T.);
#12235 = EDGE_LOOP('',(#12236,#12237,#12238,#12244));
#12236 = ORIENTED_EDGE('',*,*,#12222,.T.);
#12237 = ORIENTED_EDGE('',*,*,#10065,.T.);
#12238 = ORIENTED_EDGE('',*,*,#12239,.F.);
#12239 = EDGE_CURVE('',#10136,#10058,#12240,.T.);
#12240 = LINE('',#12241,#12242);
#12241 = CARTESIAN_POINT('',(-0.127,-0.2285,-2.843));
#12242 = VECTOR('',#12243,1.);
#12243 = DIRECTION('',(1.,4.440892098501E-16,0.));
#12244 = ORIENTED_EDGE('',*,*,#10143,.F.);
#12245 = PLANE('',#12246);
#12246 = AXIS2_PLACEMENT_3D('',#12247,#12248,#12249);
#12247 = CARTESIAN_POINT('',(-0.127,-0.11425,-3.3));
#12248 = DIRECTION('',(4.308298163317E-16,-0.970142500145,
    -0.242535625036));
#12249 = DIRECTION('',(1.077074540829E-16,-0.242535625036,0.970142500145
    ));
#12250 = ADVANCED_FACE('',(#12251),#12257,.T.);
#12251 = FACE_BOUND('',#12252,.T.);
#12252 = EDGE_LOOP('',(#12253,#12254,#12255,#12256));
#12253 = ORIENTED_EDGE('',*,*,#12239,.T.);
#12254 = ORIENTED_EDGE('',*,*,#10057,.T.);
#12255 = ORIENTED_EDGE('',*,*,#10329,.F.);
#12256 = ORIENTED_EDGE('',*,*,#10135,.F.);
#12257 = PLANE('',#12258);
#12258 = AXIS2_PLACEMENT_3D('',#12259,#12260,#12261);
#12259 = CARTESIAN_POINT('',(-0.127,-0.2285,-2.843));
#12260 = DIRECTION('',(4.440892098501E-16,-1.,-6.248177416111E-16));
#12261 = DIRECTION('',(2.774748171724E-31,-6.248177416111E-16,1.));
#12262 = ADVANCED_FACE('',(#12263),#12274,.F.);
#12263 = FACE_BOUND('',#12264,.F.);
#12264 = EDGE_LOOP('',(#12265,#12266,#12267,#12273));
#12265 = ORIENTED_EDGE('',*,*,#10241,.T.);
#12266 = ORIENTED_EDGE('',*,*,#10283,.T.);
#12267 = ORIENTED_EDGE('',*,*,#12268,.F.);
#12268 = EDGE_CURVE('',#10203,#10276,#12269,.T.);
#12269 = LINE('',#12270,#12271);
#12270 = CARTESIAN_POINT('',(-0.127,-17.66575,-3.3));
#12271 = VECTOR('',#12272,1.);
#12272 = DIRECTION('',(1.,4.440892098501E-16,0.));
#12273 = ORIENTED_EDGE('',*,*,#10210,.F.);
#12274 = PLANE('',#12275);
#12275 = AXIS2_PLACEMENT_3D('',#12276,#12277,#12278);
#12276 = CARTESIAN_POINT('',(-0.127,-17.89425,-3.3));
#12277 = DIRECTION('',(0.,0.,1.));
#12278 = DIRECTION('',(-4.440892098501E-16,1.,0.));
#12279 = ADVANCED_FACE('',(#12280),#12291,.F.);
#12280 = FACE_BOUND('',#12281,.F.);
#12281 = EDGE_LOOP('',(#12282,#12283,#12284,#12290));
#12282 = ORIENTED_EDGE('',*,*,#12268,.T.);
#12283 = ORIENTED_EDGE('',*,*,#10275,.T.);
#12284 = ORIENTED_EDGE('',*,*,#12285,.F.);
#12285 = EDGE_CURVE('',#10195,#10268,#12286,.T.);
#12286 = LINE('',#12287,#12288);
#12287 = CARTESIAN_POINT('',(-0.127,-17.5515,-2.843));
#12288 = VECTOR('',#12289,1.);
#12289 = DIRECTION('',(1.,4.440892098501E-16,0.));
#12290 = ORIENTED_EDGE('',*,*,#10202,.F.);
#12291 = PLANE('',#12292);
#12292 = AXIS2_PLACEMENT_3D('',#12293,#12294,#12295);
#12293 = CARTESIAN_POINT('',(-0.127,-17.66575,-3.3));
#12294 = DIRECTION('',(4.308298163317E-16,-0.970142500145,0.242535625036
    ));
#12295 = DIRECTION('',(-1.077074540829E-16,0.242535625036,0.970142500145
    ));
#12296 = ADVANCED_FACE('',(#12297),#12303,.F.);
#12297 = FACE_BOUND('',#12298,.F.);
#12298 = EDGE_LOOP('',(#12299,#12300,#12301,#12302));
#12299 = ORIENTED_EDGE('',*,*,#12285,.T.);
#12300 = ORIENTED_EDGE('',*,*,#10267,.T.);
#12301 = ORIENTED_EDGE('',*,*,#10346,.F.);
#12302 = ORIENTED_EDGE('',*,*,#10194,.F.);
#12303 = PLANE('',#12304);
#12304 = AXIS2_PLACEMENT_3D('',#12305,#12306,#12307);
#12305 = CARTESIAN_POINT('',(-0.127,-17.5515,-2.843));
#12306 = DIRECTION('',(4.440892098501E-16,-1.,6.248177416111E-16));
#12307 = DIRECTION('',(-2.774748171724E-31,6.248177416111E-16,1.));
#12308 = ADVANCED_FACE('',(#12309),#12320,.T.);
#12309 = FACE_BOUND('',#12310,.T.);
#12310 = EDGE_LOOP('',(#12311,#12312,#12313,#12319));
#12311 = ORIENTED_EDGE('',*,*,#10473,.T.);
#12312 = ORIENTED_EDGE('',*,*,#10531,.T.);
#12313 = ORIENTED_EDGE('',*,*,#12314,.F.);
#12314 = EDGE_CURVE('',#10435,#10524,#12315,.T.);
#12315 = LINE('',#12316,#12317);
#12316 = CARTESIAN_POINT('',(-0.127,-2.3115,-2.843));
#12317 = VECTOR('',#12318,1.);
#12318 = DIRECTION('',(1.,4.440892098501E-16,0.));
#12319 = ORIENTED_EDGE('',*,*,#10442,.F.);
#12320 = PLANE('',#12321);
#12321 = AXIS2_PLACEMENT_3D('',#12322,#12323,#12324);
#12322 = CARTESIAN_POINT('',(-0.127,-2.3115,0.));
#12323 = DIRECTION('',(-4.440892098501E-16,1.,-3.124088708055E-16));
#12324 = DIRECTION('',(1.387374085862E-31,-3.124088708055E-16,-1.));
#12325 = ADVANCED_FACE('',(#12326),#12337,.T.);
#12326 = FACE_BOUND('',#12327,.T.);
#12327 = EDGE_LOOP('',(#12328,#12329,#12330,#12336));
#12328 = ORIENTED_EDGE('',*,*,#12314,.T.);
#12329 = ORIENTED_EDGE('',*,*,#10523,.T.);
#12330 = ORIENTED_EDGE('',*,*,#12331,.F.);
#12331 = EDGE_CURVE('',#10427,#10516,#12332,.T.);
#12332 = LINE('',#12333,#12334);
#12333 = CARTESIAN_POINT('',(-0.127,-2.42575,-3.3));
#12334 = VECTOR('',#12335,1.);
#12335 = DIRECTION('',(1.,4.440892098501E-16,0.));
#12336 = ORIENTED_EDGE('',*,*,#10434,.F.);
#12337 = PLANE('',#12338);
#12338 = AXIS2_PLACEMENT_3D('',#12339,#12340,#12341);
#12339 = CARTESIAN_POINT('',(-0.127,-2.3115,-2.843));
#12340 = DIRECTION('',(-4.308298163317E-16,0.970142500145,
    -0.242535625036));
#12341 = DIRECTION('',(1.077074540829E-16,-0.242535625036,
    -0.970142500145));
#12342 = ADVANCED_FACE('',(#12343),#12354,.T.);
#12343 = FACE_BOUND('',#12344,.T.);
#12344 = EDGE_LOOP('',(#12345,#12351,#12352,#12353));
#12345 = ORIENTED_EDGE('',*,*,#12346,.T.);
#12346 = EDGE_CURVE('',#10411,#10500,#12347,.T.);
#12347 = LINE('',#12348,#12349);
#12348 = CARTESIAN_POINT('',(-0.127,-2.7685,-2.843));
#12349 = VECTOR('',#12350,1.);
#12350 = DIRECTION('',(1.,4.440892098501E-16,0.));
#12351 = ORIENTED_EDGE('',*,*,#10499,.T.);
#12352 = ORIENTED_EDGE('',*,*,#10729,.F.);
#12353 = ORIENTED_EDGE('',*,*,#10410,.F.);
#12354 = PLANE('',#12355);
#12355 = AXIS2_PLACEMENT_3D('',#12356,#12357,#12358);
#12356 = CARTESIAN_POINT('',(-0.127,-2.7685,-2.843));
#12357 = DIRECTION('',(4.440892098501E-16,-1.,-3.124088708055E-16));
#12358 = DIRECTION('',(1.387374085862E-31,-3.124088708055E-16,1.));
#12359 = ADVANCED_FACE('',(#12360),#12371,.T.);
#12360 = FACE_BOUND('',#12361,.T.);
#12361 = EDGE_LOOP('',(#12362,#12363,#12364,#12370));
#12362 = ORIENTED_EDGE('',*,*,#12331,.T.);
#12363 = ORIENTED_EDGE('',*,*,#10515,.T.);
#12364 = ORIENTED_EDGE('',*,*,#12365,.F.);
#12365 = EDGE_CURVE('',#10419,#10508,#12366,.T.);
#12366 = LINE('',#12367,#12368);
#12367 = CARTESIAN_POINT('',(-0.127,-2.65425,-3.3));
#12368 = VECTOR('',#12369,1.);
#12369 = DIRECTION('',(1.,4.440892098501E-16,0.));
#12370 = ORIENTED_EDGE('',*,*,#10426,.F.);
#12371 = PLANE('',#12372);
#12372 = AXIS2_PLACEMENT_3D('',#12373,#12374,#12375);
#12373 = CARTESIAN_POINT('',(-0.127,-2.42575,-3.3));
#12374 = DIRECTION('',(0.,0.,-1.));
#12375 = DIRECTION('',(4.440892098501E-16,-1.,0.));
#12376 = ADVANCED_FACE('',(#12377),#12383,.T.);
#12377 = FACE_BOUND('',#12378,.T.);
#12378 = EDGE_LOOP('',(#12379,#12380,#12381,#12382));
#12379 = ORIENTED_EDGE('',*,*,#12365,.T.);
#12380 = ORIENTED_EDGE('',*,*,#10507,.T.);
#12381 = ORIENTED_EDGE('',*,*,#12346,.F.);
#12382 = ORIENTED_EDGE('',*,*,#10418,.F.);
#12383 = PLANE('',#12384);
#12384 = AXIS2_PLACEMENT_3D('',#12385,#12386,#12387);
#12385 = CARTESIAN_POINT('',(-0.127,-2.65425,-3.3));
#12386 = DIRECTION('',(4.308298163317E-16,-0.970142500145,
    -0.242535625036));
#12387 = DIRECTION('',(1.077074540829E-16,-0.242535625036,0.970142500145
    ));
#12388 = ADVANCED_FACE('',(#12389),#12400,.T.);
#12389 = FACE_BOUND('',#12390,.T.);
#12390 = EDGE_LOOP('',(#12391,#12392,#12393,#12399));
#12391 = ORIENTED_EDGE('',*,*,#10748,.T.);
#12392 = ORIENTED_EDGE('',*,*,#10693,.T.);
#12393 = ORIENTED_EDGE('',*,*,#12394,.F.);
#12394 = EDGE_CURVE('',#10604,#10686,#12395,.T.);
#12395 = LINE('',#12396,#12397);
#12396 = CARTESIAN_POINT('',(-0.127,-15.0115,-2.843));
#12397 = VECTOR('',#12398,1.);
#12398 = DIRECTION('',(1.,4.440892098501E-16,0.));
#12399 = ORIENTED_EDGE('',*,*,#10611,.F.);
#12400 = PLANE('',#12401);
#12401 = AXIS2_PLACEMENT_3D('',#12402,#12403,#12404);
#12402 = CARTESIAN_POINT('',(-0.127,-15.0115,0.));
#12403 = DIRECTION('',(-4.440892098501E-16,1.,-3.124088708055E-16));
#12404 = DIRECTION('',(1.387374085862E-31,-3.124088708055E-16,-1.));
#12405 = ADVANCED_FACE('',(#12406),#12417,.T.);
#12406 = FACE_BOUND('',#12407,.T.);
#12407 = EDGE_LOOP('',(#12408,#12409,#12410,#12416));
#12408 = ORIENTED_EDGE('',*,*,#12394,.T.);
#12409 = ORIENTED_EDGE('',*,*,#10685,.T.);
#12410 = ORIENTED_EDGE('',*,*,#12411,.F.);
#12411 = EDGE_CURVE('',#10596,#10678,#12412,.T.);
#12412 = LINE('',#12413,#12414);
#12413 = CARTESIAN_POINT('',(-0.127,-15.12575,-3.3));
#12414 = VECTOR('',#12415,1.);
#12415 = DIRECTION('',(1.,4.440892098501E-16,0.));
#12416 = ORIENTED_EDGE('',*,*,#10603,.F.);
#12417 = PLANE('',#12418);
#12418 = AXIS2_PLACEMENT_3D('',#12419,#12420,#12421);
#12419 = CARTESIAN_POINT('',(-0.127,-15.0115,-2.843));
#12420 = DIRECTION('',(-4.308298163317E-16,0.970142500145,
    -0.242535625036));
#12421 = DIRECTION('',(1.077074540829E-16,-0.242535625036,
    -0.970142500145));
#12422 = ADVANCED_FACE('',(#12423),#12434,.T.);
#12423 = FACE_BOUND('',#12424,.T.);
#12424 = EDGE_LOOP('',(#12425,#12431,#12432,#12433));
#12425 = ORIENTED_EDGE('',*,*,#12426,.T.);
#12426 = EDGE_CURVE('',#10580,#10662,#12427,.T.);
#12427 = LINE('',#12428,#12429);
#12428 = CARTESIAN_POINT('',(-0.127,-15.4685,-2.843));
#12429 = VECTOR('',#12430,1.);
#12430 = DIRECTION('',(1.,4.440892098501E-16,0.));
#12431 = ORIENTED_EDGE('',*,*,#10661,.T.);
#12432 = ORIENTED_EDGE('',*,*,#10633,.F.);
#12433 = ORIENTED_EDGE('',*,*,#10579,.F.);
#12434 = PLANE('',#12435);
#12435 = AXIS2_PLACEMENT_3D('',#12436,#12437,#12438);
#12436 = CARTESIAN_POINT('',(-0.127,-15.4685,-2.843));
#12437 = DIRECTION('',(4.440892098501E-16,-1.,-3.124088708055E-16));
#12438 = DIRECTION('',(1.387374085862E-31,-3.124088708055E-16,1.));
#12439 = ADVANCED_FACE('',(#12440),#12451,.T.);
#12440 = FACE_BOUND('',#12441,.T.);
#12441 = EDGE_LOOP('',(#12442,#12443,#12444,#12450));
#12442 = ORIENTED_EDGE('',*,*,#12411,.T.);
#12443 = ORIENTED_EDGE('',*,*,#10677,.T.);
#12444 = ORIENTED_EDGE('',*,*,#12445,.F.);
#12445 = EDGE_CURVE('',#10588,#10670,#12446,.T.);
#12446 = LINE('',#12447,#12448);
#12447 = CARTESIAN_POINT('',(-0.127,-15.35425,-3.3));
#12448 = VECTOR('',#12449,1.);
#12449 = DIRECTION('',(1.,4.440892098501E-16,0.));
#12450 = ORIENTED_EDGE('',*,*,#10595,.F.);
#12451 = PLANE('',#12452);
#12452 = AXIS2_PLACEMENT_3D('',#12453,#12454,#12455);
#12453 = CARTESIAN_POINT('',(-0.127,-15.12575,-3.3));
#12454 = DIRECTION('',(0.,0.,-1.));
#12455 = DIRECTION('',(4.440892098501E-16,-1.,0.));
#12456 = ADVANCED_FACE('',(#12457),#12463,.T.);
#12457 = FACE_BOUND('',#12458,.T.);
#12458 = EDGE_LOOP('',(#12459,#12460,#12461,#12462));
#12459 = ORIENTED_EDGE('',*,*,#12445,.T.);
#12460 = ORIENTED_EDGE('',*,*,#10669,.T.);
#12461 = ORIENTED_EDGE('',*,*,#12426,.F.);
#12462 = ORIENTED_EDGE('',*,*,#10587,.F.);
#12463 = PLANE('',#12464);
#12464 = AXIS2_PLACEMENT_3D('',#12465,#12466,#12467);
#12465 = CARTESIAN_POINT('',(-0.127,-15.35425,-3.3));
#12466 = DIRECTION('',(4.308298163317E-16,-0.970142500145,
    -0.242535625036));
#12467 = DIRECTION('',(1.077074540829E-16,-0.242535625036,0.970142500145
    ));
#12468 = ADVANCED_FACE('',(#12469),#12480,.T.);
#12469 = FACE_BOUND('',#12470,.T.);
#12470 = EDGE_LOOP('',(#12471,#12472,#12473,#12479));
#12471 = ORIENTED_EDGE('',*,*,#10873,.T.);
#12472 = ORIENTED_EDGE('',*,*,#10931,.T.);
#12473 = ORIENTED_EDGE('',*,*,#12474,.F.);
#12474 = EDGE_CURVE('',#10835,#10924,#12475,.T.);
#12475 = LINE('',#12476,#12477);
#12476 = CARTESIAN_POINT('',(-0.127,-4.8515,-2.843));
#12477 = VECTOR('',#12478,1.);
#12478 = DIRECTION('',(1.,4.440892098501E-16,0.));
#12479 = ORIENTED_EDGE('',*,*,#10842,.F.);
#12480 = PLANE('',#12481);
#12481 = AXIS2_PLACEMENT_3D('',#12482,#12483,#12484);
#12482 = CARTESIAN_POINT('',(-0.127,-4.8515,0.));
#12483 = DIRECTION('',(-4.440892098501E-16,1.,-3.124088708055E-16));
#12484 = DIRECTION('',(1.387374085862E-31,-3.124088708055E-16,-1.));
#12485 = ADVANCED_FACE('',(#12486),#12497,.T.);
#12486 = FACE_BOUND('',#12487,.T.);
#12487 = EDGE_LOOP('',(#12488,#12489,#12490,#12496));
#12488 = ORIENTED_EDGE('',*,*,#12474,.T.);
#12489 = ORIENTED_EDGE('',*,*,#10923,.T.);
#12490 = ORIENTED_EDGE('',*,*,#12491,.F.);
#12491 = EDGE_CURVE('',#10827,#10916,#12492,.T.);
#12492 = LINE('',#12493,#12494);
#12493 = CARTESIAN_POINT('',(-0.127,-4.96575,-3.3));
#12494 = VECTOR('',#12495,1.);
#12495 = DIRECTION('',(1.,4.440892098501E-16,0.));
#12496 = ORIENTED_EDGE('',*,*,#10834,.F.);
#12497 = PLANE('',#12498);
#12498 = AXIS2_PLACEMENT_3D('',#12499,#12500,#12501);
#12499 = CARTESIAN_POINT('',(-0.127,-4.8515,-2.843));
#12500 = DIRECTION('',(-4.308298163317E-16,0.970142500145,
    -0.242535625036));
#12501 = DIRECTION('',(1.077074540829E-16,-0.242535625036,
    -0.970142500145));
#12502 = ADVANCED_FACE('',(#12503),#12514,.T.);
#12503 = FACE_BOUND('',#12504,.T.);
#12504 = EDGE_LOOP('',(#12505,#12511,#12512,#12513));
#12505 = ORIENTED_EDGE('',*,*,#12506,.T.);
#12506 = EDGE_CURVE('',#10811,#10900,#12507,.T.);
#12507 = LINE('',#12508,#12509);
#12508 = CARTESIAN_POINT('',(-0.127,-5.3085,-2.843));
#12509 = VECTOR('',#12510,1.);
#12510 = DIRECTION('',(1.,4.440892098501E-16,0.));
#12511 = ORIENTED_EDGE('',*,*,#10899,.T.);
#12512 = ORIENTED_EDGE('',*,*,#11129,.F.);
#12513 = ORIENTED_EDGE('',*,*,#10810,.F.);
#12514 = PLANE('',#12515);
#12515 = AXIS2_PLACEMENT_3D('',#12516,#12517,#12518);
#12516 = CARTESIAN_POINT('',(-0.127,-5.3085,-2.843));
#12517 = DIRECTION('',(4.440892098501E-16,-1.,-3.124088708055E-16));
#12518 = DIRECTION('',(1.387374085862E-31,-3.124088708055E-16,1.));
#12519 = ADVANCED_FACE('',(#12520),#12531,.T.);
#12520 = FACE_BOUND('',#12521,.T.);
#12521 = EDGE_LOOP('',(#12522,#12523,#12524,#12530));
#12522 = ORIENTED_EDGE('',*,*,#12491,.T.);
#12523 = ORIENTED_EDGE('',*,*,#10915,.T.);
#12524 = ORIENTED_EDGE('',*,*,#12525,.F.);
#12525 = EDGE_CURVE('',#10819,#10908,#12526,.T.);
#12526 = LINE('',#12527,#12528);
#12527 = CARTESIAN_POINT('',(-0.127,-5.19425,-3.3));
#12528 = VECTOR('',#12529,1.);
#12529 = DIRECTION('',(1.,4.440892098501E-16,0.));
#12530 = ORIENTED_EDGE('',*,*,#10826,.F.);
#12531 = PLANE('',#12532);
#12532 = AXIS2_PLACEMENT_3D('',#12533,#12534,#12535);
#12533 = CARTESIAN_POINT('',(-0.127,-4.96575,-3.3));
#12534 = DIRECTION('',(0.,0.,-1.));
#12535 = DIRECTION('',(4.440892098501E-16,-1.,0.));
#12536 = ADVANCED_FACE('',(#12537),#12543,.T.);
#12537 = FACE_BOUND('',#12538,.T.);
#12538 = EDGE_LOOP('',(#12539,#12540,#12541,#12542));
#12539 = ORIENTED_EDGE('',*,*,#12525,.T.);
#12540 = ORIENTED_EDGE('',*,*,#10907,.T.);
#12541 = ORIENTED_EDGE('',*,*,#12506,.F.);
#12542 = ORIENTED_EDGE('',*,*,#10818,.F.);
#12543 = PLANE('',#12544);
#12544 = AXIS2_PLACEMENT_3D('',#12545,#12546,#12547);
#12545 = CARTESIAN_POINT('',(-0.127,-5.19425,-3.3));
#12546 = DIRECTION('',(4.308298163317E-16,-0.970142500145,
    -0.242535625036));
#12547 = DIRECTION('',(1.077074540829E-16,-0.242535625036,0.970142500145
    ));
#12548 = ADVANCED_FACE('',(#12549),#12560,.T.);
#12549 = FACE_BOUND('',#12550,.T.);
#12550 = EDGE_LOOP('',(#12551,#12552,#12553,#12559));
#12551 = ORIENTED_EDGE('',*,*,#11148,.T.);
#12552 = ORIENTED_EDGE('',*,*,#11093,.T.);
#12553 = ORIENTED_EDGE('',*,*,#12554,.F.);
#12554 = EDGE_CURVE('',#11004,#11086,#12555,.T.);
#12555 = LINE('',#12556,#12557);
#12556 = CARTESIAN_POINT('',(-0.127,-12.4715,-2.843));
#12557 = VECTOR('',#12558,1.);
#12558 = DIRECTION('',(1.,4.440892098501E-16,0.));
#12559 = ORIENTED_EDGE('',*,*,#11011,.F.);
#12560 = PLANE('',#12561);
#12561 = AXIS2_PLACEMENT_3D('',#12562,#12563,#12564);
#12562 = CARTESIAN_POINT('',(-0.127,-12.4715,0.));
#12563 = DIRECTION('',(-4.440892098501E-16,1.,-3.124088708055E-16));
#12564 = DIRECTION('',(1.387374085862E-31,-3.124088708055E-16,-1.));
#12565 = ADVANCED_FACE('',(#12566),#12577,.T.);
#12566 = FACE_BOUND('',#12567,.T.);
#12567 = EDGE_LOOP('',(#12568,#12569,#12570,#12576));
#12568 = ORIENTED_EDGE('',*,*,#12554,.T.);
#12569 = ORIENTED_EDGE('',*,*,#11085,.T.);
#12570 = ORIENTED_EDGE('',*,*,#12571,.F.);
#12571 = EDGE_CURVE('',#10996,#11078,#12572,.T.);
#12572 = LINE('',#12573,#12574);
#12573 = CARTESIAN_POINT('',(-0.127,-12.58575,-3.3));
#12574 = VECTOR('',#12575,1.);
#12575 = DIRECTION('',(1.,4.440892098501E-16,0.));
#12576 = ORIENTED_EDGE('',*,*,#11003,.F.);
#12577 = PLANE('',#12578);
#12578 = AXIS2_PLACEMENT_3D('',#12579,#12580,#12581);
#12579 = CARTESIAN_POINT('',(-0.127,-12.4715,-2.843));
#12580 = DIRECTION('',(-4.308298163317E-16,0.970142500145,
    -0.242535625036));
#12581 = DIRECTION('',(1.077074540829E-16,-0.242535625036,
    -0.970142500145));
#12582 = ADVANCED_FACE('',(#12583),#12594,.T.);
#12583 = FACE_BOUND('',#12584,.T.);
#12584 = EDGE_LOOP('',(#12585,#12591,#12592,#12593));
#12585 = ORIENTED_EDGE('',*,*,#12586,.T.);
#12586 = EDGE_CURVE('',#10980,#11062,#12587,.T.);
#12587 = LINE('',#12588,#12589);
#12588 = CARTESIAN_POINT('',(-0.127,-12.9285,-2.843));
#12589 = VECTOR('',#12590,1.);
#12590 = DIRECTION('',(1.,4.440892098501E-16,0.));
#12591 = ORIENTED_EDGE('',*,*,#11061,.T.);
#12592 = ORIENTED_EDGE('',*,*,#11033,.F.);
#12593 = ORIENTED_EDGE('',*,*,#10979,.F.);
#12594 = PLANE('',#12595);
#12595 = AXIS2_PLACEMENT_3D('',#12596,#12597,#12598);
#12596 = CARTESIAN_POINT('',(-0.127,-12.9285,-2.843));
#12597 = DIRECTION('',(4.440892098501E-16,-1.,-3.124088708055E-16));
#12598 = DIRECTION('',(1.387374085862E-31,-3.124088708055E-16,1.));
#12599 = ADVANCED_FACE('',(#12600),#12611,.T.);
#12600 = FACE_BOUND('',#12601,.T.);
#12601 = EDGE_LOOP('',(#12602,#12603,#12604,#12610));
#12602 = ORIENTED_EDGE('',*,*,#12571,.T.);
#12603 = ORIENTED_EDGE('',*,*,#11077,.T.);
#12604 = ORIENTED_EDGE('',*,*,#12605,.F.);
#12605 = EDGE_CURVE('',#10988,#11070,#12606,.T.);
#12606 = LINE('',#12607,#12608);
#12607 = CARTESIAN_POINT('',(-0.127,-12.81425,-3.3));
#12608 = VECTOR('',#12609,1.);
#12609 = DIRECTION('',(1.,4.440892098501E-16,0.));
#12610 = ORIENTED_EDGE('',*,*,#10995,.F.);
#12611 = PLANE('',#12612);
#12612 = AXIS2_PLACEMENT_3D('',#12613,#12614,#12615);
#12613 = CARTESIAN_POINT('',(-0.127,-12.58575,-3.3));
#12614 = DIRECTION('',(0.,0.,-1.));
#12615 = DIRECTION('',(4.440892098501E-16,-1.,0.));
#12616 = ADVANCED_FACE('',(#12617),#12623,.T.);
#12617 = FACE_BOUND('',#12618,.T.);
#12618 = EDGE_LOOP('',(#12619,#12620,#12621,#12622));
#12619 = ORIENTED_EDGE('',*,*,#12605,.T.);
#12620 = ORIENTED_EDGE('',*,*,#11069,.T.);
#12621 = ORIENTED_EDGE('',*,*,#12586,.F.);
#12622 = ORIENTED_EDGE('',*,*,#10987,.F.);
#12623 = PLANE('',#12624);
#12624 = AXIS2_PLACEMENT_3D('',#12625,#12626,#12627);
#12625 = CARTESIAN_POINT('',(-0.127,-12.81425,-3.3));
#12626 = DIRECTION('',(4.308298163317E-16,-0.970142500145,
    -0.242535625036));
#12627 = DIRECTION('',(1.077074540829E-16,-0.242535625036,0.970142500145
    ));
#12628 = ADVANCED_FACE('',(#12629),#12640,.T.);
#12629 = FACE_BOUND('',#12630,.T.);
#12630 = EDGE_LOOP('',(#12631,#12632,#12633,#12639));
#12631 = ORIENTED_EDGE('',*,*,#11273,.T.);
#12632 = ORIENTED_EDGE('',*,*,#11331,.T.);
#12633 = ORIENTED_EDGE('',*,*,#12634,.F.);
#12634 = EDGE_CURVE('',#11235,#11324,#12635,.T.);
#12635 = LINE('',#12636,#12637);
#12636 = CARTESIAN_POINT('',(-0.127,-7.3915,-2.843));
#12637 = VECTOR('',#12638,1.);
#12638 = DIRECTION('',(1.,4.440892098501E-16,0.));
#12639 = ORIENTED_EDGE('',*,*,#11242,.F.);
#12640 = PLANE('',#12641);
#12641 = AXIS2_PLACEMENT_3D('',#12642,#12643,#12644);
#12642 = CARTESIAN_POINT('',(-0.127,-7.3915,0.));
#12643 = DIRECTION('',(-4.440892098501E-16,1.,-3.124088708055E-16));
#12644 = DIRECTION('',(1.387374085862E-31,-3.124088708055E-16,-1.));
#12645 = ADVANCED_FACE('',(#12646),#12657,.T.);
#12646 = FACE_BOUND('',#12647,.T.);
#12647 = EDGE_LOOP('',(#12648,#12649,#12650,#12656));
#12648 = ORIENTED_EDGE('',*,*,#12634,.T.);
#12649 = ORIENTED_EDGE('',*,*,#11323,.T.);
#12650 = ORIENTED_EDGE('',*,*,#12651,.F.);
#12651 = EDGE_CURVE('',#11227,#11316,#12652,.T.);
#12652 = LINE('',#12653,#12654);
#12653 = CARTESIAN_POINT('',(-0.127,-7.50575,-3.3));
#12654 = VECTOR('',#12655,1.);
#12655 = DIRECTION('',(1.,4.440892098501E-16,0.));
#12656 = ORIENTED_EDGE('',*,*,#11234,.F.);
#12657 = PLANE('',#12658);
#12658 = AXIS2_PLACEMENT_3D('',#12659,#12660,#12661);
#12659 = CARTESIAN_POINT('',(-0.127,-7.3915,-2.843));
#12660 = DIRECTION('',(-4.308298163317E-16,0.970142500145,
    -0.242535625036));
#12661 = DIRECTION('',(1.077074540829E-16,-0.242535625036,
    -0.970142500145));
#12662 = ADVANCED_FACE('',(#12663),#12674,.T.);
#12663 = FACE_BOUND('',#12664,.T.);
#12664 = EDGE_LOOP('',(#12665,#12671,#12672,#12673));
#12665 = ORIENTED_EDGE('',*,*,#12666,.T.);
#12666 = EDGE_CURVE('',#11211,#11300,#12667,.T.);
#12667 = LINE('',#12668,#12669);
#12668 = CARTESIAN_POINT('',(-0.127,-7.8485,-2.843));
#12669 = VECTOR('',#12670,1.);
#12670 = DIRECTION('',(1.,4.440892098501E-16,0.));
#12671 = ORIENTED_EDGE('',*,*,#11299,.T.);
#12672 = ORIENTED_EDGE('',*,*,#11529,.F.);
#12673 = ORIENTED_EDGE('',*,*,#11210,.F.);
#12674 = PLANE('',#12675);
#12675 = AXIS2_PLACEMENT_3D('',#12676,#12677,#12678);
#12676 = CARTESIAN_POINT('',(-0.127,-7.8485,-2.843));
#12677 = DIRECTION('',(4.440892098501E-16,-1.,-3.124088708055E-16));
#12678 = DIRECTION('',(1.387374085862E-31,-3.124088708055E-16,1.));
#12679 = ADVANCED_FACE('',(#12680),#12691,.T.);
#12680 = FACE_BOUND('',#12681,.T.);
#12681 = EDGE_LOOP('',(#12682,#12683,#12684,#12690));
#12682 = ORIENTED_EDGE('',*,*,#12651,.T.);
#12683 = ORIENTED_EDGE('',*,*,#11315,.T.);
#12684 = ORIENTED_EDGE('',*,*,#12685,.F.);
#12685 = EDGE_CURVE('',#11219,#11308,#12686,.T.);
#12686 = LINE('',#12687,#12688);
#12687 = CARTESIAN_POINT('',(-0.127,-7.73425,-3.3));
#12688 = VECTOR('',#12689,1.);
#12689 = DIRECTION('',(1.,4.440892098501E-16,0.));
#12690 = ORIENTED_EDGE('',*,*,#11226,.F.);
#12691 = PLANE('',#12692);
#12692 = AXIS2_PLACEMENT_3D('',#12693,#12694,#12695);
#12693 = CARTESIAN_POINT('',(-0.127,-7.50575,-3.3));
#12694 = DIRECTION('',(0.,0.,-1.));
#12695 = DIRECTION('',(4.440892098501E-16,-1.,0.));
#12696 = ADVANCED_FACE('',(#12697),#12703,.T.);
#12697 = FACE_BOUND('',#12698,.T.);
#12698 = EDGE_LOOP('',(#12699,#12700,#12701,#12702));
#12699 = ORIENTED_EDGE('',*,*,#12685,.T.);
#12700 = ORIENTED_EDGE('',*,*,#11307,.T.);
#12701 = ORIENTED_EDGE('',*,*,#12666,.F.);
#12702 = ORIENTED_EDGE('',*,*,#11218,.F.);
#12703 = PLANE('',#12704);
#12704 = AXIS2_PLACEMENT_3D('',#12705,#12706,#12707);
#12705 = CARTESIAN_POINT('',(-0.127,-7.73425,-3.3));
#12706 = DIRECTION('',(4.308298163317E-16,-0.970142500145,
    -0.242535625036));
#12707 = DIRECTION('',(1.077074540829E-16,-0.242535625036,0.970142500145
    ));
#12708 = ADVANCED_FACE('',(#12709),#12720,.T.);
#12709 = FACE_BOUND('',#12710,.T.);
#12710 = EDGE_LOOP('',(#12711,#12712,#12713,#12719));
#12711 = ORIENTED_EDGE('',*,*,#11548,.T.);
#12712 = ORIENTED_EDGE('',*,*,#11493,.T.);
#12713 = ORIENTED_EDGE('',*,*,#12714,.F.);
#12714 = EDGE_CURVE('',#11404,#11486,#12715,.T.);
#12715 = LINE('',#12716,#12717);
#12716 = CARTESIAN_POINT('',(-0.127,-9.9315,-2.843));
#12717 = VECTOR('',#12718,1.);
#12718 = DIRECTION('',(1.,4.440892098501E-16,0.));
#12719 = ORIENTED_EDGE('',*,*,#11411,.F.);
#12720 = PLANE('',#12721);
#12721 = AXIS2_PLACEMENT_3D('',#12722,#12723,#12724);
#12722 = CARTESIAN_POINT('',(-0.127,-9.9315,0.));
#12723 = DIRECTION('',(-4.440892098501E-16,1.,-3.124088708055E-16));
#12724 = DIRECTION('',(1.387374085862E-31,-3.124088708055E-16,-1.));
#12725 = ADVANCED_FACE('',(#12726),#12737,.T.);
#12726 = FACE_BOUND('',#12727,.T.);
#12727 = EDGE_LOOP('',(#12728,#12729,#12730,#12736));
#12728 = ORIENTED_EDGE('',*,*,#12714,.T.);
#12729 = ORIENTED_EDGE('',*,*,#11485,.T.);
#12730 = ORIENTED_EDGE('',*,*,#12731,.F.);
#12731 = EDGE_CURVE('',#11396,#11478,#12732,.T.);
#12732 = LINE('',#12733,#12734);
#12733 = CARTESIAN_POINT('',(-0.127,-10.04575,-3.3));
#12734 = VECTOR('',#12735,1.);
#12735 = DIRECTION('',(1.,4.440892098501E-16,0.));
#12736 = ORIENTED_EDGE('',*,*,#11403,.F.);
#12737 = PLANE('',#12738);
#12738 = AXIS2_PLACEMENT_3D('',#12739,#12740,#12741);
#12739 = CARTESIAN_POINT('',(-0.127,-9.9315,-2.843));
#12740 = DIRECTION('',(-4.308298163317E-16,0.970142500145,
    -0.242535625036));
#12741 = DIRECTION('',(1.077074540829E-16,-0.242535625036,
    -0.970142500145));
#12742 = ADVANCED_FACE('',(#12743),#12754,.T.);
#12743 = FACE_BOUND('',#12744,.T.);
#12744 = EDGE_LOOP('',(#12745,#12751,#12752,#12753));
#12745 = ORIENTED_EDGE('',*,*,#12746,.T.);
#12746 = EDGE_CURVE('',#11380,#11462,#12747,.T.);
#12747 = LINE('',#12748,#12749);
#12748 = CARTESIAN_POINT('',(-0.127,-10.3885,-2.843));
#12749 = VECTOR('',#12750,1.);
#12750 = DIRECTION('',(1.,4.440892098501E-16,0.));
#12751 = ORIENTED_EDGE('',*,*,#11461,.T.);
#12752 = ORIENTED_EDGE('',*,*,#11433,.F.);
#12753 = ORIENTED_EDGE('',*,*,#11379,.F.);
#12754 = PLANE('',#12755);
#12755 = AXIS2_PLACEMENT_3D('',#12756,#12757,#12758);
#12756 = CARTESIAN_POINT('',(-0.127,-10.3885,-2.843));
#12757 = DIRECTION('',(4.440892098501E-16,-1.,-3.124088708055E-16));
#12758 = DIRECTION('',(1.387374085862E-31,-3.124088708055E-16,1.));
#12759 = ADVANCED_FACE('',(#12760),#12771,.T.);
#12760 = FACE_BOUND('',#12761,.T.);
#12761 = EDGE_LOOP('',(#12762,#12763,#12764,#12770));
#12762 = ORIENTED_EDGE('',*,*,#12731,.T.);
#12763 = ORIENTED_EDGE('',*,*,#11477,.T.);
#12764 = ORIENTED_EDGE('',*,*,#12765,.F.);
#12765 = EDGE_CURVE('',#11388,#11470,#12766,.T.);
#12766 = LINE('',#12767,#12768);
#12767 = CARTESIAN_POINT('',(-0.127,-10.27425,-3.3));
#12768 = VECTOR('',#12769,1.);
#12769 = DIRECTION('',(1.,4.440892098501E-16,0.));
#12770 = ORIENTED_EDGE('',*,*,#11395,.F.);
#12771 = PLANE('',#12772);
#12772 = AXIS2_PLACEMENT_3D('',#12773,#12774,#12775);
#12773 = CARTESIAN_POINT('',(-0.127,-10.04575,-3.3));
#12774 = DIRECTION('',(0.,0.,-1.));
#12775 = DIRECTION('',(4.440892098501E-16,-1.,0.));
#12776 = ADVANCED_FACE('',(#12777),#12783,.T.);
#12777 = FACE_BOUND('',#12778,.T.);
#12778 = EDGE_LOOP('',(#12779,#12780,#12781,#12782));
#12779 = ORIENTED_EDGE('',*,*,#12765,.T.);
#12780 = ORIENTED_EDGE('',*,*,#11469,.T.);
#12781 = ORIENTED_EDGE('',*,*,#12746,.F.);
#12782 = ORIENTED_EDGE('',*,*,#11387,.F.);
#12783 = PLANE('',#12784);
#12784 = AXIS2_PLACEMENT_3D('',#12785,#12786,#12787);
#12785 = CARTESIAN_POINT('',(-0.127,-10.27425,-3.3));
#12786 = DIRECTION('',(4.308298163317E-16,-0.970142500145,
    -0.242535625036));
#12787 = DIRECTION('',(1.077074540829E-16,-0.242535625036,0.970142500145
    ));
#12788 = ( GEOMETRIC_REPRESENTATION_CONTEXT(3) 
GLOBAL_UNCERTAINTY_ASSIGNED_CONTEXT((#12792)) 
GLOBAL_UNIT_ASSIGNED_CONTEXT((#12789,#12790,#12791)) 
REPRESENTATION_CONTEXT('Context #1',
  '3D Context with UNIT and UNCERTAINTY') );
#12789 = ( LENGTH_UNIT() NAMED_UNIT(*) SI_UNIT(.MILLI.,.METRE.) );
#12790 = ( NAMED_UNIT(*) PLANE_ANGLE_UNIT() SI_UNIT($,.RADIAN.) );
#12791 = ( NAMED_UNIT(*) SI_UNIT($,.STERADIAN.) SOLID_ANGLE_UNIT() );
#12792 = UNCERTAINTY_MEASURE_WITH_UNIT(LENGTH_MEASURE(2.E-06),#12789,
  'distance_accuracy_value','confusion accuracy');
#12793 = CONTEXT_DEPENDENT_SHAPE_REPRESENTATION(#12794,#12796);
#12794 = ( REPRESENTATION_RELATIONSHIP('','',#3783,#10) 
REPRESENTATION_RELATIONSHIP_WITH_TRANSFORMATION(#12795) 
SHAPE_REPRESENTATION_RELATIONSHIP() );
#12795 = ITEM_DEFINED_TRANSFORMATION('','',#11,#55);
#12796 = PRODUCT_DEFINITION_SHAPE('Placement','Placement of an item',
  #12797);
#12797 = NEXT_ASSEMBLY_USAGE_OCCURRENCE('11','U2','',#5,#3778,$);
#12798 = PRODUCT_RELATED_PRODUCT_CATEGORY('part',$,(#3780));
#12799 = SHAPE_DEFINITION_REPRESENTATION(#12800,#12806);
#12800 = PRODUCT_DEFINITION_SHAPE('','',#12801);
#12801 = PRODUCT_DEFINITION('design','',#12802,#12805);
#12802 = PRODUCT_DEFINITION_FORMATION('','',#12803);
#12803 = PRODUCT('hackpad_PCB','hackpad_PCB','',(#12804));
#12804 = PRODUCT_CONTEXT('',#2,'mechanical');
#12805 = PRODUCT_DEFINITION_CONTEXT('part definition',#2,'design');
#12806 = ADVANCED_BREP_SHAPE_REPRESENTATION('',(#11,#12807),#17729);
#12807 = MANIFOLD_SOLID_BREP('',#12808);
#12808 = CLOSED_SHELL('',(#12809,#12849,#12880,#12911,#14260,#15609,
    #15621,#15638,#15655,#15672,#15689,#15706,#15723,#15740,#15757,
    #15774,#15791,#15808,#15825,#15842,#15859,#15876,#15893,#15910,
    #15927,#15944,#15961,#15978,#15995,#16012,#16029,#16046,#16063,
    #16080,#16097,#16114,#16131,#16148,#16165,#16182,#16199,#16216,
    #16233,#16250,#16267,#16284,#16301,#16318,#16335,#16352,#16369,
    #16386,#16403,#16420,#16437,#16454,#16471,#16488,#16505,#16522,
    #16539,#16556,#16573,#16590,#16607,#16624,#16641,#16658,#16680,
    #16697,#16714,#16726,#16748,#16765,#16782,#16794,#16811,#16828,
    #16845,#16862,#16879,#16896,#16913,#16930,#16952,#16969,#16986,
    #16998,#17015,#17032,#17049,#17066,#17083,#17100,#17117,#17134,
    #17156,#17173,#17190,#17202,#17219,#17236,#17253,#17270,#17287,
    #17304,#17321,#17338,#17355,#17372,#17389,#17406,#17423,#17440,
    #17457,#17474,#17491,#17508,#17525,#17542,#17559,#17576,#17593,
    #17610,#17627,#17644,#17661,#17678,#17695,#17712));
#12809 = ADVANCED_FACE('',(#12810),#12844,.T.);
#12810 = FACE_BOUND('',#12811,.T.);
#12811 = EDGE_LOOP('',(#12812,#12822,#12830,#12838));
#12812 = ORIENTED_EDGE('',*,*,#12813,.T.);
#12813 = EDGE_CURVE('',#12814,#12816,#12818,.T.);
#12814 = VERTEX_POINT('',#12815);
#12815 = CARTESIAN_POINT('',(179.07,-142.24,0.));
#12816 = VERTEX_POINT('',#12817);
#12817 = CARTESIAN_POINT('',(179.07,-142.24,1.51));
#12818 = LINE('',#12819,#12820);
#12819 = CARTESIAN_POINT('',(179.07,-142.24,0.));
#12820 = VECTOR('',#12821,1.);
#12821 = DIRECTION('',(0.,0.,1.));
#12822 = ORIENTED_EDGE('',*,*,#12823,.T.);
#12823 = EDGE_CURVE('',#12816,#12824,#12826,.T.);
#12824 = VERTEX_POINT('',#12825);
#12825 = CARTESIAN_POINT('',(66.294,-142.24,1.51));
#12826 = LINE('',#12827,#12828);
#12827 = CARTESIAN_POINT('',(179.07,-142.24,1.51));
#12828 = VECTOR('',#12829,1.);
#12829 = DIRECTION('',(-1.,0.,0.));
#12830 = ORIENTED_EDGE('',*,*,#12831,.F.);
#12831 = EDGE_CURVE('',#12832,#12824,#12834,.T.);
#12832 = VERTEX_POINT('',#12833);
#12833 = CARTESIAN_POINT('',(66.294,-142.24,0.));
#12834 = LINE('',#12835,#12836);
#12835 = CARTESIAN_POINT('',(66.294,-142.24,0.));
#12836 = VECTOR('',#12837,1.);
#12837 = DIRECTION('',(0.,0.,1.));
#12838 = ORIENTED_EDGE('',*,*,#12839,.F.);
#12839 = EDGE_CURVE('',#12814,#12832,#12840,.T.);
#12840 = LINE('',#12841,#12842);
#12841 = CARTESIAN_POINT('',(179.07,-142.24,0.));
#12842 = VECTOR('',#12843,1.);
#12843 = DIRECTION('',(-1.,0.,0.));
#12844 = PLANE('',#12845);
#12845 = AXIS2_PLACEMENT_3D('',#12846,#12847,#12848);
#12846 = CARTESIAN_POINT('',(179.07,-142.24,0.));
#12847 = DIRECTION('',(0.,-1.,0.));
#12848 = DIRECTION('',(-1.,0.,0.));
#12849 = ADVANCED_FACE('',(#12850),#12875,.T.);
#12850 = FACE_BOUND('',#12851,.T.);
#12851 = EDGE_LOOP('',(#12852,#12862,#12868,#12869));
#12852 = ORIENTED_EDGE('',*,*,#12853,.T.);
#12853 = EDGE_CURVE('',#12854,#12856,#12858,.T.);
#12854 = VERTEX_POINT('',#12855);
#12855 = CARTESIAN_POINT('',(179.07,-58.928,0.));
#12856 = VERTEX_POINT('',#12857);
#12857 = CARTESIAN_POINT('',(179.07,-58.928,1.51));
#12858 = LINE('',#12859,#12860);
#12859 = CARTESIAN_POINT('',(179.07,-58.928,0.));
#12860 = VECTOR('',#12861,1.);
#12861 = DIRECTION('',(0.,0.,1.));
#12862 = ORIENTED_EDGE('',*,*,#12863,.T.);
#12863 = EDGE_CURVE('',#12856,#12816,#12864,.T.);
#12864 = LINE('',#12865,#12866);
#12865 = CARTESIAN_POINT('',(179.07,-58.928,1.51));
#12866 = VECTOR('',#12867,1.);
#12867 = DIRECTION('',(0.,-1.,0.));
#12868 = ORIENTED_EDGE('',*,*,#12813,.F.);
#12869 = ORIENTED_EDGE('',*,*,#12870,.F.);
#12870 = EDGE_CURVE('',#12854,#12814,#12871,.T.);
#12871 = LINE('',#12872,#12873);
#12872 = CARTESIAN_POINT('',(179.07,-58.928,0.));
#12873 = VECTOR('',#12874,1.);
#12874 = DIRECTION('',(0.,-1.,0.));
#12875 = PLANE('',#12876);
#12876 = AXIS2_PLACEMENT_3D('',#12877,#12878,#12879);
#12877 = CARTESIAN_POINT('',(179.07,-58.928,0.));
#12878 = DIRECTION('',(1.,0.,-0.));
#12879 = DIRECTION('',(0.,-1.,0.));
#12880 = ADVANCED_FACE('',(#12881),#12906,.T.);
#12881 = FACE_BOUND('',#12882,.T.);
#12882 = EDGE_LOOP('',(#12883,#12884,#12892,#12900));
#12883 = ORIENTED_EDGE('',*,*,#12831,.T.);
#12884 = ORIENTED_EDGE('',*,*,#12885,.T.);
#12885 = EDGE_CURVE('',#12824,#12886,#12888,.T.);
#12886 = VERTEX_POINT('',#12887);
#12887 = CARTESIAN_POINT('',(66.294,-58.928,1.51));
#12888 = LINE('',#12889,#12890);
#12889 = CARTESIAN_POINT('',(66.294,-142.24,1.51));
#12890 = VECTOR('',#12891,1.);
#12891 = DIRECTION('',(0.,1.,0.));
#12892 = ORIENTED_EDGE('',*,*,#12893,.F.);
#12893 = EDGE_CURVE('',#12894,#12886,#12896,.T.);
#12894 = VERTEX_POINT('',#12895);
#12895 = CARTESIAN_POINT('',(66.294,-58.928,0.));
#12896 = LINE('',#12897,#12898);
#12897 = CARTESIAN_POINT('',(66.294,-58.928,0.));
#12898 = VECTOR('',#12899,1.);
#12899 = DIRECTION('',(0.,0.,1.));
#12900 = ORIENTED_EDGE('',*,*,#12901,.F.);
#12901 = EDGE_CURVE('',#12832,#12894,#12902,.T.);
#12902 = LINE('',#12903,#12904);
#12903 = CARTESIAN_POINT('',(66.294,-142.24,0.));
#12904 = VECTOR('',#12905,1.);
#12905 = DIRECTION('',(0.,1.,0.));
#12906 = PLANE('',#12907);
#12907 = AXIS2_PLACEMENT_3D('',#12908,#12909,#12910);
#12908 = CARTESIAN_POINT('',(66.294,-142.24,0.));
#12909 = DIRECTION('',(-1.,0.,0.));
#12910 = DIRECTION('',(0.,1.,0.));
#12911 = ADVANCED_FACE('',(#12912,#12923,#12934,#12945,#12956,#12967,
    #12978,#12989,#13000,#13011,#13022,#13033,#13044,#13055,#13066,
    #13077,#13088,#13099,#13110,#13121,#13132,#13143,#13154,#13165,
    #13176,#13187,#13198,#13209,#13220,#13231,#13242,#13253,#13264,
    #13275,#13286,#13297,#13308,#13319,#13330,#13341,#13352,#13363,
    #13374,#13385,#13396,#13407,#13418,#13429,#13440,#13451,#13462,
    #13473,#13484,#13495,#13506,#13517,#13528,#13539,#13550,#13561,
    #13572,#13583,#13594,#13630,#13666,#13677,#13688,#13699,#13710,
    #13721,#13732,#13743,#13754,#13790,#13801,#13812,#13823,#13834,
    #13845,#13856,#13867,#13878,#13914,#13925,#13936,#13947,#13958,
    #13969,#13980,#13991,#14002,#14013,#14024,#14035,#14046,#14057,
    #14068,#14079,#14090,#14101,#14112,#14123,#14134,#14145,#14156,
    #14167,#14178,#14189,#14200,#14211,#14222,#14233,#14244),#14255,.F.
  );
#12912 = FACE_BOUND('',#12913,.F.);
#12913 = EDGE_LOOP('',(#12914,#12915,#12916,#12922));
#12914 = ORIENTED_EDGE('',*,*,#12839,.F.);
#12915 = ORIENTED_EDGE('',*,*,#12870,.F.);
#12916 = ORIENTED_EDGE('',*,*,#12917,.F.);
#12917 = EDGE_CURVE('',#12894,#12854,#12918,.T.);
#12918 = LINE('',#12919,#12920);
#12919 = CARTESIAN_POINT('',(66.294,-58.928,0.));
#12920 = VECTOR('',#12921,1.);
#12921 = DIRECTION('',(1.,0.,0.));
#12922 = ORIENTED_EDGE('',*,*,#12901,.F.);
#12923 = FACE_BOUND('',#12924,.F.);
#12924 = EDGE_LOOP('',(#12925));
#12925 = ORIENTED_EDGE('',*,*,#12926,.T.);
#12926 = EDGE_CURVE('',#12927,#12927,#12929,.T.);
#12927 = VERTEX_POINT('',#12928);
#12928 = CARTESIAN_POINT('',(85.471,-130.136,0.));
#12929 = CIRCLE('',#12930,0.85);
#12930 = AXIS2_PLACEMENT_3D('',#12931,#12932,#12933);
#12931 = CARTESIAN_POINT('',(85.471,-129.286,0.));
#12932 = DIRECTION('',(-0.,0.,-1.));
#12933 = DIRECTION('',(-0.,-1.,0.));
#12934 = FACE_BOUND('',#12935,.F.);
#12935 = EDGE_LOOP('',(#12936));
#12936 = ORIENTED_EDGE('',*,*,#12937,.T.);
#12937 = EDGE_CURVE('',#12938,#12938,#12940,.T.);
#12938 = VERTEX_POINT('',#12939);
#12939 = CARTESIAN_POINT('',(90.551,-131.286,0.));
#12940 = CIRCLE('',#12941,2.);
#12941 = AXIS2_PLACEMENT_3D('',#12942,#12943,#12944);
#12942 = CARTESIAN_POINT('',(90.551,-129.286,0.));
#12943 = DIRECTION('',(-0.,0.,-1.));
#12944 = DIRECTION('',(-0.,-1.,0.));
#12945 = FACE_BOUND('',#12946,.F.);
#12946 = EDGE_LOOP('',(#12947));
#12947 = ORIENTED_EDGE('',*,*,#12948,.T.);
#12948 = EDGE_CURVE('',#12949,#12949,#12951,.T.);
#12949 = VERTEX_POINT('',#12950);
#12950 = CARTESIAN_POINT('',(95.631,-130.136,0.));
#12951 = CIRCLE('',#12952,0.85);
#12952 = AXIS2_PLACEMENT_3D('',#12953,#12954,#12955);
#12953 = CARTESIAN_POINT('',(95.631,-129.286,0.));
#12954 = DIRECTION('',(-0.,0.,-1.));
#12955 = DIRECTION('',(-0.,-1.,0.));
#12956 = FACE_BOUND('',#12957,.F.);
#12957 = EDGE_LOOP('',(#12958));
#12958 = ORIENTED_EDGE('',*,*,#12959,.T.);
#12959 = EDGE_CURVE('',#12960,#12960,#12962,.T.);
#12960 = VERTEX_POINT('',#12961);
#12961 = CARTESIAN_POINT('',(86.741,-127.496,0.));
#12962 = CIRCLE('',#12963,0.75);
#12963 = AXIS2_PLACEMENT_3D('',#12964,#12965,#12966);
#12964 = CARTESIAN_POINT('',(86.741,-126.746,0.));
#12965 = DIRECTION('',(-0.,0.,-1.));
#12966 = DIRECTION('',(-0.,-1.,0.));
#12967 = FACE_BOUND('',#12968,.F.);
#12968 = EDGE_LOOP('',(#12969));
#12969 = ORIENTED_EDGE('',*,*,#12970,.T.);
#12970 = EDGE_CURVE('',#12971,#12971,#12973,.T.);
#12971 = VERTEX_POINT('',#12972);
#12972 = CARTESIAN_POINT('',(93.091,-124.956,0.));
#12973 = CIRCLE('',#12974,0.75);
#12974 = AXIS2_PLACEMENT_3D('',#12975,#12976,#12977);
#12975 = CARTESIAN_POINT('',(93.091,-124.206,0.));
#12976 = DIRECTION('',(-0.,0.,-1.));
#12977 = DIRECTION('',(-0.,-1.,0.));
#12978 = FACE_BOUND('',#12979,.F.);
#12979 = EDGE_LOOP('',(#12980));
#12980 = ORIENTED_EDGE('',*,*,#12981,.T.);
#12981 = EDGE_CURVE('',#12982,#12982,#12984,.T.);
#12982 = VERTEX_POINT('',#12983);
#12983 = CARTESIAN_POINT('',(104.521,-130.136,0.));
#12984 = CIRCLE('',#12985,0.85);
#12985 = AXIS2_PLACEMENT_3D('',#12986,#12987,#12988);
#12986 = CARTESIAN_POINT('',(104.521,-129.286,0.));
#12987 = DIRECTION('',(-0.,0.,-1.));
#12988 = DIRECTION('',(-0.,-1.,0.));
#12989 = FACE_BOUND('',#12990,.F.);
#12990 = EDGE_LOOP('',(#12991));
#12991 = ORIENTED_EDGE('',*,*,#12992,.T.);
#12992 = EDGE_CURVE('',#12993,#12993,#12995,.T.);
#12993 = VERTEX_POINT('',#12994);
#12994 = CARTESIAN_POINT('',(105.791,-127.496,0.));
#12995 = CIRCLE('',#12996,0.75);
#12996 = AXIS2_PLACEMENT_3D('',#12997,#12998,#12999);
#12997 = CARTESIAN_POINT('',(105.791,-126.746,0.));
#12998 = DIRECTION('',(-0.,0.,-1.));
#12999 = DIRECTION('',(-0.,-1.,0.));
#13000 = FACE_BOUND('',#13001,.F.);
#13001 = EDGE_LOOP('',(#13002));
#13002 = ORIENTED_EDGE('',*,*,#13003,.T.);
#13003 = EDGE_CURVE('',#13004,#13004,#13006,.T.);
#13004 = VERTEX_POINT('',#13005);
#13005 = CARTESIAN_POINT('',(109.601,-131.286,0.));
#13006 = CIRCLE('',#13007,2.);
#13007 = AXIS2_PLACEMENT_3D('',#13008,#13009,#13010);
#13008 = CARTESIAN_POINT('',(109.601,-129.286,0.));
#13009 = DIRECTION('',(-0.,0.,-1.));
#13010 = DIRECTION('',(-0.,-1.,0.));
#13011 = FACE_BOUND('',#13012,.F.);
#13012 = EDGE_LOOP('',(#13013));
#13013 = ORIENTED_EDGE('',*,*,#13014,.T.);
#13014 = EDGE_CURVE('',#13015,#13015,#13017,.T.);
#13015 = VERTEX_POINT('',#13016);
#13016 = CARTESIAN_POINT('',(114.681,-130.136,0.));
#13017 = CIRCLE('',#13018,0.85);
#13018 = AXIS2_PLACEMENT_3D('',#13019,#13020,#13021);
#13019 = CARTESIAN_POINT('',(114.681,-129.286,0.));
#13020 = DIRECTION('',(-0.,0.,-1.));
#13021 = DIRECTION('',(-1.671865260612E-14,-1.,0.));
#13022 = FACE_BOUND('',#13023,.F.);
#13023 = EDGE_LOOP('',(#13024));
#13024 = ORIENTED_EDGE('',*,*,#13025,.T.);
#13025 = EDGE_CURVE('',#13026,#13026,#13028,.T.);
#13026 = VERTEX_POINT('',#13027);
#13027 = CARTESIAN_POINT('',(112.141,-124.956,0.));
#13028 = CIRCLE('',#13029,0.75);
#13029 = AXIS2_PLACEMENT_3D('',#13030,#13031,#13032);
#13030 = CARTESIAN_POINT('',(112.141,-124.206,0.));
#13031 = DIRECTION('',(-0.,0.,-1.));
#13032 = DIRECTION('',(-0.,-1.,0.));
#13033 = FACE_BOUND('',#13034,.F.);
#13034 = EDGE_LOOP('',(#13035));
#13035 = ORIENTED_EDGE('',*,*,#13036,.T.);
#13036 = EDGE_CURVE('',#13037,#13037,#13039,.T.);
#13037 = VERTEX_POINT('',#13038);
#13038 = CARTESIAN_POINT('',(75.946,-111.086,0.));
#13039 = CIRCLE('',#13040,0.85);
#13040 = AXIS2_PLACEMENT_3D('',#13041,#13042,#13043);
#13041 = CARTESIAN_POINT('',(75.946,-110.236,0.));
#13042 = DIRECTION('',(-0.,0.,-1.));
#13043 = DIRECTION('',(-0.,-1.,0.));
#13044 = FACE_BOUND('',#13045,.F.);
#13045 = EDGE_LOOP('',(#13046));
#13046 = ORIENTED_EDGE('',*,*,#13047,.T.);
#13047 = EDGE_CURVE('',#13048,#13048,#13050,.T.);
#13048 = VERTEX_POINT('',#13049);
#13049 = CARTESIAN_POINT('',(81.026,-112.236,0.));
#13050 = CIRCLE('',#13051,2.);
#13051 = AXIS2_PLACEMENT_3D('',#13052,#13053,#13054);
#13052 = CARTESIAN_POINT('',(81.026,-110.236,0.));
#13053 = DIRECTION('',(-0.,0.,-1.));
#13054 = DIRECTION('',(-0.,-1.,0.));
#13055 = FACE_BOUND('',#13056,.F.);
#13056 = EDGE_LOOP('',(#13057));
#13057 = ORIENTED_EDGE('',*,*,#13058,.T.);
#13058 = EDGE_CURVE('',#13059,#13059,#13061,.T.);
#13059 = VERTEX_POINT('',#13060);
#13060 = CARTESIAN_POINT('',(77.216,-108.446,0.));
#13061 = CIRCLE('',#13062,0.75);
#13062 = AXIS2_PLACEMENT_3D('',#13063,#13064,#13065);
#13063 = CARTESIAN_POINT('',(77.216,-107.696,0.));
#13064 = DIRECTION('',(-0.,0.,-1.));
#13065 = DIRECTION('',(-0.,-1.,0.));
#13066 = FACE_BOUND('',#13067,.F.);
#13067 = EDGE_LOOP('',(#13068));
#13068 = ORIENTED_EDGE('',*,*,#13069,.T.);
#13069 = EDGE_CURVE('',#13070,#13070,#13072,.T.);
#13070 = VERTEX_POINT('',#13071);
#13071 = CARTESIAN_POINT('',(86.106,-111.086,0.));
#13072 = CIRCLE('',#13073,0.85);
#13073 = AXIS2_PLACEMENT_3D('',#13074,#13075,#13076);
#13074 = CARTESIAN_POINT('',(86.106,-110.236,0.));
#13075 = DIRECTION('',(-0.,0.,-1.));
#13076 = DIRECTION('',(-0.,-1.,0.));
#13077 = FACE_BOUND('',#13078,.F.);
#13078 = EDGE_LOOP('',(#13079));
#13079 = ORIENTED_EDGE('',*,*,#13080,.T.);
#13080 = EDGE_CURVE('',#13081,#13081,#13083,.T.);
#13081 = VERTEX_POINT('',#13082);
#13082 = CARTESIAN_POINT('',(94.996,-111.086,0.));
#13083 = CIRCLE('',#13084,0.85);
#13084 = AXIS2_PLACEMENT_3D('',#13085,#13086,#13087);
#13085 = CARTESIAN_POINT('',(94.996,-110.236,0.));
#13086 = DIRECTION('',(-0.,0.,-1.));
#13087 = DIRECTION('',(-1.671865260612E-14,-1.,0.));
#13088 = FACE_BOUND('',#13089,.F.);
#13089 = EDGE_LOOP('',(#13090));
#13090 = ORIENTED_EDGE('',*,*,#13091,.T.);
#13091 = EDGE_CURVE('',#13092,#13092,#13094,.T.);
#13092 = VERTEX_POINT('',#13093);
#13093 = CARTESIAN_POINT('',(96.266,-108.446,0.));
#13094 = CIRCLE('',#13095,0.75);
#13095 = AXIS2_PLACEMENT_3D('',#13096,#13097,#13098);
#13096 = CARTESIAN_POINT('',(96.266,-107.696,0.));
#13097 = DIRECTION('',(-0.,0.,-1.));
#13098 = DIRECTION('',(-0.,-1.,0.));
#13099 = FACE_BOUND('',#13100,.F.);
#13100 = EDGE_LOOP('',(#13101));
#13101 = ORIENTED_EDGE('',*,*,#13102,.T.);
#13102 = EDGE_CURVE('',#13103,#13103,#13105,.T.);
#13103 = VERTEX_POINT('',#13104);
#13104 = CARTESIAN_POINT('',(83.566,-105.906,0.));
#13105 = CIRCLE('',#13106,0.75);
#13106 = AXIS2_PLACEMENT_3D('',#13107,#13108,#13109);
#13107 = CARTESIAN_POINT('',(83.566,-105.156,0.));
#13108 = DIRECTION('',(-0.,0.,-1.));
#13109 = DIRECTION('',(-0.,-1.,0.));
#13110 = FACE_BOUND('',#13111,.F.);
#13111 = EDGE_LOOP('',(#13112));
#13112 = ORIENTED_EDGE('',*,*,#13113,.T.);
#13113 = EDGE_CURVE('',#13114,#13114,#13116,.T.);
#13114 = VERTEX_POINT('',#13115);
#13115 = CARTESIAN_POINT('',(100.076,-112.236,0.));
#13116 = CIRCLE('',#13117,2.);
#13117 = AXIS2_PLACEMENT_3D('',#13118,#13119,#13120);
#13118 = CARTESIAN_POINT('',(100.076,-110.236,0.));
#13119 = DIRECTION('',(-0.,0.,-1.));
#13120 = DIRECTION('',(-0.,-1.,0.));
#13121 = FACE_BOUND('',#13122,.F.);
#13122 = EDGE_LOOP('',(#13123));
#13123 = ORIENTED_EDGE('',*,*,#13124,.T.);
#13124 = EDGE_CURVE('',#13125,#13125,#13127,.T.);
#13125 = VERTEX_POINT('',#13126);
#13126 = CARTESIAN_POINT('',(105.156,-111.086,0.));
#13127 = CIRCLE('',#13128,0.85);
#13128 = AXIS2_PLACEMENT_3D('',#13129,#13130,#13131);
#13129 = CARTESIAN_POINT('',(105.156,-110.236,0.));
#13130 = DIRECTION('',(-0.,0.,-1.));
#13131 = DIRECTION('',(-0.,-1.,0.));
#13132 = FACE_BOUND('',#13133,.F.);
#13133 = EDGE_LOOP('',(#13134));
#13134 = ORIENTED_EDGE('',*,*,#13135,.T.);
#13135 = EDGE_CURVE('',#13136,#13136,#13138,.T.);
#13136 = VERTEX_POINT('',#13137);
#13137 = CARTESIAN_POINT('',(114.173,-111.086,0.));
#13138 = CIRCLE('',#13139,0.85);
#13139 = AXIS2_PLACEMENT_3D('',#13140,#13141,#13142);
#13140 = CARTESIAN_POINT('',(114.173,-110.236,0.));
#13141 = DIRECTION('',(-0.,0.,-1.));
#13142 = DIRECTION('',(-0.,-1.,0.));
#13143 = FACE_BOUND('',#13144,.F.);
#13144 = EDGE_LOOP('',(#13145));
#13145 = ORIENTED_EDGE('',*,*,#13146,.T.);
#13146 = EDGE_CURVE('',#13147,#13147,#13149,.T.);
#13147 = VERTEX_POINT('',#13148);
#13148 = CARTESIAN_POINT('',(119.253,-112.236,0.));
#13149 = CIRCLE('',#13150,2.);
#13150 = AXIS2_PLACEMENT_3D('',#13151,#13152,#13153);
#13151 = CARTESIAN_POINT('',(119.253,-110.236,0.));
#13152 = DIRECTION('',(-0.,0.,-1.));
#13153 = DIRECTION('',(-0.,-1.,0.));
#13154 = FACE_BOUND('',#13155,.F.);
#13155 = EDGE_LOOP('',(#13156));
#13156 = ORIENTED_EDGE('',*,*,#13157,.T.);
#13157 = EDGE_CURVE('',#13158,#13158,#13160,.T.);
#13158 = VERTEX_POINT('',#13159);
#13159 = CARTESIAN_POINT('',(115.443,-108.446,0.));
#13160 = CIRCLE('',#13161,0.75);
#13161 = AXIS2_PLACEMENT_3D('',#13162,#13163,#13164);
#13162 = CARTESIAN_POINT('',(115.443,-107.696,0.));
#13163 = DIRECTION('',(-0.,0.,-1.));
#13164 = DIRECTION('',(-0.,-1.,0.));
#13165 = FACE_BOUND('',#13166,.F.);
#13166 = EDGE_LOOP('',(#13167));
#13167 = ORIENTED_EDGE('',*,*,#13168,.T.);
#13168 = EDGE_CURVE('',#13169,#13169,#13171,.T.);
#13169 = VERTEX_POINT('',#13170);
#13170 = CARTESIAN_POINT('',(102.616,-105.906,0.));
#13171 = CIRCLE('',#13172,0.75);
#13172 = AXIS2_PLACEMENT_3D('',#13173,#13174,#13175);
#13173 = CARTESIAN_POINT('',(102.616,-105.156,0.));
#13174 = DIRECTION('',(-0.,0.,-1.));
#13175 = DIRECTION('',(-0.,-1.,0.));
#13176 = FACE_BOUND('',#13177,.F.);
#13177 = EDGE_LOOP('',(#13178));
#13178 = ORIENTED_EDGE('',*,*,#13179,.T.);
#13179 = EDGE_CURVE('',#13180,#13180,#13182,.T.);
#13180 = VERTEX_POINT('',#13181);
#13181 = CARTESIAN_POINT('',(135.128,-128.526,0.));
#13182 = CIRCLE('',#13183,0.51);
#13183 = AXIS2_PLACEMENT_3D('',#13184,#13185,#13186);
#13184 = CARTESIAN_POINT('',(135.128,-128.016,0.));
#13185 = DIRECTION('',(-0.,0.,-1.));
#13186 = DIRECTION('',(-0.,-1.,0.));
#13187 = FACE_BOUND('',#13188,.F.);
#13188 = EDGE_LOOP('',(#13189));
#13189 = ORIENTED_EDGE('',*,*,#13190,.T.);
#13190 = EDGE_CURVE('',#13191,#13191,#13193,.T.);
#13191 = VERTEX_POINT('',#13192);
#13192 = CARTESIAN_POINT('',(135.128,-125.986,0.));
#13193 = CIRCLE('',#13194,0.51);
#13194 = AXIS2_PLACEMENT_3D('',#13195,#13196,#13197);
#13195 = CARTESIAN_POINT('',(135.128,-125.476,0.));
#13196 = DIRECTION('',(-0.,0.,-1.));
#13197 = DIRECTION('',(-0.,-1.,0.));
#13198 = FACE_BOUND('',#13199,.F.);
#13199 = EDGE_LOOP('',(#13200));
#13200 = ORIENTED_EDGE('',*,*,#13201,.T.);
#13201 = EDGE_CURVE('',#13202,#13202,#13204,.T.);
#13202 = VERTEX_POINT('',#13203);
#13203 = CARTESIAN_POINT('',(132.968,-123.486,0.));
#13204 = CIRCLE('',#13205,0.55);
#13205 = AXIS2_PLACEMENT_3D('',#13206,#13207,#13208);
#13206 = CARTESIAN_POINT('',(132.968,-122.936,0.));
#13207 = DIRECTION('',(-0.,0.,-1.));
#13208 = DIRECTION('',(-5.167583532801E-14,-1.,0.));
#13209 = FACE_BOUND('',#13210,.F.);
#13210 = EDGE_LOOP('',(#13211));
#13211 = ORIENTED_EDGE('',*,*,#13212,.T.);
#13212 = EDGE_CURVE('',#13213,#13213,#13215,.T.);
#13213 = VERTEX_POINT('',#13214);
#13214 = CARTESIAN_POINT('',(135.128,-123.446,0.));
#13215 = CIRCLE('',#13216,0.51);
#13216 = AXIS2_PLACEMENT_3D('',#13217,#13218,#13219);
#13217 = CARTESIAN_POINT('',(135.128,-122.936,0.));
#13218 = DIRECTION('',(-0.,0.,-1.));
#13219 = DIRECTION('',(-0.,-1.,0.));
#13220 = FACE_BOUND('',#13221,.F.);
#13221 = EDGE_LOOP('',(#13222));
#13222 = ORIENTED_EDGE('',*,*,#13223,.T.);
#13223 = EDGE_CURVE('',#13224,#13224,#13226,.T.);
#13224 = VERTEX_POINT('',#13225);
#13225 = CARTESIAN_POINT('',(135.128,-120.906,0.));
#13226 = CIRCLE('',#13227,0.51);
#13227 = AXIS2_PLACEMENT_3D('',#13228,#13229,#13230);
#13228 = CARTESIAN_POINT('',(135.128,-120.396,0.));
#13229 = DIRECTION('',(-0.,0.,-1.));
#13230 = DIRECTION('',(-0.,-1.,0.));
#13231 = FACE_BOUND('',#13232,.F.);
#13232 = EDGE_LOOP('',(#13233));
#13233 = ORIENTED_EDGE('',*,*,#13234,.T.);
#13234 = EDGE_CURVE('',#13235,#13235,#13237,.T.);
#13235 = VERTEX_POINT('',#13236);
#13236 = CARTESIAN_POINT('',(124.333,-111.086,0.));
#13237 = CIRCLE('',#13238,0.85);
#13238 = AXIS2_PLACEMENT_3D('',#13239,#13240,#13241);
#13239 = CARTESIAN_POINT('',(124.333,-110.236,0.));
#13240 = DIRECTION('',(-0.,0.,-1.));
#13241 = DIRECTION('',(-0.,-1.,0.));
#13242 = FACE_BOUND('',#13243,.F.);
#13243 = EDGE_LOOP('',(#13244));
#13244 = ORIENTED_EDGE('',*,*,#13245,.T.);
#13245 = EDGE_CURVE('',#13246,#13246,#13248,.T.);
#13246 = VERTEX_POINT('',#13247);
#13247 = CARTESIAN_POINT('',(139.74,-112.16,0.));
#13248 = CIRCLE('',#13249,0.4);
#13249 = AXIS2_PLACEMENT_3D('',#13250,#13251,#13252);
#13250 = CARTESIAN_POINT('',(139.74,-111.76,0.));
#13251 = DIRECTION('',(-0.,0.,-1.));
#13252 = DIRECTION('',(-0.,-1.,0.));
#13253 = FACE_BOUND('',#13254,.F.);
#13254 = EDGE_LOOP('',(#13255));
#13255 = ORIENTED_EDGE('',*,*,#13256,.T.);
#13256 = EDGE_CURVE('',#13257,#13257,#13259,.T.);
#13257 = VERTEX_POINT('',#13258);
#13258 = CARTESIAN_POINT('',(142.24,-112.16,0.));
#13259 = CIRCLE('',#13260,0.4);
#13260 = AXIS2_PLACEMENT_3D('',#13261,#13262,#13263);
#13261 = CARTESIAN_POINT('',(142.24,-111.76,0.));
#13262 = DIRECTION('',(-0.,0.,-1.));
#13263 = DIRECTION('',(-0.,-1.,0.));
#13264 = FACE_BOUND('',#13265,.F.);
#13265 = EDGE_LOOP('',(#13266));
#13266 = ORIENTED_EDGE('',*,*,#13267,.T.);
#13267 = EDGE_CURVE('',#13268,#13268,#13270,.T.);
#13268 = VERTEX_POINT('',#13269);
#13269 = CARTESIAN_POINT('',(139.74,-109.01,0.));
#13270 = CIRCLE('',#13271,0.4);
#13271 = AXIS2_PLACEMENT_3D('',#13272,#13273,#13274);
#13272 = CARTESIAN_POINT('',(139.74,-108.61,0.));
#13273 = DIRECTION('',(-0.,0.,-1.));
#13274 = DIRECTION('',(-0.,-1.,0.));
#13275 = FACE_BOUND('',#13276,.F.);
#13276 = EDGE_LOOP('',(#13277));
#13277 = ORIENTED_EDGE('',*,*,#13278,.T.);
#13278 = EDGE_CURVE('',#13279,#13279,#13281,.T.);
#13279 = VERTEX_POINT('',#13280);
#13280 = CARTESIAN_POINT('',(142.24,-109.01,0.));
#13281 = CIRCLE('',#13282,0.4);
#13282 = AXIS2_PLACEMENT_3D('',#13283,#13284,#13285);
#13283 = CARTESIAN_POINT('',(142.24,-108.61,0.));
#13284 = DIRECTION('',(-0.,0.,-1.));
#13285 = DIRECTION('',(-0.,-1.,0.));
#13286 = FACE_BOUND('',#13287,.F.);
#13287 = EDGE_LOOP('',(#13288));
#13288 = ORIENTED_EDGE('',*,*,#13289,.T.);
#13289 = EDGE_CURVE('',#13290,#13290,#13292,.T.);
#13290 = VERTEX_POINT('',#13291);
#13291 = CARTESIAN_POINT('',(139.74,-105.86,0.));
#13292 = CIRCLE('',#13293,0.4);
#13293 = AXIS2_PLACEMENT_3D('',#13294,#13295,#13296);
#13294 = CARTESIAN_POINT('',(139.74,-105.46,0.));
#13295 = DIRECTION('',(-0.,0.,-1.));
#13296 = DIRECTION('',(-0.,-1.,0.));
#13297 = FACE_BOUND('',#13298,.F.);
#13298 = EDGE_LOOP('',(#13299));
#13299 = ORIENTED_EDGE('',*,*,#13300,.T.);
#13300 = EDGE_CURVE('',#13301,#13301,#13303,.T.);
#13301 = VERTEX_POINT('',#13302);
#13302 = CARTESIAN_POINT('',(142.24,-105.86,0.));
#13303 = CIRCLE('',#13304,0.4);
#13304 = AXIS2_PLACEMENT_3D('',#13305,#13306,#13307);
#13305 = CARTESIAN_POINT('',(142.24,-105.46,0.));
#13306 = DIRECTION('',(-0.,0.,-1.));
#13307 = DIRECTION('',(-0.,-1.,0.));
#13308 = FACE_BOUND('',#13309,.F.);
#13309 = EDGE_LOOP('',(#13310));
#13310 = ORIENTED_EDGE('',*,*,#13311,.T.);
#13311 = EDGE_CURVE('',#13312,#13312,#13314,.T.);
#13312 = VERTEX_POINT('',#13313);
#13313 = CARTESIAN_POINT('',(121.793,-105.906,0.));
#13314 = CIRCLE('',#13315,0.75);
#13315 = AXIS2_PLACEMENT_3D('',#13316,#13317,#13318);
#13316 = CARTESIAN_POINT('',(121.793,-105.156,0.));
#13317 = DIRECTION('',(-0.,0.,-1.));
#13318 = DIRECTION('',(-0.,-1.,0.));
#13319 = FACE_BOUND('',#13320,.F.);
#13320 = EDGE_LOOP('',(#13321));
#13321 = ORIENTED_EDGE('',*,*,#13322,.T.);
#13322 = EDGE_CURVE('',#13323,#13323,#13325,.T.);
#13323 = VERTEX_POINT('',#13324);
#13324 = CARTESIAN_POINT('',(139.74,-102.71,0.));
#13325 = CIRCLE('',#13326,0.4);
#13326 = AXIS2_PLACEMENT_3D('',#13327,#13328,#13329);
#13327 = CARTESIAN_POINT('',(139.74,-102.31,0.));
#13328 = DIRECTION('',(-0.,0.,-1.));
#13329 = DIRECTION('',(-0.,-1.,0.));
#13330 = FACE_BOUND('',#13331,.F.);
#13331 = EDGE_LOOP('',(#13332));
#13332 = ORIENTED_EDGE('',*,*,#13333,.T.);
#13333 = EDGE_CURVE('',#13334,#13334,#13336,.T.);
#13334 = VERTEX_POINT('',#13335);
#13335 = CARTESIAN_POINT('',(142.24,-102.71,0.));
#13336 = CIRCLE('',#13337,0.4);
#13337 = AXIS2_PLACEMENT_3D('',#13338,#13339,#13340);
#13338 = CARTESIAN_POINT('',(142.24,-102.31,0.));
#13339 = DIRECTION('',(-0.,0.,-1.));
#13340 = DIRECTION('',(-0.,-1.,0.));
#13341 = FACE_BOUND('',#13342,.F.);
#13342 = EDGE_LOOP('',(#13343));
#13343 = ORIENTED_EDGE('',*,*,#13344,.T.);
#13344 = EDGE_CURVE('',#13345,#13345,#13347,.T.);
#13345 = VERTEX_POINT('',#13346);
#13346 = CARTESIAN_POINT('',(146.05,-112.11,0.));
#13347 = CIRCLE('',#13348,0.35);
#13348 = AXIS2_PLACEMENT_3D('',#13349,#13350,#13351);
#13349 = CARTESIAN_POINT('',(146.05,-111.76,0.));
#13350 = DIRECTION('',(-0.,0.,-1.));
#13351 = DIRECTION('',(-0.,-1.,0.));
#13352 = FACE_BOUND('',#13353,.F.);
#13353 = EDGE_LOOP('',(#13354));
#13354 = ORIENTED_EDGE('',*,*,#13355,.T.);
#13355 = EDGE_CURVE('',#13356,#13356,#13358,.T.);
#13356 = VERTEX_POINT('',#13357);
#13357 = CARTESIAN_POINT('',(148.59,-112.11,0.));
#13358 = CIRCLE('',#13359,0.35);
#13359 = AXIS2_PLACEMENT_3D('',#13360,#13361,#13362);
#13360 = CARTESIAN_POINT('',(148.59,-111.76,0.));
#13361 = DIRECTION('',(-0.,0.,-1.));
#13362 = DIRECTION('',(-0.,-1.,0.));
#13363 = FACE_BOUND('',#13364,.F.);
#13364 = EDGE_LOOP('',(#13365));
#13365 = ORIENTED_EDGE('',*,*,#13366,.T.);
#13366 = EDGE_CURVE('',#13367,#13367,#13369,.T.);
#13367 = VERTEX_POINT('',#13368);
#13368 = CARTESIAN_POINT('',(146.05,-108.935,0.));
#13369 = CIRCLE('',#13370,0.35);
#13370 = AXIS2_PLACEMENT_3D('',#13371,#13372,#13373);
#13371 = CARTESIAN_POINT('',(146.05,-108.585,0.));
#13372 = DIRECTION('',(-0.,0.,-1.));
#13373 = DIRECTION('',(-0.,-1.,0.));
#13374 = FACE_BOUND('',#13375,.F.);
#13375 = EDGE_LOOP('',(#13376));
#13376 = ORIENTED_EDGE('',*,*,#13377,.T.);
#13377 = EDGE_CURVE('',#13378,#13378,#13380,.T.);
#13378 = VERTEX_POINT('',#13379);
#13379 = CARTESIAN_POINT('',(148.59,-108.935,0.));
#13380 = CIRCLE('',#13381,0.35);
#13381 = AXIS2_PLACEMENT_3D('',#13382,#13383,#13384);
#13382 = CARTESIAN_POINT('',(148.59,-108.585,0.));
#13383 = DIRECTION('',(-0.,0.,-1.));
#13384 = DIRECTION('',(-0.,-1.,0.));
#13385 = FACE_BOUND('',#13386,.F.);
#13386 = EDGE_LOOP('',(#13387));
#13387 = ORIENTED_EDGE('',*,*,#13388,.T.);
#13388 = EDGE_CURVE('',#13389,#13389,#13391,.T.);
#13389 = VERTEX_POINT('',#13390);
#13390 = CARTESIAN_POINT('',(146.05,-105.76,0.));
#13391 = CIRCLE('',#13392,0.35);
#13392 = AXIS2_PLACEMENT_3D('',#13393,#13394,#13395);
#13393 = CARTESIAN_POINT('',(146.05,-105.41,0.));
#13394 = DIRECTION('',(-0.,0.,-1.));
#13395 = DIRECTION('',(-0.,-1.,0.));
#13396 = FACE_BOUND('',#13397,.F.);
#13397 = EDGE_LOOP('',(#13398));
#13398 = ORIENTED_EDGE('',*,*,#13399,.T.);
#13399 = EDGE_CURVE('',#13400,#13400,#13402,.T.);
#13400 = VERTEX_POINT('',#13401);
#13401 = CARTESIAN_POINT('',(148.59,-105.76,0.));
#13402 = CIRCLE('',#13403,0.35);
#13403 = AXIS2_PLACEMENT_3D('',#13404,#13405,#13406);
#13404 = CARTESIAN_POINT('',(148.59,-105.41,0.));
#13405 = DIRECTION('',(-0.,0.,-1.));
#13406 = DIRECTION('',(-0.,-1.,0.));
#13407 = FACE_BOUND('',#13408,.F.);
#13408 = EDGE_LOOP('',(#13409));
#13409 = ORIENTED_EDGE('',*,*,#13410,.T.);
#13410 = EDGE_CURVE('',#13411,#13411,#13413,.T.);
#13411 = VERTEX_POINT('',#13412);
#13412 = CARTESIAN_POINT('',(146.05,-102.585,0.));
#13413 = CIRCLE('',#13414,0.35);
#13414 = AXIS2_PLACEMENT_3D('',#13415,#13416,#13417);
#13415 = CARTESIAN_POINT('',(146.05,-102.235,0.));
#13416 = DIRECTION('',(-0.,0.,-1.));
#13417 = DIRECTION('',(-0.,-1.,0.));
#13418 = FACE_BOUND('',#13419,.F.);
#13419 = EDGE_LOOP('',(#13420));
#13420 = ORIENTED_EDGE('',*,*,#13421,.T.);
#13421 = EDGE_CURVE('',#13422,#13422,#13424,.T.);
#13422 = VERTEX_POINT('',#13423);
#13423 = CARTESIAN_POINT('',(148.59,-102.585,0.));
#13424 = CIRCLE('',#13425,0.35);
#13425 = AXIS2_PLACEMENT_3D('',#13426,#13427,#13428);
#13426 = CARTESIAN_POINT('',(148.59,-102.235,0.));
#13427 = DIRECTION('',(-0.,0.,-1.));
#13428 = DIRECTION('',(-0.,-1.,0.));
#13429 = FACE_BOUND('',#13430,.F.);
#13430 = EDGE_LOOP('',(#13431));
#13431 = ORIENTED_EDGE('',*,*,#13432,.T.);
#13432 = EDGE_CURVE('',#13433,#13433,#13435,.T.);
#13433 = VERTEX_POINT('',#13434);
#13434 = CARTESIAN_POINT('',(75.946,-91.909,0.));
#13435 = CIRCLE('',#13436,0.85);
#13436 = AXIS2_PLACEMENT_3D('',#13437,#13438,#13439);
#13437 = CARTESIAN_POINT('',(75.946,-91.059,0.));
#13438 = DIRECTION('',(-0.,0.,-1.));
#13439 = DIRECTION('',(-0.,-1.,0.));
#13440 = FACE_BOUND('',#13441,.F.);
#13441 = EDGE_LOOP('',(#13442));
#13442 = ORIENTED_EDGE('',*,*,#13443,.T.);
#13443 = EDGE_CURVE('',#13444,#13444,#13446,.T.);
#13444 = VERTEX_POINT('',#13445);
#13445 = CARTESIAN_POINT('',(77.216,-89.269,0.));
#13446 = CIRCLE('',#13447,0.75);
#13447 = AXIS2_PLACEMENT_3D('',#13448,#13449,#13450);
#13448 = CARTESIAN_POINT('',(77.216,-88.519,0.));
#13449 = DIRECTION('',(-0.,0.,-1.));
#13450 = DIRECTION('',(-0.,-1.,0.));
#13451 = FACE_BOUND('',#13452,.F.);
#13452 = EDGE_LOOP('',(#13453));
#13453 = ORIENTED_EDGE('',*,*,#13454,.T.);
#13454 = EDGE_CURVE('',#13455,#13455,#13457,.T.);
#13455 = VERTEX_POINT('',#13456);
#13456 = CARTESIAN_POINT('',(81.026,-93.059,0.));
#13457 = CIRCLE('',#13458,2.);
#13458 = AXIS2_PLACEMENT_3D('',#13459,#13460,#13461);
#13459 = CARTESIAN_POINT('',(81.026,-91.059,0.));
#13460 = DIRECTION('',(-0.,0.,-1.));
#13461 = DIRECTION('',(-0.,-1.,0.));
#13462 = FACE_BOUND('',#13463,.F.);
#13463 = EDGE_LOOP('',(#13464));
#13464 = ORIENTED_EDGE('',*,*,#13465,.T.);
#13465 = EDGE_CURVE('',#13466,#13466,#13468,.T.);
#13466 = VERTEX_POINT('',#13467);
#13467 = CARTESIAN_POINT('',(86.106,-91.909,0.));
#13468 = CIRCLE('',#13469,0.85);
#13469 = AXIS2_PLACEMENT_3D('',#13470,#13471,#13472);
#13470 = CARTESIAN_POINT('',(86.106,-91.059,0.));
#13471 = DIRECTION('',(-0.,0.,-1.));
#13472 = DIRECTION('',(-0.,-1.,0.));
#13473 = FACE_BOUND('',#13474,.F.);
#13474 = EDGE_LOOP('',(#13475));
#13475 = ORIENTED_EDGE('',*,*,#13476,.T.);
#13476 = EDGE_CURVE('',#13477,#13477,#13479,.T.);
#13477 = VERTEX_POINT('',#13478);
#13478 = CARTESIAN_POINT('',(94.996,-91.909,0.));
#13479 = CIRCLE('',#13480,0.85);
#13480 = AXIS2_PLACEMENT_3D('',#13481,#13482,#13483);
#13481 = CARTESIAN_POINT('',(94.996,-91.059,0.));
#13482 = DIRECTION('',(-0.,0.,-1.));
#13483 = DIRECTION('',(-1.671865260612E-14,-1.,0.));
#13484 = FACE_BOUND('',#13485,.F.);
#13485 = EDGE_LOOP('',(#13486));
#13486 = ORIENTED_EDGE('',*,*,#13487,.T.);
#13487 = EDGE_CURVE('',#13488,#13488,#13490,.T.);
#13488 = VERTEX_POINT('',#13489);
#13489 = CARTESIAN_POINT('',(96.266,-89.269,0.));
#13490 = CIRCLE('',#13491,0.75);
#13491 = AXIS2_PLACEMENT_3D('',#13492,#13493,#13494);
#13492 = CARTESIAN_POINT('',(96.266,-88.519,0.));
#13493 = DIRECTION('',(-0.,0.,-1.));
#13494 = DIRECTION('',(-0.,-1.,0.));
#13495 = FACE_BOUND('',#13496,.F.);
#13496 = EDGE_LOOP('',(#13497));
#13497 = ORIENTED_EDGE('',*,*,#13498,.T.);
#13498 = EDGE_CURVE('',#13499,#13499,#13501,.T.);
#13499 = VERTEX_POINT('',#13500);
#13500 = CARTESIAN_POINT('',(83.566,-86.729,0.));
#13501 = CIRCLE('',#13502,0.75);
#13502 = AXIS2_PLACEMENT_3D('',#13503,#13504,#13505);
#13503 = CARTESIAN_POINT('',(83.566,-85.979,0.));
#13504 = DIRECTION('',(-0.,0.,-1.));
#13505 = DIRECTION('',(-0.,-1.,0.));
#13506 = FACE_BOUND('',#13507,.F.);
#13507 = EDGE_LOOP('',(#13508));
#13508 = ORIENTED_EDGE('',*,*,#13509,.T.);
#13509 = EDGE_CURVE('',#13510,#13510,#13512,.T.);
#13510 = VERTEX_POINT('',#13511);
#13511 = CARTESIAN_POINT('',(100.076,-93.059,0.));
#13512 = CIRCLE('',#13513,2.);
#13513 = AXIS2_PLACEMENT_3D('',#13514,#13515,#13516);
#13514 = CARTESIAN_POINT('',(100.076,-91.059,0.));
#13515 = DIRECTION('',(-0.,0.,-1.));
#13516 = DIRECTION('',(-0.,-1.,0.));
#13517 = FACE_BOUND('',#13518,.F.);
#13518 = EDGE_LOOP('',(#13519));
#13519 = ORIENTED_EDGE('',*,*,#13520,.T.);
#13520 = EDGE_CURVE('',#13521,#13521,#13523,.T.);
#13521 = VERTEX_POINT('',#13522);
#13522 = CARTESIAN_POINT('',(105.156,-91.909,0.));
#13523 = CIRCLE('',#13524,0.85);
#13524 = AXIS2_PLACEMENT_3D('',#13525,#13526,#13527);
#13525 = CARTESIAN_POINT('',(105.156,-91.059,0.));
#13526 = DIRECTION('',(-0.,0.,-1.));
#13527 = DIRECTION('',(-0.,-1.,0.));
#13528 = FACE_BOUND('',#13529,.F.);
#13529 = EDGE_LOOP('',(#13530));
#13530 = ORIENTED_EDGE('',*,*,#13531,.T.);
#13531 = EDGE_CURVE('',#13532,#13532,#13534,.T.);
#13532 = VERTEX_POINT('',#13533);
#13533 = CARTESIAN_POINT('',(114.173,-91.909,0.));
#13534 = CIRCLE('',#13535,0.85);
#13535 = AXIS2_PLACEMENT_3D('',#13536,#13537,#13538);
#13536 = CARTESIAN_POINT('',(114.173,-91.059,0.));
#13537 = DIRECTION('',(-0.,0.,-1.));
#13538 = DIRECTION('',(-0.,-1.,0.));
#13539 = FACE_BOUND('',#13540,.F.);
#13540 = EDGE_LOOP('',(#13541));
#13541 = ORIENTED_EDGE('',*,*,#13542,.T.);
#13542 = EDGE_CURVE('',#13543,#13543,#13545,.T.);
#13543 = VERTEX_POINT('',#13544);
#13544 = CARTESIAN_POINT('',(119.253,-93.059,0.));
#13545 = CIRCLE('',#13546,2.);
#13546 = AXIS2_PLACEMENT_3D('',#13547,#13548,#13549);
#13547 = CARTESIAN_POINT('',(119.253,-91.059,0.));
#13548 = DIRECTION('',(-0.,0.,-1.));
#13549 = DIRECTION('',(-0.,-1.,0.));
#13550 = FACE_BOUND('',#13551,.F.);
#13551 = EDGE_LOOP('',(#13552));
#13552 = ORIENTED_EDGE('',*,*,#13553,.T.);
#13553 = EDGE_CURVE('',#13554,#13554,#13556,.T.);
#13554 = VERTEX_POINT('',#13555);
#13555 = CARTESIAN_POINT('',(115.443,-89.269,0.));
#13556 = CIRCLE('',#13557,0.75);
#13557 = AXIS2_PLACEMENT_3D('',#13558,#13559,#13560);
#13558 = CARTESIAN_POINT('',(115.443,-88.519,0.));
#13559 = DIRECTION('',(-0.,0.,-1.));
#13560 = DIRECTION('',(-0.,-1.,0.));
#13561 = FACE_BOUND('',#13562,.F.);
#13562 = EDGE_LOOP('',(#13563));
#13563 = ORIENTED_EDGE('',*,*,#13564,.T.);
#13564 = EDGE_CURVE('',#13565,#13565,#13567,.T.);
#13565 = VERTEX_POINT('',#13566);
#13566 = CARTESIAN_POINT('',(102.616,-86.729,0.));
#13567 = CIRCLE('',#13568,0.75);
#13568 = AXIS2_PLACEMENT_3D('',#13569,#13570,#13571);
#13569 = CARTESIAN_POINT('',(102.616,-85.979,0.));
#13570 = DIRECTION('',(-0.,0.,-1.));
#13571 = DIRECTION('',(-0.,-1.,0.));
#13572 = FACE_BOUND('',#13573,.F.);
#13573 = EDGE_LOOP('',(#13574));
#13574 = ORIENTED_EDGE('',*,*,#13575,.T.);
#13575 = EDGE_CURVE('',#13576,#13576,#13578,.T.);
#13576 = VERTEX_POINT('',#13577);
#13577 = CARTESIAN_POINT('',(78.018,-78.87,0.));
#13578 = CIRCLE('',#13579,0.5);
#13579 = AXIS2_PLACEMENT_3D('',#13580,#13581,#13582);
#13580 = CARTESIAN_POINT('',(78.018,-78.37,0.));
#13581 = DIRECTION('',(-0.,0.,-1.));
#13582 = DIRECTION('',(-0.,-1.,0.));
#13583 = FACE_BOUND('',#13584,.F.);
#13584 = EDGE_LOOP('',(#13585));
#13585 = ORIENTED_EDGE('',*,*,#13586,.T.);
#13586 = EDGE_CURVE('',#13587,#13587,#13589,.T.);
#13587 = VERTEX_POINT('',#13588);
#13588 = CARTESIAN_POINT('',(83.018,-78.87,0.));
#13589 = CIRCLE('',#13590,0.5);
#13590 = AXIS2_PLACEMENT_3D('',#13591,#13592,#13593);
#13591 = CARTESIAN_POINT('',(83.018,-78.37,0.));
#13592 = DIRECTION('',(-0.,0.,-1.));
#13593 = DIRECTION('',(-0.,-1.,0.));
#13594 = FACE_BOUND('',#13595,.F.);
#13595 = EDGE_LOOP('',(#13596,#13607,#13615,#13624));
#13596 = ORIENTED_EDGE('',*,*,#13597,.T.);
#13597 = EDGE_CURVE('',#13598,#13600,#13602,.T.);
#13598 = VERTEX_POINT('',#13599);
#13599 = CARTESIAN_POINT('',(75.668,-72.02,0.));
#13600 = VERTEX_POINT('',#13601);
#13601 = CARTESIAN_POINT('',(74.168,-72.02,0.));
#13602 = CIRCLE('',#13603,0.75);
#13603 = AXIS2_PLACEMENT_3D('',#13604,#13605,#13606);
#13604 = CARTESIAN_POINT('',(74.918,-72.02,0.));
#13605 = DIRECTION('',(-0.,0.,-1.));
#13606 = DIRECTION('',(-1.,0.,0.));
#13607 = ORIENTED_EDGE('',*,*,#13608,.T.);
#13608 = EDGE_CURVE('',#13600,#13609,#13611,.T.);
#13609 = VERTEX_POINT('',#13610);
#13610 = CARTESIAN_POINT('',(74.168,-70.72,0.));
#13611 = LINE('',#13612,#13613);
#13612 = CARTESIAN_POINT('',(74.168,-35.36,0.));
#13613 = VECTOR('',#13614,1.);
#13614 = DIRECTION('',(-0.,1.,0.));
#13615 = ORIENTED_EDGE('',*,*,#13616,.T.);
#13616 = EDGE_CURVE('',#13609,#13617,#13619,.T.);
#13617 = VERTEX_POINT('',#13618);
#13618 = CARTESIAN_POINT('',(75.668,-70.72,0.));
#13619 = CIRCLE('',#13620,0.75);
#13620 = AXIS2_PLACEMENT_3D('',#13621,#13622,#13623);
#13621 = CARTESIAN_POINT('',(74.918,-70.72,0.));
#13622 = DIRECTION('',(0.,-0.,-1.));
#13623 = DIRECTION('',(1.,0.,-0.));
#13624 = ORIENTED_EDGE('',*,*,#13625,.T.);
#13625 = EDGE_CURVE('',#13617,#13598,#13626,.T.);
#13626 = LINE('',#13627,#13628);
#13627 = CARTESIAN_POINT('',(75.668,-36.01,0.));
#13628 = VECTOR('',#13629,1.);
#13629 = DIRECTION('',(0.,-1.,0.));
#13630 = FACE_BOUND('',#13631,.F.);
#13631 = EDGE_LOOP('',(#13632,#13643,#13651,#13660));
#13632 = ORIENTED_EDGE('',*,*,#13633,.T.);
#13633 = EDGE_CURVE('',#13634,#13636,#13638,.T.);
#13634 = VERTEX_POINT('',#13635);
#13635 = CARTESIAN_POINT('',(86.868,-72.02,0.));
#13636 = VERTEX_POINT('',#13637);
#13637 = CARTESIAN_POINT('',(85.368,-72.02,0.));
#13638 = CIRCLE('',#13639,0.75);
#13639 = AXIS2_PLACEMENT_3D('',#13640,#13641,#13642);
#13640 = CARTESIAN_POINT('',(86.118,-72.02,0.));
#13641 = DIRECTION('',(-0.,0.,-1.));
#13642 = DIRECTION('',(-1.,0.,0.));
#13643 = ORIENTED_EDGE('',*,*,#13644,.T.);
#13644 = EDGE_CURVE('',#13636,#13645,#13647,.T.);
#13645 = VERTEX_POINT('',#13646);
#13646 = CARTESIAN_POINT('',(85.368,-70.72,0.));
#13647 = LINE('',#13648,#13649);
#13648 = CARTESIAN_POINT('',(85.368,-35.36,0.));
#13649 = VECTOR('',#13650,1.);
#13650 = DIRECTION('',(-0.,1.,0.));
#13651 = ORIENTED_EDGE('',*,*,#13652,.T.);
#13652 = EDGE_CURVE('',#13645,#13653,#13655,.T.);
#13653 = VERTEX_POINT('',#13654);
#13654 = CARTESIAN_POINT('',(86.868,-70.72,0.));
#13655 = CIRCLE('',#13656,0.75);
#13656 = AXIS2_PLACEMENT_3D('',#13657,#13658,#13659);
#13657 = CARTESIAN_POINT('',(86.118,-70.72,0.));
#13658 = DIRECTION('',(0.,-0.,-1.));
#13659 = DIRECTION('',(1.,0.,-0.));
#13660 = ORIENTED_EDGE('',*,*,#13661,.T.);
#13661 = EDGE_CURVE('',#13653,#13634,#13662,.T.);
#13662 = LINE('',#13663,#13664);
#13663 = CARTESIAN_POINT('',(86.868,-36.01,0.));
#13664 = VECTOR('',#13665,1.);
#13665 = DIRECTION('',(0.,-1.,0.));
#13666 = FACE_BOUND('',#13667,.F.);
#13667 = EDGE_LOOP('',(#13668));
#13668 = ORIENTED_EDGE('',*,*,#13669,.T.);
#13669 = EDGE_CURVE('',#13670,#13670,#13672,.T.);
#13670 = VERTEX_POINT('',#13671);
#13671 = CARTESIAN_POINT('',(94.996,-72.859,0.));
#13672 = CIRCLE('',#13673,0.85);
#13673 = AXIS2_PLACEMENT_3D('',#13674,#13675,#13676);
#13674 = CARTESIAN_POINT('',(94.996,-72.009,0.));
#13675 = DIRECTION('',(-0.,0.,-1.));
#13676 = DIRECTION('',(-1.671865260612E-14,-1.,0.));
#13677 = FACE_BOUND('',#13678,.F.);
#13678 = EDGE_LOOP('',(#13679));
#13679 = ORIENTED_EDGE('',*,*,#13680,.T.);
#13680 = EDGE_CURVE('',#13681,#13681,#13683,.T.);
#13681 = VERTEX_POINT('',#13682);
#13682 = CARTESIAN_POINT('',(78.018,-64.37,0.));
#13683 = CIRCLE('',#13684,0.5);
#13684 = AXIS2_PLACEMENT_3D('',#13685,#13686,#13687);
#13685 = CARTESIAN_POINT('',(78.018,-63.87,0.));
#13686 = DIRECTION('',(-0.,0.,-1.));
#13687 = DIRECTION('',(-0.,-1.,0.));
#13688 = FACE_BOUND('',#13689,.F.);
#13689 = EDGE_LOOP('',(#13690));
#13690 = ORIENTED_EDGE('',*,*,#13691,.T.);
#13691 = EDGE_CURVE('',#13692,#13692,#13694,.T.);
#13692 = VERTEX_POINT('',#13693);
#13693 = CARTESIAN_POINT('',(80.518,-64.37,0.));
#13694 = CIRCLE('',#13695,0.5);
#13695 = AXIS2_PLACEMENT_3D('',#13696,#13697,#13698);
#13696 = CARTESIAN_POINT('',(80.518,-63.87,0.));
#13697 = DIRECTION('',(-0.,0.,-1.));
#13698 = DIRECTION('',(-0.,-1.,0.));
#13699 = FACE_BOUND('',#13700,.F.);
#13700 = EDGE_LOOP('',(#13701));
#13701 = ORIENTED_EDGE('',*,*,#13702,.T.);
#13702 = EDGE_CURVE('',#13703,#13703,#13705,.T.);
#13703 = VERTEX_POINT('',#13704);
#13704 = CARTESIAN_POINT('',(83.018,-64.37,0.));
#13705 = CIRCLE('',#13706,0.5);
#13706 = AXIS2_PLACEMENT_3D('',#13707,#13708,#13709);
#13707 = CARTESIAN_POINT('',(83.018,-63.87,0.));
#13708 = DIRECTION('',(-0.,0.,-1.));
#13709 = DIRECTION('',(-0.,-1.,0.));
#13710 = FACE_BOUND('',#13711,.F.);
#13711 = EDGE_LOOP('',(#13712));
#13712 = ORIENTED_EDGE('',*,*,#13713,.T.);
#13713 = EDGE_CURVE('',#13714,#13714,#13716,.T.);
#13714 = VERTEX_POINT('',#13715);
#13715 = CARTESIAN_POINT('',(96.266,-70.219,0.));
#13716 = CIRCLE('',#13717,0.75);
#13717 = AXIS2_PLACEMENT_3D('',#13718,#13719,#13720);
#13718 = CARTESIAN_POINT('',(96.266,-69.469,0.));
#13719 = DIRECTION('',(-0.,0.,-1.));
#13720 = DIRECTION('',(-0.,-1.,0.));
#13721 = FACE_BOUND('',#13722,.F.);
#13722 = EDGE_LOOP('',(#13723));
#13723 = ORIENTED_EDGE('',*,*,#13724,.T.);
#13724 = EDGE_CURVE('',#13725,#13725,#13727,.T.);
#13725 = VERTEX_POINT('',#13726);
#13726 = CARTESIAN_POINT('',(100.076,-74.009,0.));
#13727 = CIRCLE('',#13728,2.);
#13728 = AXIS2_PLACEMENT_3D('',#13729,#13730,#13731);
#13729 = CARTESIAN_POINT('',(100.076,-72.009,0.));
#13730 = DIRECTION('',(-0.,0.,-1.));
#13731 = DIRECTION('',(-0.,-1.,0.));
#13732 = FACE_BOUND('',#13733,.F.);
#13733 = EDGE_LOOP('',(#13734));
#13734 = ORIENTED_EDGE('',*,*,#13735,.T.);
#13735 = EDGE_CURVE('',#13736,#13736,#13738,.T.);
#13736 = VERTEX_POINT('',#13737);
#13737 = CARTESIAN_POINT('',(105.156,-72.859,0.));
#13738 = CIRCLE('',#13739,0.85);
#13739 = AXIS2_PLACEMENT_3D('',#13740,#13741,#13742);
#13740 = CARTESIAN_POINT('',(105.156,-72.009,0.));
#13741 = DIRECTION('',(-0.,0.,-1.));
#13742 = DIRECTION('',(-0.,-1.,0.));
#13743 = FACE_BOUND('',#13744,.F.);
#13744 = EDGE_LOOP('',(#13745));
#13745 = ORIENTED_EDGE('',*,*,#13746,.T.);
#13746 = EDGE_CURVE('',#13747,#13747,#13749,.T.);
#13747 = VERTEX_POINT('',#13748);
#13748 = CARTESIAN_POINT('',(117.388,-78.87,0.));
#13749 = CIRCLE('',#13750,0.5);
#13750 = AXIS2_PLACEMENT_3D('',#13751,#13752,#13753);
#13751 = CARTESIAN_POINT('',(117.388,-78.37,0.));
#13752 = DIRECTION('',(-0.,0.,-1.));
#13753 = DIRECTION('',(-0.,-1.,0.));
#13754 = FACE_BOUND('',#13755,.F.);
#13755 = EDGE_LOOP('',(#13756,#13767,#13775,#13784));
#13756 = ORIENTED_EDGE('',*,*,#13757,.T.);
#13757 = EDGE_CURVE('',#13758,#13760,#13762,.T.);
#13758 = VERTEX_POINT('',#13759);
#13759 = CARTESIAN_POINT('',(115.038,-72.02,0.));
#13760 = VERTEX_POINT('',#13761);
#13761 = CARTESIAN_POINT('',(113.538,-72.02,0.));
#13762 = CIRCLE('',#13763,0.75);
#13763 = AXIS2_PLACEMENT_3D('',#13764,#13765,#13766);
#13764 = CARTESIAN_POINT('',(114.288,-72.02,0.));
#13765 = DIRECTION('',(-0.,0.,-1.));
#13766 = DIRECTION('',(-1.,0.,0.));
#13767 = ORIENTED_EDGE('',*,*,#13768,.T.);
#13768 = EDGE_CURVE('',#13760,#13769,#13771,.T.);
#13769 = VERTEX_POINT('',#13770);
#13770 = CARTESIAN_POINT('',(113.538,-70.72,0.));
#13771 = LINE('',#13772,#13773);
#13772 = CARTESIAN_POINT('',(113.538,-35.36,0.));
#13773 = VECTOR('',#13774,1.);
#13774 = DIRECTION('',(-0.,1.,0.));
#13775 = ORIENTED_EDGE('',*,*,#13776,.T.);
#13776 = EDGE_CURVE('',#13769,#13777,#13779,.T.);
#13777 = VERTEX_POINT('',#13778);
#13778 = CARTESIAN_POINT('',(115.038,-70.72,0.));
#13779 = CIRCLE('',#13780,0.75);
#13780 = AXIS2_PLACEMENT_3D('',#13781,#13782,#13783);
#13781 = CARTESIAN_POINT('',(114.288,-70.72,0.));
#13782 = DIRECTION('',(0.,-0.,-1.));
#13783 = DIRECTION('',(1.,0.,-0.));
#13784 = ORIENTED_EDGE('',*,*,#13785,.T.);
#13785 = EDGE_CURVE('',#13777,#13758,#13786,.T.);
#13786 = LINE('',#13787,#13788);
#13787 = CARTESIAN_POINT('',(115.038,-36.01,0.));
#13788 = VECTOR('',#13789,1.);
#13789 = DIRECTION('',(0.,-1.,0.));
#13790 = FACE_BOUND('',#13791,.F.);
#13791 = EDGE_LOOP('',(#13792));
#13792 = ORIENTED_EDGE('',*,*,#13793,.T.);
#13793 = EDGE_CURVE('',#13794,#13794,#13796,.T.);
#13794 = VERTEX_POINT('',#13795);
#13795 = CARTESIAN_POINT('',(102.616,-67.679,0.));
#13796 = CIRCLE('',#13797,0.75);
#13797 = AXIS2_PLACEMENT_3D('',#13798,#13799,#13800);
#13798 = CARTESIAN_POINT('',(102.616,-66.929,0.));
#13799 = DIRECTION('',(-0.,0.,-1.));
#13800 = DIRECTION('',(-0.,-1.,0.));
#13801 = FACE_BOUND('',#13802,.F.);
#13802 = EDGE_LOOP('',(#13803));
#13803 = ORIENTED_EDGE('',*,*,#13804,.T.);
#13804 = EDGE_CURVE('',#13805,#13805,#13807,.T.);
#13805 = VERTEX_POINT('',#13806);
#13806 = CARTESIAN_POINT('',(117.388,-64.37,0.));
#13807 = CIRCLE('',#13808,0.5);
#13808 = AXIS2_PLACEMENT_3D('',#13809,#13810,#13811);
#13809 = CARTESIAN_POINT('',(117.388,-63.87,0.));
#13810 = DIRECTION('',(-0.,0.,-1.));
#13811 = DIRECTION('',(-0.,-1.,0.));
#13812 = FACE_BOUND('',#13813,.F.);
#13813 = EDGE_LOOP('',(#13814));
#13814 = ORIENTED_EDGE('',*,*,#13815,.T.);
#13815 = EDGE_CURVE('',#13816,#13816,#13818,.T.);
#13816 = VERTEX_POINT('',#13817);
#13817 = CARTESIAN_POINT('',(119.888,-64.37,0.));
#13818 = CIRCLE('',#13819,0.5);
#13819 = AXIS2_PLACEMENT_3D('',#13820,#13821,#13822);
#13820 = CARTESIAN_POINT('',(119.888,-63.87,0.));
#13821 = DIRECTION('',(-0.,0.,-1.));
#13822 = DIRECTION('',(-0.,-1.,0.));
#13823 = FACE_BOUND('',#13824,.F.);
#13824 = EDGE_LOOP('',(#13825));
#13825 = ORIENTED_EDGE('',*,*,#13826,.T.);
#13826 = EDGE_CURVE('',#13827,#13827,#13829,.T.);
#13827 = VERTEX_POINT('',#13828);
#13828 = CARTESIAN_POINT('',(124.333,-91.909,0.));
#13829 = CIRCLE('',#13830,0.85);
#13830 = AXIS2_PLACEMENT_3D('',#13831,#13832,#13833);
#13831 = CARTESIAN_POINT('',(124.333,-91.059,0.));
#13832 = DIRECTION('',(-0.,0.,-1.));
#13833 = DIRECTION('',(-0.,-1.,0.));
#13834 = FACE_BOUND('',#13835,.F.);
#13835 = EDGE_LOOP('',(#13836));
#13836 = ORIENTED_EDGE('',*,*,#13837,.T.);
#13837 = EDGE_CURVE('',#13838,#13838,#13840,.T.);
#13838 = VERTEX_POINT('',#13839);
#13839 = CARTESIAN_POINT('',(121.793,-86.729,0.));
#13840 = CIRCLE('',#13841,0.75);
#13841 = AXIS2_PLACEMENT_3D('',#13842,#13843,#13844);
#13842 = CARTESIAN_POINT('',(121.793,-85.979,0.));
#13843 = DIRECTION('',(-0.,0.,-1.));
#13844 = DIRECTION('',(-0.,-1.,0.));
#13845 = FACE_BOUND('',#13846,.F.);
#13846 = EDGE_LOOP('',(#13847));
#13847 = ORIENTED_EDGE('',*,*,#13848,.T.);
#13848 = EDGE_CURVE('',#13849,#13849,#13851,.T.);
#13849 = VERTEX_POINT('',#13850);
#13850 = CARTESIAN_POINT('',(160.02,-80.41,0.));
#13851 = CIRCLE('',#13852,0.4);
#13852 = AXIS2_PLACEMENT_3D('',#13853,#13854,#13855);
#13853 = CARTESIAN_POINT('',(160.02,-80.01,0.));
#13854 = DIRECTION('',(-0.,0.,-1.));
#13855 = DIRECTION('',(7.105427357601E-14,-1.,-0.));
#13856 = FACE_BOUND('',#13857,.F.);
#13857 = EDGE_LOOP('',(#13858));
#13858 = ORIENTED_EDGE('',*,*,#13859,.T.);
#13859 = EDGE_CURVE('',#13860,#13860,#13862,.T.);
#13860 = VERTEX_POINT('',#13861);
#13861 = CARTESIAN_POINT('',(167.64,-80.41,0.));
#13862 = CIRCLE('',#13863,0.4);
#13863 = AXIS2_PLACEMENT_3D('',#13864,#13865,#13866);
#13864 = CARTESIAN_POINT('',(167.64,-80.01,0.));
#13865 = DIRECTION('',(-0.,0.,-1.));
#13866 = DIRECTION('',(-0.,-1.,0.));
#13867 = FACE_BOUND('',#13868,.F.);
#13868 = EDGE_LOOP('',(#13869));
#13869 = ORIENTED_EDGE('',*,*,#13870,.T.);
#13870 = EDGE_CURVE('',#13871,#13871,#13873,.T.);
#13871 = VERTEX_POINT('',#13872);
#13872 = CARTESIAN_POINT('',(122.388,-78.87,0.));
#13873 = CIRCLE('',#13874,0.5);
#13874 = AXIS2_PLACEMENT_3D('',#13875,#13876,#13877);
#13875 = CARTESIAN_POINT('',(122.388,-78.37,0.));
#13876 = DIRECTION('',(-0.,0.,-1.));
#13877 = DIRECTION('',(-0.,-1.,0.));
#13878 = FACE_BOUND('',#13879,.F.);
#13879 = EDGE_LOOP('',(#13880,#13891,#13899,#13908));
#13880 = ORIENTED_EDGE('',*,*,#13881,.T.);
#13881 = EDGE_CURVE('',#13882,#13884,#13886,.T.);
#13882 = VERTEX_POINT('',#13883);
#13883 = CARTESIAN_POINT('',(126.238,-72.02,0.));
#13884 = VERTEX_POINT('',#13885);
#13885 = CARTESIAN_POINT('',(124.738,-72.02,0.));
#13886 = CIRCLE('',#13887,0.75);
#13887 = AXIS2_PLACEMENT_3D('',#13888,#13889,#13890);
#13888 = CARTESIAN_POINT('',(125.488,-72.02,0.));
#13889 = DIRECTION('',(-0.,0.,-1.));
#13890 = DIRECTION('',(-1.,0.,0.));
#13891 = ORIENTED_EDGE('',*,*,#13892,.T.);
#13892 = EDGE_CURVE('',#13884,#13893,#13895,.T.);
#13893 = VERTEX_POINT('',#13894);
#13894 = CARTESIAN_POINT('',(124.738,-70.72,0.));
#13895 = LINE('',#13896,#13897);
#13896 = CARTESIAN_POINT('',(124.738,-35.36,0.));
#13897 = VECTOR('',#13898,1.);
#13898 = DIRECTION('',(-0.,1.,0.));
#13899 = ORIENTED_EDGE('',*,*,#13900,.T.);
#13900 = EDGE_CURVE('',#13893,#13901,#13903,.T.);
#13901 = VERTEX_POINT('',#13902);
#13902 = CARTESIAN_POINT('',(126.238,-70.72,0.));
#13903 = CIRCLE('',#13904,0.75);
#13904 = AXIS2_PLACEMENT_3D('',#13905,#13906,#13907);
#13905 = CARTESIAN_POINT('',(125.488,-70.72,0.));
#13906 = DIRECTION('',(0.,-0.,-1.));
#13907 = DIRECTION('',(1.,0.,-0.));
#13908 = ORIENTED_EDGE('',*,*,#13909,.T.);
#13909 = EDGE_CURVE('',#13901,#13882,#13910,.T.);
#13910 = LINE('',#13911,#13912);
#13911 = CARTESIAN_POINT('',(126.238,-36.01,0.));
#13912 = VECTOR('',#13913,1.);
#13913 = DIRECTION('',(0.,-1.,0.));
#13914 = FACE_BOUND('',#13915,.F.);
#13915 = EDGE_LOOP('',(#13916));
#13916 = ORIENTED_EDGE('',*,*,#13917,.T.);
#13917 = EDGE_CURVE('',#13918,#13918,#13920,.T.);
#13918 = VERTEX_POINT('',#13919);
#13919 = CARTESIAN_POINT('',(137.16,-77.9145,0.));
#13920 = CIRCLE('',#13921,0.4445);
#13921 = AXIS2_PLACEMENT_3D('',#13922,#13923,#13924);
#13922 = CARTESIAN_POINT('',(137.16,-77.47,0.));
#13923 = DIRECTION('',(-0.,0.,-1.));
#13924 = DIRECTION('',(-0.,-1.,0.));
#13925 = FACE_BOUND('',#13926,.F.);
#13926 = EDGE_LOOP('',(#13927));
#13927 = ORIENTED_EDGE('',*,*,#13928,.T.);
#13928 = EDGE_CURVE('',#13929,#13929,#13931,.T.);
#13929 = VERTEX_POINT('',#13930);
#13930 = CARTESIAN_POINT('',(137.16,-75.3745,0.));
#13931 = CIRCLE('',#13932,0.4445);
#13932 = AXIS2_PLACEMENT_3D('',#13933,#13934,#13935);
#13933 = CARTESIAN_POINT('',(137.16,-74.93,0.));
#13934 = DIRECTION('',(-0.,0.,-1.));
#13935 = DIRECTION('',(-0.,-1.,0.));
#13936 = FACE_BOUND('',#13937,.F.);
#13937 = EDGE_LOOP('',(#13938));
#13938 = ORIENTED_EDGE('',*,*,#13939,.T.);
#13939 = EDGE_CURVE('',#13940,#13940,#13942,.T.);
#13940 = VERTEX_POINT('',#13941);
#13941 = CARTESIAN_POINT('',(137.16,-72.8345,0.));
#13942 = CIRCLE('',#13943,0.4445);
#13943 = AXIS2_PLACEMENT_3D('',#13944,#13945,#13946);
#13944 = CARTESIAN_POINT('',(137.16,-72.39,0.));
#13945 = DIRECTION('',(-0.,0.,-1.));
#13946 = DIRECTION('',(-0.,-1.,0.));
#13947 = FACE_BOUND('',#13948,.F.);
#13948 = EDGE_LOOP('',(#13949));
#13949 = ORIENTED_EDGE('',*,*,#13950,.T.);
#13950 = EDGE_CURVE('',#13951,#13951,#13953,.T.);
#13951 = VERTEX_POINT('',#13952);
#13952 = CARTESIAN_POINT('',(122.388,-64.37,0.));
#13953 = CIRCLE('',#13954,0.5);
#13954 = AXIS2_PLACEMENT_3D('',#13955,#13956,#13957);
#13955 = CARTESIAN_POINT('',(122.388,-63.87,0.));
#13956 = DIRECTION('',(-0.,0.,-1.));
#13957 = DIRECTION('',(-0.,-1.,0.));
#13958 = FACE_BOUND('',#13959,.F.);
#13959 = EDGE_LOOP('',(#13960));
#13960 = ORIENTED_EDGE('',*,*,#13961,.T.);
#13961 = EDGE_CURVE('',#13962,#13962,#13964,.T.);
#13962 = VERTEX_POINT('',#13963);
#13963 = CARTESIAN_POINT('',(137.16,-70.2945,0.));
#13964 = CIRCLE('',#13965,0.4445);
#13965 = AXIS2_PLACEMENT_3D('',#13966,#13967,#13968);
#13966 = CARTESIAN_POINT('',(137.16,-69.85,0.));
#13967 = DIRECTION('',(-0.,0.,-1.));
#13968 = DIRECTION('',(-0.,-1.,0.));
#13969 = FACE_BOUND('',#13970,.F.);
#13970 = EDGE_LOOP('',(#13971));
#13971 = ORIENTED_EDGE('',*,*,#13972,.T.);
#13972 = EDGE_CURVE('',#13973,#13973,#13975,.T.);
#13973 = VERTEX_POINT('',#13974);
#13974 = CARTESIAN_POINT('',(137.16,-67.7545,0.));
#13975 = CIRCLE('',#13976,0.4445);
#13976 = AXIS2_PLACEMENT_3D('',#13977,#13978,#13979);
#13977 = CARTESIAN_POINT('',(137.16,-67.31,0.));
#13978 = DIRECTION('',(-0.,0.,-1.));
#13979 = DIRECTION('',(-0.,-1.,0.));
#13980 = FACE_BOUND('',#13981,.F.);
#13981 = EDGE_LOOP('',(#13982));
#13982 = ORIENTED_EDGE('',*,*,#13983,.T.);
#13983 = EDGE_CURVE('',#13984,#13984,#13986,.T.);
#13984 = VERTEX_POINT('',#13985);
#13985 = CARTESIAN_POINT('',(133.35,-65.12,0.));
#13986 = CIRCLE('',#13987,0.35);
#13987 = AXIS2_PLACEMENT_3D('',#13988,#13989,#13990);
#13988 = CARTESIAN_POINT('',(133.35,-64.77,0.));
#13989 = DIRECTION('',(-0.,0.,-1.));
#13990 = DIRECTION('',(-0.,-1.,0.));
#13991 = FACE_BOUND('',#13992,.F.);
#13992 = EDGE_LOOP('',(#13993));
#13993 = ORIENTED_EDGE('',*,*,#13994,.T.);
#13994 = EDGE_CURVE('',#13995,#13995,#13997,.T.);
#13995 = VERTEX_POINT('',#13996);
#13996 = CARTESIAN_POINT('',(137.16,-65.2145,0.));
#13997 = CIRCLE('',#13998,0.4445);
#13998 = AXIS2_PLACEMENT_3D('',#13999,#14000,#14001);
#13999 = CARTESIAN_POINT('',(137.16,-64.77,0.));
#14000 = DIRECTION('',(-0.,0.,-1.));
#14001 = DIRECTION('',(-0.,-1.,0.));
#14002 = FACE_BOUND('',#14003,.F.);
#14003 = EDGE_LOOP('',(#14004));
#14004 = ORIENTED_EDGE('',*,*,#14005,.T.);
#14005 = EDGE_CURVE('',#14006,#14006,#14008,.T.);
#14006 = VERTEX_POINT('',#14007);
#14007 = CARTESIAN_POINT('',(133.35,-62.58,0.));
#14008 = CIRCLE('',#14009,0.35);
#14009 = AXIS2_PLACEMENT_3D('',#14010,#14011,#14012);
#14010 = CARTESIAN_POINT('',(133.35,-62.23,0.));
#14011 = DIRECTION('',(-0.,0.,-1.));
#14012 = DIRECTION('',(-0.,-1.,0.));
#14013 = FACE_BOUND('',#14014,.F.);
#14014 = EDGE_LOOP('',(#14015));
#14015 = ORIENTED_EDGE('',*,*,#14016,.T.);
#14016 = EDGE_CURVE('',#14017,#14017,#14019,.T.);
#14017 = VERTEX_POINT('',#14018);
#14018 = CARTESIAN_POINT('',(137.16,-62.6745,0.));
#14019 = CIRCLE('',#14020,0.4445);
#14020 = AXIS2_PLACEMENT_3D('',#14021,#14022,#14023);
#14021 = CARTESIAN_POINT('',(137.16,-62.23,0.));
#14022 = DIRECTION('',(-0.,0.,-1.));
#14023 = DIRECTION('',(-0.,-1.,0.));
#14024 = FACE_BOUND('',#14025,.F.);
#14025 = EDGE_LOOP('',(#14026));
#14026 = ORIENTED_EDGE('',*,*,#14027,.T.);
#14027 = EDGE_CURVE('',#14028,#14028,#14030,.T.);
#14028 = VERTEX_POINT('',#14029);
#14029 = CARTESIAN_POINT('',(152.4,-77.9145,0.));
#14030 = CIRCLE('',#14031,0.4445);
#14031 = AXIS2_PLACEMENT_3D('',#14032,#14033,#14034);
#14032 = CARTESIAN_POINT('',(152.4,-77.47,0.));
#14033 = DIRECTION('',(-0.,0.,-1.));
#14034 = DIRECTION('',(-0.,-1.,0.));
#14035 = FACE_BOUND('',#14036,.F.);
#14036 = EDGE_LOOP('',(#14037));
#14037 = ORIENTED_EDGE('',*,*,#14038,.T.);
#14038 = EDGE_CURVE('',#14039,#14039,#14041,.T.);
#14039 = VERTEX_POINT('',#14040);
#14040 = CARTESIAN_POINT('',(152.4,-75.3745,0.));
#14041 = CIRCLE('',#14042,0.4445);
#14042 = AXIS2_PLACEMENT_3D('',#14043,#14044,#14045);
#14043 = CARTESIAN_POINT('',(152.4,-74.93,0.));
#14044 = DIRECTION('',(-0.,0.,-1.));
#14045 = DIRECTION('',(-0.,-1.,0.));
#14046 = FACE_BOUND('',#14047,.F.);
#14047 = EDGE_LOOP('',(#14048));
#14048 = ORIENTED_EDGE('',*,*,#14049,.T.);
#14049 = EDGE_CURVE('',#14050,#14050,#14052,.T.);
#14050 = VERTEX_POINT('',#14051);
#14051 = CARTESIAN_POINT('',(152.4,-72.8345,0.));
#14052 = CIRCLE('',#14053,0.4445);
#14053 = AXIS2_PLACEMENT_3D('',#14054,#14055,#14056);
#14054 = CARTESIAN_POINT('',(152.4,-72.39,0.));
#14055 = DIRECTION('',(-0.,0.,-1.));
#14056 = DIRECTION('',(-0.,-1.,0.));
#14057 = FACE_BOUND('',#14058,.F.);
#14058 = EDGE_LOOP('',(#14059));
#14059 = ORIENTED_EDGE('',*,*,#14060,.T.);
#14060 = EDGE_CURVE('',#14061,#14061,#14063,.T.);
#14061 = VERTEX_POINT('',#14062);
#14062 = CARTESIAN_POINT('',(160.02,-77.87,0.));
#14063 = CIRCLE('',#14064,0.4);
#14064 = AXIS2_PLACEMENT_3D('',#14065,#14066,#14067);
#14065 = CARTESIAN_POINT('',(160.02,-77.47,0.));
#14066 = DIRECTION('',(-0.,0.,-1.));
#14067 = DIRECTION('',(7.105427357601E-14,-1.,-0.));
#14068 = FACE_BOUND('',#14069,.F.);
#14069 = EDGE_LOOP('',(#14070));
#14070 = ORIENTED_EDGE('',*,*,#14071,.T.);
#14071 = EDGE_CURVE('',#14072,#14072,#14074,.T.);
#14072 = VERTEX_POINT('',#14073);
#14073 = CARTESIAN_POINT('',(160.02,-75.33,0.));
#14074 = CIRCLE('',#14075,0.4);
#14075 = AXIS2_PLACEMENT_3D('',#14076,#14077,#14078);
#14076 = CARTESIAN_POINT('',(160.02,-74.93,0.));
#14077 = DIRECTION('',(-0.,0.,-1.));
#14078 = DIRECTION('',(7.105427357601E-14,-1.,-0.));
#14079 = FACE_BOUND('',#14080,.F.);
#14080 = EDGE_LOOP('',(#14081));
#14081 = ORIENTED_EDGE('',*,*,#14082,.T.);
#14082 = EDGE_CURVE('',#14083,#14083,#14085,.T.);
#14083 = VERTEX_POINT('',#14084);
#14084 = CARTESIAN_POINT('',(167.64,-77.87,0.));
#14085 = CIRCLE('',#14086,0.4);
#14086 = AXIS2_PLACEMENT_3D('',#14087,#14088,#14089);
#14087 = CARTESIAN_POINT('',(167.64,-77.47,0.));
#14088 = DIRECTION('',(-0.,0.,-1.));
#14089 = DIRECTION('',(-0.,-1.,0.));
#14090 = FACE_BOUND('',#14091,.F.);
#14091 = EDGE_LOOP('',(#14092));
#14092 = ORIENTED_EDGE('',*,*,#14093,.T.);
#14093 = EDGE_CURVE('',#14094,#14094,#14096,.T.);
#14094 = VERTEX_POINT('',#14095);
#14095 = CARTESIAN_POINT('',(167.64,-75.33,0.));
#14096 = CIRCLE('',#14097,0.4);
#14097 = AXIS2_PLACEMENT_3D('',#14098,#14099,#14100);
#14098 = CARTESIAN_POINT('',(167.64,-74.93,0.));
#14099 = DIRECTION('',(-0.,0.,-1.));
#14100 = DIRECTION('',(-0.,-1.,0.));
#14101 = FACE_BOUND('',#14102,.F.);
#14102 = EDGE_LOOP('',(#14103));
#14103 = ORIENTED_EDGE('',*,*,#14104,.T.);
#14104 = EDGE_CURVE('',#14105,#14105,#14107,.T.);
#14105 = VERTEX_POINT('',#14106);
#14106 = CARTESIAN_POINT('',(160.02,-72.79,0.));
#14107 = CIRCLE('',#14108,0.4);
#14108 = AXIS2_PLACEMENT_3D('',#14109,#14110,#14111);
#14109 = CARTESIAN_POINT('',(160.02,-72.39,0.));
#14110 = DIRECTION('',(-0.,0.,-1.));
#14111 = DIRECTION('',(7.105427357601E-14,-1.,-0.));
#14112 = FACE_BOUND('',#14113,.F.);
#14113 = EDGE_LOOP('',(#14114));
#14114 = ORIENTED_EDGE('',*,*,#14115,.T.);
#14115 = EDGE_CURVE('',#14116,#14116,#14118,.T.);
#14116 = VERTEX_POINT('',#14117);
#14117 = CARTESIAN_POINT('',(167.64,-72.79,0.));
#14118 = CIRCLE('',#14119,0.4);
#14119 = AXIS2_PLACEMENT_3D('',#14120,#14121,#14122);
#14120 = CARTESIAN_POINT('',(167.64,-72.39,0.));
#14121 = DIRECTION('',(-0.,0.,-1.));
#14122 = DIRECTION('',(-0.,-1.,0.));
#14123 = FACE_BOUND('',#14124,.F.);
#14124 = EDGE_LOOP('',(#14125));
#14125 = ORIENTED_EDGE('',*,*,#14126,.T.);
#14126 = EDGE_CURVE('',#14127,#14127,#14129,.T.);
#14127 = VERTEX_POINT('',#14128);
#14128 = CARTESIAN_POINT('',(152.4,-70.2945,0.));
#14129 = CIRCLE('',#14130,0.4445);
#14130 = AXIS2_PLACEMENT_3D('',#14131,#14132,#14133);
#14131 = CARTESIAN_POINT('',(152.4,-69.85,0.));
#14132 = DIRECTION('',(-0.,0.,-1.));
#14133 = DIRECTION('',(-0.,-1.,0.));
#14134 = FACE_BOUND('',#14135,.F.);
#14135 = EDGE_LOOP('',(#14136));
#14136 = ORIENTED_EDGE('',*,*,#14137,.T.);
#14137 = EDGE_CURVE('',#14138,#14138,#14140,.T.);
#14138 = VERTEX_POINT('',#14139);
#14139 = CARTESIAN_POINT('',(152.4,-67.7545,0.));
#14140 = CIRCLE('',#14141,0.4445);
#14141 = AXIS2_PLACEMENT_3D('',#14142,#14143,#14144);
#14142 = CARTESIAN_POINT('',(152.4,-67.31,0.));
#14143 = DIRECTION('',(-0.,0.,-1.));
#14144 = DIRECTION('',(-0.,-1.,0.));
#14145 = FACE_BOUND('',#14146,.F.);
#14146 = EDGE_LOOP('',(#14147));
#14147 = ORIENTED_EDGE('',*,*,#14148,.T.);
#14148 = EDGE_CURVE('',#14149,#14149,#14151,.T.);
#14149 = VERTEX_POINT('',#14150);
#14150 = CARTESIAN_POINT('',(152.4,-65.2145,0.));
#14151 = CIRCLE('',#14152,0.4445);
#14152 = AXIS2_PLACEMENT_3D('',#14153,#14154,#14155);
#14153 = CARTESIAN_POINT('',(152.4,-64.77,0.));
#14154 = DIRECTION('',(-0.,0.,-1.));
#14155 = DIRECTION('',(-0.,-1.,0.));
#14156 = FACE_BOUND('',#14157,.F.);
#14157 = EDGE_LOOP('',(#14158));
#14158 = ORIENTED_EDGE('',*,*,#14159,.T.);
#14159 = EDGE_CURVE('',#14160,#14160,#14162,.T.);
#14160 = VERTEX_POINT('',#14161);
#14161 = CARTESIAN_POINT('',(152.4,-62.6745,0.));
#14162 = CIRCLE('',#14163,0.4445);
#14163 = AXIS2_PLACEMENT_3D('',#14164,#14165,#14166);
#14164 = CARTESIAN_POINT('',(152.4,-62.23,0.));
#14165 = DIRECTION('',(-0.,0.,-1.));
#14166 = DIRECTION('',(-0.,-1.,0.));
#14167 = FACE_BOUND('',#14168,.F.);
#14168 = EDGE_LOOP('',(#14169));
#14169 = ORIENTED_EDGE('',*,*,#14170,.T.);
#14170 = EDGE_CURVE('',#14171,#14171,#14173,.T.);
#14171 = VERTEX_POINT('',#14172);
#14172 = CARTESIAN_POINT('',(160.02,-70.25,0.));
#14173 = CIRCLE('',#14174,0.4);
#14174 = AXIS2_PLACEMENT_3D('',#14175,#14176,#14177);
#14175 = CARTESIAN_POINT('',(160.02,-69.85,0.));
#14176 = DIRECTION('',(-0.,0.,-1.));
#14177 = DIRECTION('',(7.105427357601E-14,-1.,-0.));
#14178 = FACE_BOUND('',#14179,.F.);
#14179 = EDGE_LOOP('',(#14180));
#14180 = ORIENTED_EDGE('',*,*,#14181,.T.);
#14181 = EDGE_CURVE('',#14182,#14182,#14184,.T.);
#14182 = VERTEX_POINT('',#14183);
#14183 = CARTESIAN_POINT('',(160.02,-67.71,0.));
#14184 = CIRCLE('',#14185,0.4);
#14185 = AXIS2_PLACEMENT_3D('',#14186,#14187,#14188);
#14186 = CARTESIAN_POINT('',(160.02,-67.31,0.));
#14187 = DIRECTION('',(-0.,0.,-1.));
#14188 = DIRECTION('',(7.105427357601E-14,-1.,-0.));
#14189 = FACE_BOUND('',#14190,.F.);
#14190 = EDGE_LOOP('',(#14191));
#14191 = ORIENTED_EDGE('',*,*,#14192,.T.);
#14192 = EDGE_CURVE('',#14193,#14193,#14195,.T.);
#14193 = VERTEX_POINT('',#14194);
#14194 = CARTESIAN_POINT('',(167.64,-70.25,0.));
#14195 = CIRCLE('',#14196,0.4);
#14196 = AXIS2_PLACEMENT_3D('',#14197,#14198,#14199);
#14197 = CARTESIAN_POINT('',(167.64,-69.85,0.));
#14198 = DIRECTION('',(-0.,0.,-1.));
#14199 = DIRECTION('',(-0.,-1.,0.));
#14200 = FACE_BOUND('',#14201,.F.);
#14201 = EDGE_LOOP('',(#14202));
#14202 = ORIENTED_EDGE('',*,*,#14203,.T.);
#14203 = EDGE_CURVE('',#14204,#14204,#14206,.T.);
#14204 = VERTEX_POINT('',#14205);
#14205 = CARTESIAN_POINT('',(167.64,-67.71,0.));
#14206 = CIRCLE('',#14207,0.4);
#14207 = AXIS2_PLACEMENT_3D('',#14208,#14209,#14210);
#14208 = CARTESIAN_POINT('',(167.64,-67.31,0.));
#14209 = DIRECTION('',(-0.,0.,-1.));
#14210 = DIRECTION('',(-0.,-1.,0.));
#14211 = FACE_BOUND('',#14212,.F.);
#14212 = EDGE_LOOP('',(#14213));
#14213 = ORIENTED_EDGE('',*,*,#14214,.T.);
#14214 = EDGE_CURVE('',#14215,#14215,#14217,.T.);
#14215 = VERTEX_POINT('',#14216);
#14216 = CARTESIAN_POINT('',(160.02,-65.17,0.));
#14217 = CIRCLE('',#14218,0.4);
#14218 = AXIS2_PLACEMENT_3D('',#14219,#14220,#14221);
#14219 = CARTESIAN_POINT('',(160.02,-64.77,0.));
#14220 = DIRECTION('',(-0.,0.,-1.));
#14221 = DIRECTION('',(7.105427357601E-14,-1.,-0.));
#14222 = FACE_BOUND('',#14223,.F.);
#14223 = EDGE_LOOP('',(#14224));
#14224 = ORIENTED_EDGE('',*,*,#14225,.T.);
#14225 = EDGE_CURVE('',#14226,#14226,#14228,.T.);
#14226 = VERTEX_POINT('',#14227);
#14227 = CARTESIAN_POINT('',(160.02,-62.63,0.));
#14228 = CIRCLE('',#14229,0.4);
#14229 = AXIS2_PLACEMENT_3D('',#14230,#14231,#14232);
#14230 = CARTESIAN_POINT('',(160.02,-62.23,0.));
#14231 = DIRECTION('',(-0.,0.,-1.));
#14232 = DIRECTION('',(7.105427357601E-14,-1.,-0.));
#14233 = FACE_BOUND('',#14234,.F.);
#14234 = EDGE_LOOP('',(#14235));
#14235 = ORIENTED_EDGE('',*,*,#14236,.T.);
#14236 = EDGE_CURVE('',#14237,#14237,#14239,.T.);
#14237 = VERTEX_POINT('',#14238);
#14238 = CARTESIAN_POINT('',(167.64,-65.17,0.));
#14239 = CIRCLE('',#14240,0.4);
#14240 = AXIS2_PLACEMENT_3D('',#14241,#14242,#14243);
#14241 = CARTESIAN_POINT('',(167.64,-64.77,0.));
#14242 = DIRECTION('',(-0.,0.,-1.));
#14243 = DIRECTION('',(-0.,-1.,0.));
#14244 = FACE_BOUND('',#14245,.F.);
#14245 = EDGE_LOOP('',(#14246));
#14246 = ORIENTED_EDGE('',*,*,#14247,.T.);
#14247 = EDGE_CURVE('',#14248,#14248,#14250,.T.);
#14248 = VERTEX_POINT('',#14249);
#14249 = CARTESIAN_POINT('',(167.64,-62.63,0.));
#14250 = CIRCLE('',#14251,0.4);
#14251 = AXIS2_PLACEMENT_3D('',#14252,#14253,#14254);
#14252 = CARTESIAN_POINT('',(167.64,-62.23,0.));
#14253 = DIRECTION('',(-0.,0.,-1.));
#14254 = DIRECTION('',(-0.,-1.,0.));
#14255 = PLANE('',#14256);
#14256 = AXIS2_PLACEMENT_3D('',#14257,#14258,#14259);
#14257 = CARTESIAN_POINT('',(0.,0.,0.));
#14258 = DIRECTION('',(0.,0.,1.));
#14259 = DIRECTION('',(1.,0.,-0.));
#14260 = ADVANCED_FACE('',(#14261,#14272,#14283,#14294,#14305,#14316,
    #14327,#14338,#14349,#14360,#14371,#14382,#14393,#14404,#14415,
    #14426,#14437,#14448,#14459,#14470,#14481,#14492,#14503,#14514,
    #14525,#14536,#14547,#14558,#14569,#14580,#14591,#14602,#14613,
    #14624,#14635,#14646,#14657,#14668,#14679,#14690,#14701,#14712,
    #14723,#14734,#14745,#14756,#14767,#14778,#14789,#14800,#14811,
    #14822,#14833,#14844,#14855,#14866,#14877,#14888,#14899,#14910,
    #14921,#14932,#14943,#14979,#15015,#15026,#15037,#15048,#15059,
    #15070,#15081,#15092,#15103,#15139,#15150,#15161,#15172,#15183,
    #15194,#15205,#15216,#15227,#15263,#15274,#15285,#15296,#15307,
    #15318,#15329,#15340,#15351,#15362,#15373,#15384,#15395,#15406,
    #15417,#15428,#15439,#15450,#15461,#15472,#15483,#15494,#15505,
    #15516,#15527,#15538,#15549,#15560,#15571,#15582,#15593),#15604,.T.
  );
#14261 = FACE_BOUND('',#14262,.T.);
#14262 = EDGE_LOOP('',(#14263,#14264,#14265,#14271));
#14263 = ORIENTED_EDGE('',*,*,#12823,.F.);
#14264 = ORIENTED_EDGE('',*,*,#12863,.F.);
#14265 = ORIENTED_EDGE('',*,*,#14266,.F.);
#14266 = EDGE_CURVE('',#12886,#12856,#14267,.T.);
#14267 = LINE('',#14268,#14269);
#14268 = CARTESIAN_POINT('',(66.294,-58.928,1.51));
#14269 = VECTOR('',#14270,1.);
#14270 = DIRECTION('',(1.,0.,0.));
#14271 = ORIENTED_EDGE('',*,*,#12885,.F.);
#14272 = FACE_BOUND('',#14273,.T.);
#14273 = EDGE_LOOP('',(#14274));
#14274 = ORIENTED_EDGE('',*,*,#14275,.T.);
#14275 = EDGE_CURVE('',#14276,#14276,#14278,.T.);
#14276 = VERTEX_POINT('',#14277);
#14277 = CARTESIAN_POINT('',(85.471,-130.136,1.51));
#14278 = CIRCLE('',#14279,0.85);
#14279 = AXIS2_PLACEMENT_3D('',#14280,#14281,#14282);
#14280 = CARTESIAN_POINT('',(85.471,-129.286,1.51));
#14281 = DIRECTION('',(-0.,0.,-1.));
#14282 = DIRECTION('',(-0.,-1.,0.));
#14283 = FACE_BOUND('',#14284,.T.);
#14284 = EDGE_LOOP('',(#14285));
#14285 = ORIENTED_EDGE('',*,*,#14286,.T.);
#14286 = EDGE_CURVE('',#14287,#14287,#14289,.T.);
#14287 = VERTEX_POINT('',#14288);
#14288 = CARTESIAN_POINT('',(90.551,-131.286,1.51));
#14289 = CIRCLE('',#14290,2.);
#14290 = AXIS2_PLACEMENT_3D('',#14291,#14292,#14293);
#14291 = CARTESIAN_POINT('',(90.551,-129.286,1.51));
#14292 = DIRECTION('',(-0.,0.,-1.));
#14293 = DIRECTION('',(-0.,-1.,0.));
#14294 = FACE_BOUND('',#14295,.T.);
#14295 = EDGE_LOOP('',(#14296));
#14296 = ORIENTED_EDGE('',*,*,#14297,.T.);
#14297 = EDGE_CURVE('',#14298,#14298,#14300,.T.);
#14298 = VERTEX_POINT('',#14299);
#14299 = CARTESIAN_POINT('',(95.631,-130.136,1.51));
#14300 = CIRCLE('',#14301,0.85);
#14301 = AXIS2_PLACEMENT_3D('',#14302,#14303,#14304);
#14302 = CARTESIAN_POINT('',(95.631,-129.286,1.51));
#14303 = DIRECTION('',(-0.,0.,-1.));
#14304 = DIRECTION('',(-0.,-1.,0.));
#14305 = FACE_BOUND('',#14306,.T.);
#14306 = EDGE_LOOP('',(#14307));
#14307 = ORIENTED_EDGE('',*,*,#14308,.T.);
#14308 = EDGE_CURVE('',#14309,#14309,#14311,.T.);
#14309 = VERTEX_POINT('',#14310);
#14310 = CARTESIAN_POINT('',(86.741,-127.496,1.51));
#14311 = CIRCLE('',#14312,0.75);
#14312 = AXIS2_PLACEMENT_3D('',#14313,#14314,#14315);
#14313 = CARTESIAN_POINT('',(86.741,-126.746,1.51));
#14314 = DIRECTION('',(-0.,0.,-1.));
#14315 = DIRECTION('',(-0.,-1.,0.));
#14316 = FACE_BOUND('',#14317,.T.);
#14317 = EDGE_LOOP('',(#14318));
#14318 = ORIENTED_EDGE('',*,*,#14319,.T.);
#14319 = EDGE_CURVE('',#14320,#14320,#14322,.T.);
#14320 = VERTEX_POINT('',#14321);
#14321 = CARTESIAN_POINT('',(93.091,-124.956,1.51));
#14322 = CIRCLE('',#14323,0.75);
#14323 = AXIS2_PLACEMENT_3D('',#14324,#14325,#14326);
#14324 = CARTESIAN_POINT('',(93.091,-124.206,1.51));
#14325 = DIRECTION('',(-0.,0.,-1.));
#14326 = DIRECTION('',(-0.,-1.,0.));
#14327 = FACE_BOUND('',#14328,.T.);
#14328 = EDGE_LOOP('',(#14329));
#14329 = ORIENTED_EDGE('',*,*,#14330,.T.);
#14330 = EDGE_CURVE('',#14331,#14331,#14333,.T.);
#14331 = VERTEX_POINT('',#14332);
#14332 = CARTESIAN_POINT('',(104.521,-130.136,1.51));
#14333 = CIRCLE('',#14334,0.85);
#14334 = AXIS2_PLACEMENT_3D('',#14335,#14336,#14337);
#14335 = CARTESIAN_POINT('',(104.521,-129.286,1.51));
#14336 = DIRECTION('',(-0.,0.,-1.));
#14337 = DIRECTION('',(-0.,-1.,0.));
#14338 = FACE_BOUND('',#14339,.T.);
#14339 = EDGE_LOOP('',(#14340));
#14340 = ORIENTED_EDGE('',*,*,#14341,.T.);
#14341 = EDGE_CURVE('',#14342,#14342,#14344,.T.);
#14342 = VERTEX_POINT('',#14343);
#14343 = CARTESIAN_POINT('',(105.791,-127.496,1.51));
#14344 = CIRCLE('',#14345,0.75);
#14345 = AXIS2_PLACEMENT_3D('',#14346,#14347,#14348);
#14346 = CARTESIAN_POINT('',(105.791,-126.746,1.51));
#14347 = DIRECTION('',(-0.,0.,-1.));
#14348 = DIRECTION('',(-0.,-1.,0.));
#14349 = FACE_BOUND('',#14350,.T.);
#14350 = EDGE_LOOP('',(#14351));
#14351 = ORIENTED_EDGE('',*,*,#14352,.T.);
#14352 = EDGE_CURVE('',#14353,#14353,#14355,.T.);
#14353 = VERTEX_POINT('',#14354);
#14354 = CARTESIAN_POINT('',(109.601,-131.286,1.51));
#14355 = CIRCLE('',#14356,2.);
#14356 = AXIS2_PLACEMENT_3D('',#14357,#14358,#14359);
#14357 = CARTESIAN_POINT('',(109.601,-129.286,1.51));
#14358 = DIRECTION('',(-0.,0.,-1.));
#14359 = DIRECTION('',(-0.,-1.,0.));
#14360 = FACE_BOUND('',#14361,.T.);
#14361 = EDGE_LOOP('',(#14362));
#14362 = ORIENTED_EDGE('',*,*,#14363,.T.);
#14363 = EDGE_CURVE('',#14364,#14364,#14366,.T.);
#14364 = VERTEX_POINT('',#14365);
#14365 = CARTESIAN_POINT('',(114.681,-130.136,1.51));
#14366 = CIRCLE('',#14367,0.85);
#14367 = AXIS2_PLACEMENT_3D('',#14368,#14369,#14370);
#14368 = CARTESIAN_POINT('',(114.681,-129.286,1.51));
#14369 = DIRECTION('',(-0.,0.,-1.));
#14370 = DIRECTION('',(-1.671865260612E-14,-1.,0.));
#14371 = FACE_BOUND('',#14372,.T.);
#14372 = EDGE_LOOP('',(#14373));
#14373 = ORIENTED_EDGE('',*,*,#14374,.T.);
#14374 = EDGE_CURVE('',#14375,#14375,#14377,.T.);
#14375 = VERTEX_POINT('',#14376);
#14376 = CARTESIAN_POINT('',(112.141,-124.956,1.51));
#14377 = CIRCLE('',#14378,0.75);
#14378 = AXIS2_PLACEMENT_3D('',#14379,#14380,#14381);
#14379 = CARTESIAN_POINT('',(112.141,-124.206,1.51));
#14380 = DIRECTION('',(-0.,0.,-1.));
#14381 = DIRECTION('',(-0.,-1.,0.));
#14382 = FACE_BOUND('',#14383,.T.);
#14383 = EDGE_LOOP('',(#14384));
#14384 = ORIENTED_EDGE('',*,*,#14385,.T.);
#14385 = EDGE_CURVE('',#14386,#14386,#14388,.T.);
#14386 = VERTEX_POINT('',#14387);
#14387 = CARTESIAN_POINT('',(75.946,-111.086,1.51));
#14388 = CIRCLE('',#14389,0.85);
#14389 = AXIS2_PLACEMENT_3D('',#14390,#14391,#14392);
#14390 = CARTESIAN_POINT('',(75.946,-110.236,1.51));
#14391 = DIRECTION('',(-0.,0.,-1.));
#14392 = DIRECTION('',(-0.,-1.,0.));
#14393 = FACE_BOUND('',#14394,.T.);
#14394 = EDGE_LOOP('',(#14395));
#14395 = ORIENTED_EDGE('',*,*,#14396,.T.);
#14396 = EDGE_CURVE('',#14397,#14397,#14399,.T.);
#14397 = VERTEX_POINT('',#14398);
#14398 = CARTESIAN_POINT('',(81.026,-112.236,1.51));
#14399 = CIRCLE('',#14400,2.);
#14400 = AXIS2_PLACEMENT_3D('',#14401,#14402,#14403);
#14401 = CARTESIAN_POINT('',(81.026,-110.236,1.51));
#14402 = DIRECTION('',(-0.,0.,-1.));
#14403 = DIRECTION('',(-0.,-1.,0.));
#14404 = FACE_BOUND('',#14405,.T.);
#14405 = EDGE_LOOP('',(#14406));
#14406 = ORIENTED_EDGE('',*,*,#14407,.T.);
#14407 = EDGE_CURVE('',#14408,#14408,#14410,.T.);
#14408 = VERTEX_POINT('',#14409);
#14409 = CARTESIAN_POINT('',(77.216,-108.446,1.51));
#14410 = CIRCLE('',#14411,0.75);
#14411 = AXIS2_PLACEMENT_3D('',#14412,#14413,#14414);
#14412 = CARTESIAN_POINT('',(77.216,-107.696,1.51));
#14413 = DIRECTION('',(-0.,0.,-1.));
#14414 = DIRECTION('',(-0.,-1.,0.));
#14415 = FACE_BOUND('',#14416,.T.);
#14416 = EDGE_LOOP('',(#14417));
#14417 = ORIENTED_EDGE('',*,*,#14418,.T.);
#14418 = EDGE_CURVE('',#14419,#14419,#14421,.T.);
#14419 = VERTEX_POINT('',#14420);
#14420 = CARTESIAN_POINT('',(86.106,-111.086,1.51));
#14421 = CIRCLE('',#14422,0.85);
#14422 = AXIS2_PLACEMENT_3D('',#14423,#14424,#14425);
#14423 = CARTESIAN_POINT('',(86.106,-110.236,1.51));
#14424 = DIRECTION('',(-0.,0.,-1.));
#14425 = DIRECTION('',(-0.,-1.,0.));
#14426 = FACE_BOUND('',#14427,.T.);
#14427 = EDGE_LOOP('',(#14428));
#14428 = ORIENTED_EDGE('',*,*,#14429,.T.);
#14429 = EDGE_CURVE('',#14430,#14430,#14432,.T.);
#14430 = VERTEX_POINT('',#14431);
#14431 = CARTESIAN_POINT('',(94.996,-111.086,1.51));
#14432 = CIRCLE('',#14433,0.85);
#14433 = AXIS2_PLACEMENT_3D('',#14434,#14435,#14436);
#14434 = CARTESIAN_POINT('',(94.996,-110.236,1.51));
#14435 = DIRECTION('',(-0.,0.,-1.));
#14436 = DIRECTION('',(-1.671865260612E-14,-1.,0.));
#14437 = FACE_BOUND('',#14438,.T.);
#14438 = EDGE_LOOP('',(#14439));
#14439 = ORIENTED_EDGE('',*,*,#14440,.T.);
#14440 = EDGE_CURVE('',#14441,#14441,#14443,.T.);
#14441 = VERTEX_POINT('',#14442);
#14442 = CARTESIAN_POINT('',(96.266,-108.446,1.51));
#14443 = CIRCLE('',#14444,0.75);
#14444 = AXIS2_PLACEMENT_3D('',#14445,#14446,#14447);
#14445 = CARTESIAN_POINT('',(96.266,-107.696,1.51));
#14446 = DIRECTION('',(-0.,0.,-1.));
#14447 = DIRECTION('',(-0.,-1.,0.));
#14448 = FACE_BOUND('',#14449,.T.);
#14449 = EDGE_LOOP('',(#14450));
#14450 = ORIENTED_EDGE('',*,*,#14451,.T.);
#14451 = EDGE_CURVE('',#14452,#14452,#14454,.T.);
#14452 = VERTEX_POINT('',#14453);
#14453 = CARTESIAN_POINT('',(83.566,-105.906,1.51));
#14454 = CIRCLE('',#14455,0.75);
#14455 = AXIS2_PLACEMENT_3D('',#14456,#14457,#14458);
#14456 = CARTESIAN_POINT('',(83.566,-105.156,1.51));
#14457 = DIRECTION('',(-0.,0.,-1.));
#14458 = DIRECTION('',(-0.,-1.,0.));
#14459 = FACE_BOUND('',#14460,.T.);
#14460 = EDGE_LOOP('',(#14461));
#14461 = ORIENTED_EDGE('',*,*,#14462,.T.);
#14462 = EDGE_CURVE('',#14463,#14463,#14465,.T.);
#14463 = VERTEX_POINT('',#14464);
#14464 = CARTESIAN_POINT('',(100.076,-112.236,1.51));
#14465 = CIRCLE('',#14466,2.);
#14466 = AXIS2_PLACEMENT_3D('',#14467,#14468,#14469);
#14467 = CARTESIAN_POINT('',(100.076,-110.236,1.51));
#14468 = DIRECTION('',(-0.,0.,-1.));
#14469 = DIRECTION('',(-0.,-1.,0.));
#14470 = FACE_BOUND('',#14471,.T.);
#14471 = EDGE_LOOP('',(#14472));
#14472 = ORIENTED_EDGE('',*,*,#14473,.T.);
#14473 = EDGE_CURVE('',#14474,#14474,#14476,.T.);
#14474 = VERTEX_POINT('',#14475);
#14475 = CARTESIAN_POINT('',(105.156,-111.086,1.51));
#14476 = CIRCLE('',#14477,0.85);
#14477 = AXIS2_PLACEMENT_3D('',#14478,#14479,#14480);
#14478 = CARTESIAN_POINT('',(105.156,-110.236,1.51));
#14479 = DIRECTION('',(-0.,0.,-1.));
#14480 = DIRECTION('',(-0.,-1.,0.));
#14481 = FACE_BOUND('',#14482,.T.);
#14482 = EDGE_LOOP('',(#14483));
#14483 = ORIENTED_EDGE('',*,*,#14484,.T.);
#14484 = EDGE_CURVE('',#14485,#14485,#14487,.T.);
#14485 = VERTEX_POINT('',#14486);
#14486 = CARTESIAN_POINT('',(114.173,-111.086,1.51));
#14487 = CIRCLE('',#14488,0.85);
#14488 = AXIS2_PLACEMENT_3D('',#14489,#14490,#14491);
#14489 = CARTESIAN_POINT('',(114.173,-110.236,1.51));
#14490 = DIRECTION('',(-0.,0.,-1.));
#14491 = DIRECTION('',(-0.,-1.,0.));
#14492 = FACE_BOUND('',#14493,.T.);
#14493 = EDGE_LOOP('',(#14494));
#14494 = ORIENTED_EDGE('',*,*,#14495,.T.);
#14495 = EDGE_CURVE('',#14496,#14496,#14498,.T.);
#14496 = VERTEX_POINT('',#14497);
#14497 = CARTESIAN_POINT('',(119.253,-112.236,1.51));
#14498 = CIRCLE('',#14499,2.);
#14499 = AXIS2_PLACEMENT_3D('',#14500,#14501,#14502);
#14500 = CARTESIAN_POINT('',(119.253,-110.236,1.51));
#14501 = DIRECTION('',(-0.,0.,-1.));
#14502 = DIRECTION('',(-0.,-1.,0.));
#14503 = FACE_BOUND('',#14504,.T.);
#14504 = EDGE_LOOP('',(#14505));
#14505 = ORIENTED_EDGE('',*,*,#14506,.T.);
#14506 = EDGE_CURVE('',#14507,#14507,#14509,.T.);
#14507 = VERTEX_POINT('',#14508);
#14508 = CARTESIAN_POINT('',(115.443,-108.446,1.51));
#14509 = CIRCLE('',#14510,0.75);
#14510 = AXIS2_PLACEMENT_3D('',#14511,#14512,#14513);
#14511 = CARTESIAN_POINT('',(115.443,-107.696,1.51));
#14512 = DIRECTION('',(-0.,0.,-1.));
#14513 = DIRECTION('',(-0.,-1.,0.));
#14514 = FACE_BOUND('',#14515,.T.);
#14515 = EDGE_LOOP('',(#14516));
#14516 = ORIENTED_EDGE('',*,*,#14517,.T.);
#14517 = EDGE_CURVE('',#14518,#14518,#14520,.T.);
#14518 = VERTEX_POINT('',#14519);
#14519 = CARTESIAN_POINT('',(102.616,-105.906,1.51));
#14520 = CIRCLE('',#14521,0.75);
#14521 = AXIS2_PLACEMENT_3D('',#14522,#14523,#14524);
#14522 = CARTESIAN_POINT('',(102.616,-105.156,1.51));
#14523 = DIRECTION('',(-0.,0.,-1.));
#14524 = DIRECTION('',(-0.,-1.,0.));
#14525 = FACE_BOUND('',#14526,.T.);
#14526 = EDGE_LOOP('',(#14527));
#14527 = ORIENTED_EDGE('',*,*,#14528,.T.);
#14528 = EDGE_CURVE('',#14529,#14529,#14531,.T.);
#14529 = VERTEX_POINT('',#14530);
#14530 = CARTESIAN_POINT('',(135.128,-128.526,1.51));
#14531 = CIRCLE('',#14532,0.51);
#14532 = AXIS2_PLACEMENT_3D('',#14533,#14534,#14535);
#14533 = CARTESIAN_POINT('',(135.128,-128.016,1.51));
#14534 = DIRECTION('',(-0.,0.,-1.));
#14535 = DIRECTION('',(-0.,-1.,0.));
#14536 = FACE_BOUND('',#14537,.T.);
#14537 = EDGE_LOOP('',(#14538));
#14538 = ORIENTED_EDGE('',*,*,#14539,.T.);
#14539 = EDGE_CURVE('',#14540,#14540,#14542,.T.);
#14540 = VERTEX_POINT('',#14541);
#14541 = CARTESIAN_POINT('',(135.128,-125.986,1.51));
#14542 = CIRCLE('',#14543,0.51);
#14543 = AXIS2_PLACEMENT_3D('',#14544,#14545,#14546);
#14544 = CARTESIAN_POINT('',(135.128,-125.476,1.51));
#14545 = DIRECTION('',(-0.,0.,-1.));
#14546 = DIRECTION('',(-0.,-1.,0.));
#14547 = FACE_BOUND('',#14548,.T.);
#14548 = EDGE_LOOP('',(#14549));
#14549 = ORIENTED_EDGE('',*,*,#14550,.T.);
#14550 = EDGE_CURVE('',#14551,#14551,#14553,.T.);
#14551 = VERTEX_POINT('',#14552);
#14552 = CARTESIAN_POINT('',(132.968,-123.486,1.51));
#14553 = CIRCLE('',#14554,0.55);
#14554 = AXIS2_PLACEMENT_3D('',#14555,#14556,#14557);
#14555 = CARTESIAN_POINT('',(132.968,-122.936,1.51));
#14556 = DIRECTION('',(-0.,0.,-1.));
#14557 = DIRECTION('',(-5.167583532801E-14,-1.,0.));
#14558 = FACE_BOUND('',#14559,.T.);
#14559 = EDGE_LOOP('',(#14560));
#14560 = ORIENTED_EDGE('',*,*,#14561,.T.);
#14561 = EDGE_CURVE('',#14562,#14562,#14564,.T.);
#14562 = VERTEX_POINT('',#14563);
#14563 = CARTESIAN_POINT('',(135.128,-123.446,1.51));
#14564 = CIRCLE('',#14565,0.51);
#14565 = AXIS2_PLACEMENT_3D('',#14566,#14567,#14568);
#14566 = CARTESIAN_POINT('',(135.128,-122.936,1.51));
#14567 = DIRECTION('',(-0.,0.,-1.));
#14568 = DIRECTION('',(-0.,-1.,0.));
#14569 = FACE_BOUND('',#14570,.T.);
#14570 = EDGE_LOOP('',(#14571));
#14571 = ORIENTED_EDGE('',*,*,#14572,.T.);
#14572 = EDGE_CURVE('',#14573,#14573,#14575,.T.);
#14573 = VERTEX_POINT('',#14574);
#14574 = CARTESIAN_POINT('',(135.128,-120.906,1.51));
#14575 = CIRCLE('',#14576,0.51);
#14576 = AXIS2_PLACEMENT_3D('',#14577,#14578,#14579);
#14577 = CARTESIAN_POINT('',(135.128,-120.396,1.51));
#14578 = DIRECTION('',(-0.,0.,-1.));
#14579 = DIRECTION('',(-0.,-1.,0.));
#14580 = FACE_BOUND('',#14581,.T.);
#14581 = EDGE_LOOP('',(#14582));
#14582 = ORIENTED_EDGE('',*,*,#14583,.T.);
#14583 = EDGE_CURVE('',#14584,#14584,#14586,.T.);
#14584 = VERTEX_POINT('',#14585);
#14585 = CARTESIAN_POINT('',(124.333,-111.086,1.51));
#14586 = CIRCLE('',#14587,0.85);
#14587 = AXIS2_PLACEMENT_3D('',#14588,#14589,#14590);
#14588 = CARTESIAN_POINT('',(124.333,-110.236,1.51));
#14589 = DIRECTION('',(-0.,0.,-1.));
#14590 = DIRECTION('',(-0.,-1.,0.));
#14591 = FACE_BOUND('',#14592,.T.);
#14592 = EDGE_LOOP('',(#14593));
#14593 = ORIENTED_EDGE('',*,*,#14594,.T.);
#14594 = EDGE_CURVE('',#14595,#14595,#14597,.T.);
#14595 = VERTEX_POINT('',#14596);
#14596 = CARTESIAN_POINT('',(139.74,-112.16,1.51));
#14597 = CIRCLE('',#14598,0.4);
#14598 = AXIS2_PLACEMENT_3D('',#14599,#14600,#14601);
#14599 = CARTESIAN_POINT('',(139.74,-111.76,1.51));
#14600 = DIRECTION('',(-0.,0.,-1.));
#14601 = DIRECTION('',(-0.,-1.,0.));
#14602 = FACE_BOUND('',#14603,.T.);
#14603 = EDGE_LOOP('',(#14604));
#14604 = ORIENTED_EDGE('',*,*,#14605,.T.);
#14605 = EDGE_CURVE('',#14606,#14606,#14608,.T.);
#14606 = VERTEX_POINT('',#14607);
#14607 = CARTESIAN_POINT('',(142.24,-112.16,1.51));
#14608 = CIRCLE('',#14609,0.4);
#14609 = AXIS2_PLACEMENT_3D('',#14610,#14611,#14612);
#14610 = CARTESIAN_POINT('',(142.24,-111.76,1.51));
#14611 = DIRECTION('',(-0.,0.,-1.));
#14612 = DIRECTION('',(-0.,-1.,0.));
#14613 = FACE_BOUND('',#14614,.T.);
#14614 = EDGE_LOOP('',(#14615));
#14615 = ORIENTED_EDGE('',*,*,#14616,.T.);
#14616 = EDGE_CURVE('',#14617,#14617,#14619,.T.);
#14617 = VERTEX_POINT('',#14618);
#14618 = CARTESIAN_POINT('',(139.74,-109.01,1.51));
#14619 = CIRCLE('',#14620,0.4);
#14620 = AXIS2_PLACEMENT_3D('',#14621,#14622,#14623);
#14621 = CARTESIAN_POINT('',(139.74,-108.61,1.51));
#14622 = DIRECTION('',(-0.,0.,-1.));
#14623 = DIRECTION('',(-0.,-1.,0.));
#14624 = FACE_BOUND('',#14625,.T.);
#14625 = EDGE_LOOP('',(#14626));
#14626 = ORIENTED_EDGE('',*,*,#14627,.T.);
#14627 = EDGE_CURVE('',#14628,#14628,#14630,.T.);
#14628 = VERTEX_POINT('',#14629);
#14629 = CARTESIAN_POINT('',(142.24,-109.01,1.51));
#14630 = CIRCLE('',#14631,0.4);
#14631 = AXIS2_PLACEMENT_3D('',#14632,#14633,#14634);
#14632 = CARTESIAN_POINT('',(142.24,-108.61,1.51));
#14633 = DIRECTION('',(-0.,0.,-1.));
#14634 = DIRECTION('',(-0.,-1.,0.));
#14635 = FACE_BOUND('',#14636,.T.);
#14636 = EDGE_LOOP('',(#14637));
#14637 = ORIENTED_EDGE('',*,*,#14638,.T.);
#14638 = EDGE_CURVE('',#14639,#14639,#14641,.T.);
#14639 = VERTEX_POINT('',#14640);
#14640 = CARTESIAN_POINT('',(139.74,-105.86,1.51));
#14641 = CIRCLE('',#14642,0.4);
#14642 = AXIS2_PLACEMENT_3D('',#14643,#14644,#14645);
#14643 = CARTESIAN_POINT('',(139.74,-105.46,1.51));
#14644 = DIRECTION('',(-0.,0.,-1.));
#14645 = DIRECTION('',(-0.,-1.,0.));
#14646 = FACE_BOUND('',#14647,.T.);
#14647 = EDGE_LOOP('',(#14648));
#14648 = ORIENTED_EDGE('',*,*,#14649,.T.);
#14649 = EDGE_CURVE('',#14650,#14650,#14652,.T.);
#14650 = VERTEX_POINT('',#14651);
#14651 = CARTESIAN_POINT('',(142.24,-105.86,1.51));
#14652 = CIRCLE('',#14653,0.4);
#14653 = AXIS2_PLACEMENT_3D('',#14654,#14655,#14656);
#14654 = CARTESIAN_POINT('',(142.24,-105.46,1.51));
#14655 = DIRECTION('',(-0.,0.,-1.));
#14656 = DIRECTION('',(-0.,-1.,0.));
#14657 = FACE_BOUND('',#14658,.T.);
#14658 = EDGE_LOOP('',(#14659));
#14659 = ORIENTED_EDGE('',*,*,#14660,.T.);
#14660 = EDGE_CURVE('',#14661,#14661,#14663,.T.);
#14661 = VERTEX_POINT('',#14662);
#14662 = CARTESIAN_POINT('',(121.793,-105.906,1.51));
#14663 = CIRCLE('',#14664,0.75);
#14664 = AXIS2_PLACEMENT_3D('',#14665,#14666,#14667);
#14665 = CARTESIAN_POINT('',(121.793,-105.156,1.51));
#14666 = DIRECTION('',(-0.,0.,-1.));
#14667 = DIRECTION('',(-0.,-1.,0.));
#14668 = FACE_BOUND('',#14669,.T.);
#14669 = EDGE_LOOP('',(#14670));
#14670 = ORIENTED_EDGE('',*,*,#14671,.T.);
#14671 = EDGE_CURVE('',#14672,#14672,#14674,.T.);
#14672 = VERTEX_POINT('',#14673);
#14673 = CARTESIAN_POINT('',(139.74,-102.71,1.51));
#14674 = CIRCLE('',#14675,0.4);
#14675 = AXIS2_PLACEMENT_3D('',#14676,#14677,#14678);
#14676 = CARTESIAN_POINT('',(139.74,-102.31,1.51));
#14677 = DIRECTION('',(-0.,0.,-1.));
#14678 = DIRECTION('',(-0.,-1.,0.));
#14679 = FACE_BOUND('',#14680,.T.);
#14680 = EDGE_LOOP('',(#14681));
#14681 = ORIENTED_EDGE('',*,*,#14682,.T.);
#14682 = EDGE_CURVE('',#14683,#14683,#14685,.T.);
#14683 = VERTEX_POINT('',#14684);
#14684 = CARTESIAN_POINT('',(142.24,-102.71,1.51));
#14685 = CIRCLE('',#14686,0.4);
#14686 = AXIS2_PLACEMENT_3D('',#14687,#14688,#14689);
#14687 = CARTESIAN_POINT('',(142.24,-102.31,1.51));
#14688 = DIRECTION('',(-0.,0.,-1.));
#14689 = DIRECTION('',(-0.,-1.,0.));
#14690 = FACE_BOUND('',#14691,.T.);
#14691 = EDGE_LOOP('',(#14692));
#14692 = ORIENTED_EDGE('',*,*,#14693,.T.);
#14693 = EDGE_CURVE('',#14694,#14694,#14696,.T.);
#14694 = VERTEX_POINT('',#14695);
#14695 = CARTESIAN_POINT('',(146.05,-112.11,1.51));
#14696 = CIRCLE('',#14697,0.35);
#14697 = AXIS2_PLACEMENT_3D('',#14698,#14699,#14700);
#14698 = CARTESIAN_POINT('',(146.05,-111.76,1.51));
#14699 = DIRECTION('',(-0.,0.,-1.));
#14700 = DIRECTION('',(-0.,-1.,0.));
#14701 = FACE_BOUND('',#14702,.T.);
#14702 = EDGE_LOOP('',(#14703));
#14703 = ORIENTED_EDGE('',*,*,#14704,.T.);
#14704 = EDGE_CURVE('',#14705,#14705,#14707,.T.);
#14705 = VERTEX_POINT('',#14706);
#14706 = CARTESIAN_POINT('',(148.59,-112.11,1.51));
#14707 = CIRCLE('',#14708,0.35);
#14708 = AXIS2_PLACEMENT_3D('',#14709,#14710,#14711);
#14709 = CARTESIAN_POINT('',(148.59,-111.76,1.51));
#14710 = DIRECTION('',(-0.,0.,-1.));
#14711 = DIRECTION('',(-0.,-1.,0.));
#14712 = FACE_BOUND('',#14713,.T.);
#14713 = EDGE_LOOP('',(#14714));
#14714 = ORIENTED_EDGE('',*,*,#14715,.T.);
#14715 = EDGE_CURVE('',#14716,#14716,#14718,.T.);
#14716 = VERTEX_POINT('',#14717);
#14717 = CARTESIAN_POINT('',(146.05,-108.935,1.51));
#14718 = CIRCLE('',#14719,0.35);
#14719 = AXIS2_PLACEMENT_3D('',#14720,#14721,#14722);
#14720 = CARTESIAN_POINT('',(146.05,-108.585,1.51));
#14721 = DIRECTION('',(-0.,0.,-1.));
#14722 = DIRECTION('',(-0.,-1.,0.));
#14723 = FACE_BOUND('',#14724,.T.);
#14724 = EDGE_LOOP('',(#14725));
#14725 = ORIENTED_EDGE('',*,*,#14726,.T.);
#14726 = EDGE_CURVE('',#14727,#14727,#14729,.T.);
#14727 = VERTEX_POINT('',#14728);
#14728 = CARTESIAN_POINT('',(148.59,-108.935,1.51));
#14729 = CIRCLE('',#14730,0.35);
#14730 = AXIS2_PLACEMENT_3D('',#14731,#14732,#14733);
#14731 = CARTESIAN_POINT('',(148.59,-108.585,1.51));
#14732 = DIRECTION('',(-0.,0.,-1.));
#14733 = DIRECTION('',(-0.,-1.,0.));
#14734 = FACE_BOUND('',#14735,.T.);
#14735 = EDGE_LOOP('',(#14736));
#14736 = ORIENTED_EDGE('',*,*,#14737,.T.);
#14737 = EDGE_CURVE('',#14738,#14738,#14740,.T.);
#14738 = VERTEX_POINT('',#14739);
#14739 = CARTESIAN_POINT('',(146.05,-105.76,1.51));
#14740 = CIRCLE('',#14741,0.35);
#14741 = AXIS2_PLACEMENT_3D('',#14742,#14743,#14744);
#14742 = CARTESIAN_POINT('',(146.05,-105.41,1.51));
#14743 = DIRECTION('',(-0.,0.,-1.));
#14744 = DIRECTION('',(-0.,-1.,0.));
#14745 = FACE_BOUND('',#14746,.T.);
#14746 = EDGE_LOOP('',(#14747));
#14747 = ORIENTED_EDGE('',*,*,#14748,.T.);
#14748 = EDGE_CURVE('',#14749,#14749,#14751,.T.);
#14749 = VERTEX_POINT('',#14750);
#14750 = CARTESIAN_POINT('',(148.59,-105.76,1.51));
#14751 = CIRCLE('',#14752,0.35);
#14752 = AXIS2_PLACEMENT_3D('',#14753,#14754,#14755);
#14753 = CARTESIAN_POINT('',(148.59,-105.41,1.51));
#14754 = DIRECTION('',(-0.,0.,-1.));
#14755 = DIRECTION('',(-0.,-1.,0.));
#14756 = FACE_BOUND('',#14757,.T.);
#14757 = EDGE_LOOP('',(#14758));
#14758 = ORIENTED_EDGE('',*,*,#14759,.T.);
#14759 = EDGE_CURVE('',#14760,#14760,#14762,.T.);
#14760 = VERTEX_POINT('',#14761);
#14761 = CARTESIAN_POINT('',(146.05,-102.585,1.51));
#14762 = CIRCLE('',#14763,0.35);
#14763 = AXIS2_PLACEMENT_3D('',#14764,#14765,#14766);
#14764 = CARTESIAN_POINT('',(146.05,-102.235,1.51));
#14765 = DIRECTION('',(-0.,0.,-1.));
#14766 = DIRECTION('',(-0.,-1.,0.));
#14767 = FACE_BOUND('',#14768,.T.);
#14768 = EDGE_LOOP('',(#14769));
#14769 = ORIENTED_EDGE('',*,*,#14770,.T.);
#14770 = EDGE_CURVE('',#14771,#14771,#14773,.T.);
#14771 = VERTEX_POINT('',#14772);
#14772 = CARTESIAN_POINT('',(148.59,-102.585,1.51));
#14773 = CIRCLE('',#14774,0.35);
#14774 = AXIS2_PLACEMENT_3D('',#14775,#14776,#14777);
#14775 = CARTESIAN_POINT('',(148.59,-102.235,1.51));
#14776 = DIRECTION('',(-0.,0.,-1.));
#14777 = DIRECTION('',(-0.,-1.,0.));
#14778 = FACE_BOUND('',#14779,.T.);
#14779 = EDGE_LOOP('',(#14780));
#14780 = ORIENTED_EDGE('',*,*,#14781,.T.);
#14781 = EDGE_CURVE('',#14782,#14782,#14784,.T.);
#14782 = VERTEX_POINT('',#14783);
#14783 = CARTESIAN_POINT('',(75.946,-91.909,1.51));
#14784 = CIRCLE('',#14785,0.85);
#14785 = AXIS2_PLACEMENT_3D('',#14786,#14787,#14788);
#14786 = CARTESIAN_POINT('',(75.946,-91.059,1.51));
#14787 = DIRECTION('',(-0.,0.,-1.));
#14788 = DIRECTION('',(-0.,-1.,0.));
#14789 = FACE_BOUND('',#14790,.T.);
#14790 = EDGE_LOOP('',(#14791));
#14791 = ORIENTED_EDGE('',*,*,#14792,.T.);
#14792 = EDGE_CURVE('',#14793,#14793,#14795,.T.);
#14793 = VERTEX_POINT('',#14794);
#14794 = CARTESIAN_POINT('',(77.216,-89.269,1.51));
#14795 = CIRCLE('',#14796,0.75);
#14796 = AXIS2_PLACEMENT_3D('',#14797,#14798,#14799);
#14797 = CARTESIAN_POINT('',(77.216,-88.519,1.51));
#14798 = DIRECTION('',(-0.,0.,-1.));
#14799 = DIRECTION('',(-0.,-1.,0.));
#14800 = FACE_BOUND('',#14801,.T.);
#14801 = EDGE_LOOP('',(#14802));
#14802 = ORIENTED_EDGE('',*,*,#14803,.T.);
#14803 = EDGE_CURVE('',#14804,#14804,#14806,.T.);
#14804 = VERTEX_POINT('',#14805);
#14805 = CARTESIAN_POINT('',(81.026,-93.059,1.51));
#14806 = CIRCLE('',#14807,2.);
#14807 = AXIS2_PLACEMENT_3D('',#14808,#14809,#14810);
#14808 = CARTESIAN_POINT('',(81.026,-91.059,1.51));
#14809 = DIRECTION('',(-0.,0.,-1.));
#14810 = DIRECTION('',(-0.,-1.,0.));
#14811 = FACE_BOUND('',#14812,.T.);
#14812 = EDGE_LOOP('',(#14813));
#14813 = ORIENTED_EDGE('',*,*,#14814,.T.);
#14814 = EDGE_CURVE('',#14815,#14815,#14817,.T.);
#14815 = VERTEX_POINT('',#14816);
#14816 = CARTESIAN_POINT('',(86.106,-91.909,1.51));
#14817 = CIRCLE('',#14818,0.85);
#14818 = AXIS2_PLACEMENT_3D('',#14819,#14820,#14821);
#14819 = CARTESIAN_POINT('',(86.106,-91.059,1.51));
#14820 = DIRECTION('',(-0.,0.,-1.));
#14821 = DIRECTION('',(-0.,-1.,0.));
#14822 = FACE_BOUND('',#14823,.T.);
#14823 = EDGE_LOOP('',(#14824));
#14824 = ORIENTED_EDGE('',*,*,#14825,.T.);
#14825 = EDGE_CURVE('',#14826,#14826,#14828,.T.);
#14826 = VERTEX_POINT('',#14827);
#14827 = CARTESIAN_POINT('',(94.996,-91.909,1.51));
#14828 = CIRCLE('',#14829,0.85);
#14829 = AXIS2_PLACEMENT_3D('',#14830,#14831,#14832);
#14830 = CARTESIAN_POINT('',(94.996,-91.059,1.51));
#14831 = DIRECTION('',(-0.,0.,-1.));
#14832 = DIRECTION('',(-1.671865260612E-14,-1.,0.));
#14833 = FACE_BOUND('',#14834,.T.);
#14834 = EDGE_LOOP('',(#14835));
#14835 = ORIENTED_EDGE('',*,*,#14836,.T.);
#14836 = EDGE_CURVE('',#14837,#14837,#14839,.T.);
#14837 = VERTEX_POINT('',#14838);
#14838 = CARTESIAN_POINT('',(96.266,-89.269,1.51));
#14839 = CIRCLE('',#14840,0.75);
#14840 = AXIS2_PLACEMENT_3D('',#14841,#14842,#14843);
#14841 = CARTESIAN_POINT('',(96.266,-88.519,1.51));
#14842 = DIRECTION('',(-0.,0.,-1.));
#14843 = DIRECTION('',(-0.,-1.,0.));
#14844 = FACE_BOUND('',#14845,.T.);
#14845 = EDGE_LOOP('',(#14846));
#14846 = ORIENTED_EDGE('',*,*,#14847,.T.);
#14847 = EDGE_CURVE('',#14848,#14848,#14850,.T.);
#14848 = VERTEX_POINT('',#14849);
#14849 = CARTESIAN_POINT('',(83.566,-86.729,1.51));
#14850 = CIRCLE('',#14851,0.75);
#14851 = AXIS2_PLACEMENT_3D('',#14852,#14853,#14854);
#14852 = CARTESIAN_POINT('',(83.566,-85.979,1.51));
#14853 = DIRECTION('',(-0.,0.,-1.));
#14854 = DIRECTION('',(-0.,-1.,0.));
#14855 = FACE_BOUND('',#14856,.T.);
#14856 = EDGE_LOOP('',(#14857));
#14857 = ORIENTED_EDGE('',*,*,#14858,.T.);
#14858 = EDGE_CURVE('',#14859,#14859,#14861,.T.);
#14859 = VERTEX_POINT('',#14860);
#14860 = CARTESIAN_POINT('',(100.076,-93.059,1.51));
#14861 = CIRCLE('',#14862,2.);
#14862 = AXIS2_PLACEMENT_3D('',#14863,#14864,#14865);
#14863 = CARTESIAN_POINT('',(100.076,-91.059,1.51));
#14864 = DIRECTION('',(-0.,0.,-1.));
#14865 = DIRECTION('',(-0.,-1.,0.));
#14866 = FACE_BOUND('',#14867,.T.);
#14867 = EDGE_LOOP('',(#14868));
#14868 = ORIENTED_EDGE('',*,*,#14869,.T.);
#14869 = EDGE_CURVE('',#14870,#14870,#14872,.T.);
#14870 = VERTEX_POINT('',#14871);
#14871 = CARTESIAN_POINT('',(105.156,-91.909,1.51));
#14872 = CIRCLE('',#14873,0.85);
#14873 = AXIS2_PLACEMENT_3D('',#14874,#14875,#14876);
#14874 = CARTESIAN_POINT('',(105.156,-91.059,1.51));
#14875 = DIRECTION('',(-0.,0.,-1.));
#14876 = DIRECTION('',(-0.,-1.,0.));
#14877 = FACE_BOUND('',#14878,.T.);
#14878 = EDGE_LOOP('',(#14879));
#14879 = ORIENTED_EDGE('',*,*,#14880,.T.);
#14880 = EDGE_CURVE('',#14881,#14881,#14883,.T.);
#14881 = VERTEX_POINT('',#14882);
#14882 = CARTESIAN_POINT('',(114.173,-91.909,1.51));
#14883 = CIRCLE('',#14884,0.85);
#14884 = AXIS2_PLACEMENT_3D('',#14885,#14886,#14887);
#14885 = CARTESIAN_POINT('',(114.173,-91.059,1.51));
#14886 = DIRECTION('',(-0.,0.,-1.));
#14887 = DIRECTION('',(-0.,-1.,0.));
#14888 = FACE_BOUND('',#14889,.T.);
#14889 = EDGE_LOOP('',(#14890));
#14890 = ORIENTED_EDGE('',*,*,#14891,.T.);
#14891 = EDGE_CURVE('',#14892,#14892,#14894,.T.);
#14892 = VERTEX_POINT('',#14893);
#14893 = CARTESIAN_POINT('',(119.253,-93.059,1.51));
#14894 = CIRCLE('',#14895,2.);
#14895 = AXIS2_PLACEMENT_3D('',#14896,#14897,#14898);
#14896 = CARTESIAN_POINT('',(119.253,-91.059,1.51));
#14897 = DIRECTION('',(-0.,0.,-1.));
#14898 = DIRECTION('',(-0.,-1.,0.));
#14899 = FACE_BOUND('',#14900,.T.);
#14900 = EDGE_LOOP('',(#14901));
#14901 = ORIENTED_EDGE('',*,*,#14902,.T.);
#14902 = EDGE_CURVE('',#14903,#14903,#14905,.T.);
#14903 = VERTEX_POINT('',#14904);
#14904 = CARTESIAN_POINT('',(115.443,-89.269,1.51));
#14905 = CIRCLE('',#14906,0.75);
#14906 = AXIS2_PLACEMENT_3D('',#14907,#14908,#14909);
#14907 = CARTESIAN_POINT('',(115.443,-88.519,1.51));
#14908 = DIRECTION('',(-0.,0.,-1.));
#14909 = DIRECTION('',(-0.,-1.,0.));
#14910 = FACE_BOUND('',#14911,.T.);
#14911 = EDGE_LOOP('',(#14912));
#14912 = ORIENTED_EDGE('',*,*,#14913,.T.);
#14913 = EDGE_CURVE('',#14914,#14914,#14916,.T.);
#14914 = VERTEX_POINT('',#14915);
#14915 = CARTESIAN_POINT('',(102.616,-86.729,1.51));
#14916 = CIRCLE('',#14917,0.75);
#14917 = AXIS2_PLACEMENT_3D('',#14918,#14919,#14920);
#14918 = CARTESIAN_POINT('',(102.616,-85.979,1.51));
#14919 = DIRECTION('',(-0.,0.,-1.));
#14920 = DIRECTION('',(-0.,-1.,0.));
#14921 = FACE_BOUND('',#14922,.T.);
#14922 = EDGE_LOOP('',(#14923));
#14923 = ORIENTED_EDGE('',*,*,#14924,.T.);
#14924 = EDGE_CURVE('',#14925,#14925,#14927,.T.);
#14925 = VERTEX_POINT('',#14926);
#14926 = CARTESIAN_POINT('',(78.018,-78.87,1.51));
#14927 = CIRCLE('',#14928,0.5);
#14928 = AXIS2_PLACEMENT_3D('',#14929,#14930,#14931);
#14929 = CARTESIAN_POINT('',(78.018,-78.37,1.51));
#14930 = DIRECTION('',(-0.,0.,-1.));
#14931 = DIRECTION('',(-0.,-1.,0.));
#14932 = FACE_BOUND('',#14933,.T.);
#14933 = EDGE_LOOP('',(#14934));
#14934 = ORIENTED_EDGE('',*,*,#14935,.T.);
#14935 = EDGE_CURVE('',#14936,#14936,#14938,.T.);
#14936 = VERTEX_POINT('',#14937);
#14937 = CARTESIAN_POINT('',(83.018,-78.87,1.51));
#14938 = CIRCLE('',#14939,0.5);
#14939 = AXIS2_PLACEMENT_3D('',#14940,#14941,#14942);
#14940 = CARTESIAN_POINT('',(83.018,-78.37,1.51));
#14941 = DIRECTION('',(-0.,0.,-1.));
#14942 = DIRECTION('',(-0.,-1.,0.));
#14943 = FACE_BOUND('',#14944,.T.);
#14944 = EDGE_LOOP('',(#14945,#14956,#14964,#14973));
#14945 = ORIENTED_EDGE('',*,*,#14946,.T.);
#14946 = EDGE_CURVE('',#14947,#14949,#14951,.T.);
#14947 = VERTEX_POINT('',#14948);
#14948 = CARTESIAN_POINT('',(75.668,-72.02,1.51));
#14949 = VERTEX_POINT('',#14950);
#14950 = CARTESIAN_POINT('',(74.168,-72.02,1.51));
#14951 = CIRCLE('',#14952,0.75);
#14952 = AXIS2_PLACEMENT_3D('',#14953,#14954,#14955);
#14953 = CARTESIAN_POINT('',(74.918,-72.02,1.51));
#14954 = DIRECTION('',(-0.,0.,-1.));
#14955 = DIRECTION('',(-1.,0.,0.));
#14956 = ORIENTED_EDGE('',*,*,#14957,.T.);
#14957 = EDGE_CURVE('',#14949,#14958,#14960,.T.);
#14958 = VERTEX_POINT('',#14959);
#14959 = CARTESIAN_POINT('',(74.168,-70.72,1.51));
#14960 = LINE('',#14961,#14962);
#14961 = CARTESIAN_POINT('',(74.168,-35.36,1.51));
#14962 = VECTOR('',#14963,1.);
#14963 = DIRECTION('',(-0.,1.,0.));
#14964 = ORIENTED_EDGE('',*,*,#14965,.T.);
#14965 = EDGE_CURVE('',#14958,#14966,#14968,.T.);
#14966 = VERTEX_POINT('',#14967);
#14967 = CARTESIAN_POINT('',(75.668,-70.72,1.51));
#14968 = CIRCLE('',#14969,0.75);
#14969 = AXIS2_PLACEMENT_3D('',#14970,#14971,#14972);
#14970 = CARTESIAN_POINT('',(74.918,-70.72,1.51));
#14971 = DIRECTION('',(0.,-0.,-1.));
#14972 = DIRECTION('',(1.,0.,-0.));
#14973 = ORIENTED_EDGE('',*,*,#14974,.T.);
#14974 = EDGE_CURVE('',#14966,#14947,#14975,.T.);
#14975 = LINE('',#14976,#14977);
#14976 = CARTESIAN_POINT('',(75.668,-36.01,1.51));
#14977 = VECTOR('',#14978,1.);
#14978 = DIRECTION('',(0.,-1.,0.));
#14979 = FACE_BOUND('',#14980,.T.);
#14980 = EDGE_LOOP('',(#14981,#14992,#15000,#15009));
#14981 = ORIENTED_EDGE('',*,*,#14982,.T.);
#14982 = EDGE_CURVE('',#14983,#14985,#14987,.T.);
#14983 = VERTEX_POINT('',#14984);
#14984 = CARTESIAN_POINT('',(86.868,-72.02,1.51));
#14985 = VERTEX_POINT('',#14986);
#14986 = CARTESIAN_POINT('',(85.368,-72.02,1.51));
#14987 = CIRCLE('',#14988,0.75);
#14988 = AXIS2_PLACEMENT_3D('',#14989,#14990,#14991);
#14989 = CARTESIAN_POINT('',(86.118,-72.02,1.51));
#14990 = DIRECTION('',(-0.,0.,-1.));
#14991 = DIRECTION('',(-1.,0.,0.));
#14992 = ORIENTED_EDGE('',*,*,#14993,.T.);
#14993 = EDGE_CURVE('',#14985,#14994,#14996,.T.);
#14994 = VERTEX_POINT('',#14995);
#14995 = CARTESIAN_POINT('',(85.368,-70.72,1.51));
#14996 = LINE('',#14997,#14998);
#14997 = CARTESIAN_POINT('',(85.368,-35.36,1.51));
#14998 = VECTOR('',#14999,1.);
#14999 = DIRECTION('',(-0.,1.,0.));
#15000 = ORIENTED_EDGE('',*,*,#15001,.T.);
#15001 = EDGE_CURVE('',#14994,#15002,#15004,.T.);
#15002 = VERTEX_POINT('',#15003);
#15003 = CARTESIAN_POINT('',(86.868,-70.72,1.51));
#15004 = CIRCLE('',#15005,0.75);
#15005 = AXIS2_PLACEMENT_3D('',#15006,#15007,#15008);
#15006 = CARTESIAN_POINT('',(86.118,-70.72,1.51));
#15007 = DIRECTION('',(0.,-0.,-1.));
#15008 = DIRECTION('',(1.,0.,-0.));
#15009 = ORIENTED_EDGE('',*,*,#15010,.T.);
#15010 = EDGE_CURVE('',#15002,#14983,#15011,.T.);
#15011 = LINE('',#15012,#15013);
#15012 = CARTESIAN_POINT('',(86.868,-36.01,1.51));
#15013 = VECTOR('',#15014,1.);
#15014 = DIRECTION('',(0.,-1.,0.));
#15015 = FACE_BOUND('',#15016,.T.);
#15016 = EDGE_LOOP('',(#15017));
#15017 = ORIENTED_EDGE('',*,*,#15018,.T.);
#15018 = EDGE_CURVE('',#15019,#15019,#15021,.T.);
#15019 = VERTEX_POINT('',#15020);
#15020 = CARTESIAN_POINT('',(94.996,-72.859,1.51));
#15021 = CIRCLE('',#15022,0.85);
#15022 = AXIS2_PLACEMENT_3D('',#15023,#15024,#15025);
#15023 = CARTESIAN_POINT('',(94.996,-72.009,1.51));
#15024 = DIRECTION('',(-0.,0.,-1.));
#15025 = DIRECTION('',(-1.671865260612E-14,-1.,0.));
#15026 = FACE_BOUND('',#15027,.T.);
#15027 = EDGE_LOOP('',(#15028));
#15028 = ORIENTED_EDGE('',*,*,#15029,.T.);
#15029 = EDGE_CURVE('',#15030,#15030,#15032,.T.);
#15030 = VERTEX_POINT('',#15031);
#15031 = CARTESIAN_POINT('',(78.018,-64.37,1.51));
#15032 = CIRCLE('',#15033,0.5);
#15033 = AXIS2_PLACEMENT_3D('',#15034,#15035,#15036);
#15034 = CARTESIAN_POINT('',(78.018,-63.87,1.51));
#15035 = DIRECTION('',(-0.,0.,-1.));
#15036 = DIRECTION('',(-0.,-1.,0.));
#15037 = FACE_BOUND('',#15038,.T.);
#15038 = EDGE_LOOP('',(#15039));
#15039 = ORIENTED_EDGE('',*,*,#15040,.T.);
#15040 = EDGE_CURVE('',#15041,#15041,#15043,.T.);
#15041 = VERTEX_POINT('',#15042);
#15042 = CARTESIAN_POINT('',(80.518,-64.37,1.51));
#15043 = CIRCLE('',#15044,0.5);
#15044 = AXIS2_PLACEMENT_3D('',#15045,#15046,#15047);
#15045 = CARTESIAN_POINT('',(80.518,-63.87,1.51));
#15046 = DIRECTION('',(-0.,0.,-1.));
#15047 = DIRECTION('',(-0.,-1.,0.));
#15048 = FACE_BOUND('',#15049,.T.);
#15049 = EDGE_LOOP('',(#15050));
#15050 = ORIENTED_EDGE('',*,*,#15051,.T.);
#15051 = EDGE_CURVE('',#15052,#15052,#15054,.T.);
#15052 = VERTEX_POINT('',#15053);
#15053 = CARTESIAN_POINT('',(83.018,-64.37,1.51));
#15054 = CIRCLE('',#15055,0.5);
#15055 = AXIS2_PLACEMENT_3D('',#15056,#15057,#15058);
#15056 = CARTESIAN_POINT('',(83.018,-63.87,1.51));
#15057 = DIRECTION('',(-0.,0.,-1.));
#15058 = DIRECTION('',(-0.,-1.,0.));
#15059 = FACE_BOUND('',#15060,.T.);
#15060 = EDGE_LOOP('',(#15061));
#15061 = ORIENTED_EDGE('',*,*,#15062,.T.);
#15062 = EDGE_CURVE('',#15063,#15063,#15065,.T.);
#15063 = VERTEX_POINT('',#15064);
#15064 = CARTESIAN_POINT('',(96.266,-70.219,1.51));
#15065 = CIRCLE('',#15066,0.75);
#15066 = AXIS2_PLACEMENT_3D('',#15067,#15068,#15069);
#15067 = CARTESIAN_POINT('',(96.266,-69.469,1.51));
#15068 = DIRECTION('',(-0.,0.,-1.));
#15069 = DIRECTION('',(-0.,-1.,0.));
#15070 = FACE_BOUND('',#15071,.T.);
#15071 = EDGE_LOOP('',(#15072));
#15072 = ORIENTED_EDGE('',*,*,#15073,.T.);
#15073 = EDGE_CURVE('',#15074,#15074,#15076,.T.);
#15074 = VERTEX_POINT('',#15075);
#15075 = CARTESIAN_POINT('',(100.076,-74.009,1.51));
#15076 = CIRCLE('',#15077,2.);
#15077 = AXIS2_PLACEMENT_3D('',#15078,#15079,#15080);
#15078 = CARTESIAN_POINT('',(100.076,-72.009,1.51));
#15079 = DIRECTION('',(-0.,0.,-1.));
#15080 = DIRECTION('',(-0.,-1.,0.));
#15081 = FACE_BOUND('',#15082,.T.);
#15082 = EDGE_LOOP('',(#15083));
#15083 = ORIENTED_EDGE('',*,*,#15084,.T.);
#15084 = EDGE_CURVE('',#15085,#15085,#15087,.T.);
#15085 = VERTEX_POINT('',#15086);
#15086 = CARTESIAN_POINT('',(105.156,-72.859,1.51));
#15087 = CIRCLE('',#15088,0.85);
#15088 = AXIS2_PLACEMENT_3D('',#15089,#15090,#15091);
#15089 = CARTESIAN_POINT('',(105.156,-72.009,1.51));
#15090 = DIRECTION('',(-0.,0.,-1.));
#15091 = DIRECTION('',(-0.,-1.,0.));
#15092 = FACE_BOUND('',#15093,.T.);
#15093 = EDGE_LOOP('',(#15094));
#15094 = ORIENTED_EDGE('',*,*,#15095,.T.);
#15095 = EDGE_CURVE('',#15096,#15096,#15098,.T.);
#15096 = VERTEX_POINT('',#15097);
#15097 = CARTESIAN_POINT('',(117.388,-78.87,1.51));
#15098 = CIRCLE('',#15099,0.5);
#15099 = AXIS2_PLACEMENT_3D('',#15100,#15101,#15102);
#15100 = CARTESIAN_POINT('',(117.388,-78.37,1.51));
#15101 = DIRECTION('',(-0.,0.,-1.));
#15102 = DIRECTION('',(-0.,-1.,0.));
#15103 = FACE_BOUND('',#15104,.T.);
#15104 = EDGE_LOOP('',(#15105,#15116,#15124,#15133));
#15105 = ORIENTED_EDGE('',*,*,#15106,.T.);
#15106 = EDGE_CURVE('',#15107,#15109,#15111,.T.);
#15107 = VERTEX_POINT('',#15108);
#15108 = CARTESIAN_POINT('',(115.038,-72.02,1.51));
#15109 = VERTEX_POINT('',#15110);
#15110 = CARTESIAN_POINT('',(113.538,-72.02,1.51));
#15111 = CIRCLE('',#15112,0.75);
#15112 = AXIS2_PLACEMENT_3D('',#15113,#15114,#15115);
#15113 = CARTESIAN_POINT('',(114.288,-72.02,1.51));
#15114 = DIRECTION('',(-0.,0.,-1.));
#15115 = DIRECTION('',(-1.,0.,0.));
#15116 = ORIENTED_EDGE('',*,*,#15117,.T.);
#15117 = EDGE_CURVE('',#15109,#15118,#15120,.T.);
#15118 = VERTEX_POINT('',#15119);
#15119 = CARTESIAN_POINT('',(113.538,-70.72,1.51));
#15120 = LINE('',#15121,#15122);
#15121 = CARTESIAN_POINT('',(113.538,-35.36,1.51));
#15122 = VECTOR('',#15123,1.);
#15123 = DIRECTION('',(-0.,1.,0.));
#15124 = ORIENTED_EDGE('',*,*,#15125,.T.);
#15125 = EDGE_CURVE('',#15118,#15126,#15128,.T.);
#15126 = VERTEX_POINT('',#15127);
#15127 = CARTESIAN_POINT('',(115.038,-70.72,1.51));
#15128 = CIRCLE('',#15129,0.75);
#15129 = AXIS2_PLACEMENT_3D('',#15130,#15131,#15132);
#15130 = CARTESIAN_POINT('',(114.288,-70.72,1.51));
#15131 = DIRECTION('',(0.,-0.,-1.));
#15132 = DIRECTION('',(1.,0.,-0.));
#15133 = ORIENTED_EDGE('',*,*,#15134,.T.);
#15134 = EDGE_CURVE('',#15126,#15107,#15135,.T.);
#15135 = LINE('',#15136,#15137);
#15136 = CARTESIAN_POINT('',(115.038,-36.01,1.51));
#15137 = VECTOR('',#15138,1.);
#15138 = DIRECTION('',(0.,-1.,0.));
#15139 = FACE_BOUND('',#15140,.T.);
#15140 = EDGE_LOOP('',(#15141));
#15141 = ORIENTED_EDGE('',*,*,#15142,.T.);
#15142 = EDGE_CURVE('',#15143,#15143,#15145,.T.);
#15143 = VERTEX_POINT('',#15144);
#15144 = CARTESIAN_POINT('',(102.616,-67.679,1.51));
#15145 = CIRCLE('',#15146,0.75);
#15146 = AXIS2_PLACEMENT_3D('',#15147,#15148,#15149);
#15147 = CARTESIAN_POINT('',(102.616,-66.929,1.51));
#15148 = DIRECTION('',(-0.,0.,-1.));
#15149 = DIRECTION('',(-0.,-1.,0.));
#15150 = FACE_BOUND('',#15151,.T.);
#15151 = EDGE_LOOP('',(#15152));
#15152 = ORIENTED_EDGE('',*,*,#15153,.T.);
#15153 = EDGE_CURVE('',#15154,#15154,#15156,.T.);
#15154 = VERTEX_POINT('',#15155);
#15155 = CARTESIAN_POINT('',(117.388,-64.37,1.51));
#15156 = CIRCLE('',#15157,0.5);
#15157 = AXIS2_PLACEMENT_3D('',#15158,#15159,#15160);
#15158 = CARTESIAN_POINT('',(117.388,-63.87,1.51));
#15159 = DIRECTION('',(-0.,0.,-1.));
#15160 = DIRECTION('',(-0.,-1.,0.));
#15161 = FACE_BOUND('',#15162,.T.);
#15162 = EDGE_LOOP('',(#15163));
#15163 = ORIENTED_EDGE('',*,*,#15164,.T.);
#15164 = EDGE_CURVE('',#15165,#15165,#15167,.T.);
#15165 = VERTEX_POINT('',#15166);
#15166 = CARTESIAN_POINT('',(119.888,-64.37,1.51));
#15167 = CIRCLE('',#15168,0.5);
#15168 = AXIS2_PLACEMENT_3D('',#15169,#15170,#15171);
#15169 = CARTESIAN_POINT('',(119.888,-63.87,1.51));
#15170 = DIRECTION('',(-0.,0.,-1.));
#15171 = DIRECTION('',(-0.,-1.,0.));
#15172 = FACE_BOUND('',#15173,.T.);
#15173 = EDGE_LOOP('',(#15174));
#15174 = ORIENTED_EDGE('',*,*,#15175,.T.);
#15175 = EDGE_CURVE('',#15176,#15176,#15178,.T.);
#15176 = VERTEX_POINT('',#15177);
#15177 = CARTESIAN_POINT('',(124.333,-91.909,1.51));
#15178 = CIRCLE('',#15179,0.85);
#15179 = AXIS2_PLACEMENT_3D('',#15180,#15181,#15182);
#15180 = CARTESIAN_POINT('',(124.333,-91.059,1.51));
#15181 = DIRECTION('',(-0.,0.,-1.));
#15182 = DIRECTION('',(-0.,-1.,0.));
#15183 = FACE_BOUND('',#15184,.T.);
#15184 = EDGE_LOOP('',(#15185));
#15185 = ORIENTED_EDGE('',*,*,#15186,.T.);
#15186 = EDGE_CURVE('',#15187,#15187,#15189,.T.);
#15187 = VERTEX_POINT('',#15188);
#15188 = CARTESIAN_POINT('',(121.793,-86.729,1.51));
#15189 = CIRCLE('',#15190,0.75);
#15190 = AXIS2_PLACEMENT_3D('',#15191,#15192,#15193);
#15191 = CARTESIAN_POINT('',(121.793,-85.979,1.51));
#15192 = DIRECTION('',(-0.,0.,-1.));
#15193 = DIRECTION('',(-0.,-1.,0.));
#15194 = FACE_BOUND('',#15195,.T.);
#15195 = EDGE_LOOP('',(#15196));
#15196 = ORIENTED_EDGE('',*,*,#15197,.T.);
#15197 = EDGE_CURVE('',#15198,#15198,#15200,.T.);
#15198 = VERTEX_POINT('',#15199);
#15199 = CARTESIAN_POINT('',(160.02,-80.41,1.51));
#15200 = CIRCLE('',#15201,0.4);
#15201 = AXIS2_PLACEMENT_3D('',#15202,#15203,#15204);
#15202 = CARTESIAN_POINT('',(160.02,-80.01,1.51));
#15203 = DIRECTION('',(-0.,0.,-1.));
#15204 = DIRECTION('',(7.105427357601E-14,-1.,-0.));
#15205 = FACE_BOUND('',#15206,.T.);
#15206 = EDGE_LOOP('',(#15207));
#15207 = ORIENTED_EDGE('',*,*,#15208,.T.);
#15208 = EDGE_CURVE('',#15209,#15209,#15211,.T.);
#15209 = VERTEX_POINT('',#15210);
#15210 = CARTESIAN_POINT('',(167.64,-80.41,1.51));
#15211 = CIRCLE('',#15212,0.4);
#15212 = AXIS2_PLACEMENT_3D('',#15213,#15214,#15215);
#15213 = CARTESIAN_POINT('',(167.64,-80.01,1.51));
#15214 = DIRECTION('',(-0.,0.,-1.));
#15215 = DIRECTION('',(-0.,-1.,0.));
#15216 = FACE_BOUND('',#15217,.T.);
#15217 = EDGE_LOOP('',(#15218));
#15218 = ORIENTED_EDGE('',*,*,#15219,.T.);
#15219 = EDGE_CURVE('',#15220,#15220,#15222,.T.);
#15220 = VERTEX_POINT('',#15221);
#15221 = CARTESIAN_POINT('',(122.388,-78.87,1.51));
#15222 = CIRCLE('',#15223,0.5);
#15223 = AXIS2_PLACEMENT_3D('',#15224,#15225,#15226);
#15224 = CARTESIAN_POINT('',(122.388,-78.37,1.51));
#15225 = DIRECTION('',(-0.,0.,-1.));
#15226 = DIRECTION('',(-0.,-1.,0.));
#15227 = FACE_BOUND('',#15228,.T.);
#15228 = EDGE_LOOP('',(#15229,#15240,#15248,#15257));
#15229 = ORIENTED_EDGE('',*,*,#15230,.T.);
#15230 = EDGE_CURVE('',#15231,#15233,#15235,.T.);
#15231 = VERTEX_POINT('',#15232);
#15232 = CARTESIAN_POINT('',(126.238,-72.02,1.51));
#15233 = VERTEX_POINT('',#15234);
#15234 = CARTESIAN_POINT('',(124.738,-72.02,1.51));
#15235 = CIRCLE('',#15236,0.75);
#15236 = AXIS2_PLACEMENT_3D('',#15237,#15238,#15239);
#15237 = CARTESIAN_POINT('',(125.488,-72.02,1.51));
#15238 = DIRECTION('',(-0.,0.,-1.));
#15239 = DIRECTION('',(-1.,0.,0.));
#15240 = ORIENTED_EDGE('',*,*,#15241,.T.);
#15241 = EDGE_CURVE('',#15233,#15242,#15244,.T.);
#15242 = VERTEX_POINT('',#15243);
#15243 = CARTESIAN_POINT('',(124.738,-70.72,1.51));
#15244 = LINE('',#15245,#15246);
#15245 = CARTESIAN_POINT('',(124.738,-35.36,1.51));
#15246 = VECTOR('',#15247,1.);
#15247 = DIRECTION('',(-0.,1.,0.));
#15248 = ORIENTED_EDGE('',*,*,#15249,.T.);
#15249 = EDGE_CURVE('',#15242,#15250,#15252,.T.);
#15250 = VERTEX_POINT('',#15251);
#15251 = CARTESIAN_POINT('',(126.238,-70.72,1.51));
#15252 = CIRCLE('',#15253,0.75);
#15253 = AXIS2_PLACEMENT_3D('',#15254,#15255,#15256);
#15254 = CARTESIAN_POINT('',(125.488,-70.72,1.51));
#15255 = DIRECTION('',(0.,-0.,-1.));
#15256 = DIRECTION('',(1.,0.,-0.));
#15257 = ORIENTED_EDGE('',*,*,#15258,.T.);
#15258 = EDGE_CURVE('',#15250,#15231,#15259,.T.);
#15259 = LINE('',#15260,#15261);
#15260 = CARTESIAN_POINT('',(126.238,-36.01,1.51));
#15261 = VECTOR('',#15262,1.);
#15262 = DIRECTION('',(0.,-1.,0.));
#15263 = FACE_BOUND('',#15264,.T.);
#15264 = EDGE_LOOP('',(#15265));
#15265 = ORIENTED_EDGE('',*,*,#15266,.T.);
#15266 = EDGE_CURVE('',#15267,#15267,#15269,.T.);
#15267 = VERTEX_POINT('',#15268);
#15268 = CARTESIAN_POINT('',(137.16,-77.9145,1.51));
#15269 = CIRCLE('',#15270,0.4445);
#15270 = AXIS2_PLACEMENT_3D('',#15271,#15272,#15273);
#15271 = CARTESIAN_POINT('',(137.16,-77.47,1.51));
#15272 = DIRECTION('',(-0.,0.,-1.));
#15273 = DIRECTION('',(-0.,-1.,0.));
#15274 = FACE_BOUND('',#15275,.T.);
#15275 = EDGE_LOOP('',(#15276));
#15276 = ORIENTED_EDGE('',*,*,#15277,.T.);
#15277 = EDGE_CURVE('',#15278,#15278,#15280,.T.);
#15278 = VERTEX_POINT('',#15279);
#15279 = CARTESIAN_POINT('',(137.16,-75.3745,1.51));
#15280 = CIRCLE('',#15281,0.4445);
#15281 = AXIS2_PLACEMENT_3D('',#15282,#15283,#15284);
#15282 = CARTESIAN_POINT('',(137.16,-74.93,1.51));
#15283 = DIRECTION('',(-0.,0.,-1.));
#15284 = DIRECTION('',(-0.,-1.,0.));
#15285 = FACE_BOUND('',#15286,.T.);
#15286 = EDGE_LOOP('',(#15287));
#15287 = ORIENTED_EDGE('',*,*,#15288,.T.);
#15288 = EDGE_CURVE('',#15289,#15289,#15291,.T.);
#15289 = VERTEX_POINT('',#15290);
#15290 = CARTESIAN_POINT('',(137.16,-72.8345,1.51));
#15291 = CIRCLE('',#15292,0.4445);
#15292 = AXIS2_PLACEMENT_3D('',#15293,#15294,#15295);
#15293 = CARTESIAN_POINT('',(137.16,-72.39,1.51));
#15294 = DIRECTION('',(-0.,0.,-1.));
#15295 = DIRECTION('',(-0.,-1.,0.));
#15296 = FACE_BOUND('',#15297,.T.);
#15297 = EDGE_LOOP('',(#15298));
#15298 = ORIENTED_EDGE('',*,*,#15299,.T.);
#15299 = EDGE_CURVE('',#15300,#15300,#15302,.T.);
#15300 = VERTEX_POINT('',#15301);
#15301 = CARTESIAN_POINT('',(122.388,-64.37,1.51));
#15302 = CIRCLE('',#15303,0.5);
#15303 = AXIS2_PLACEMENT_3D('',#15304,#15305,#15306);
#15304 = CARTESIAN_POINT('',(122.388,-63.87,1.51));
#15305 = DIRECTION('',(-0.,0.,-1.));
#15306 = DIRECTION('',(-0.,-1.,0.));
#15307 = FACE_BOUND('',#15308,.T.);
#15308 = EDGE_LOOP('',(#15309));
#15309 = ORIENTED_EDGE('',*,*,#15310,.T.);
#15310 = EDGE_CURVE('',#15311,#15311,#15313,.T.);
#15311 = VERTEX_POINT('',#15312);
#15312 = CARTESIAN_POINT('',(137.16,-70.2945,1.51));
#15313 = CIRCLE('',#15314,0.4445);
#15314 = AXIS2_PLACEMENT_3D('',#15315,#15316,#15317);
#15315 = CARTESIAN_POINT('',(137.16,-69.85,1.51));
#15316 = DIRECTION('',(-0.,0.,-1.));
#15317 = DIRECTION('',(-0.,-1.,0.));
#15318 = FACE_BOUND('',#15319,.T.);
#15319 = EDGE_LOOP('',(#15320));
#15320 = ORIENTED_EDGE('',*,*,#15321,.T.);
#15321 = EDGE_CURVE('',#15322,#15322,#15324,.T.);
#15322 = VERTEX_POINT('',#15323);
#15323 = CARTESIAN_POINT('',(137.16,-67.7545,1.51));
#15324 = CIRCLE('',#15325,0.4445);
#15325 = AXIS2_PLACEMENT_3D('',#15326,#15327,#15328);
#15326 = CARTESIAN_POINT('',(137.16,-67.31,1.51));
#15327 = DIRECTION('',(-0.,0.,-1.));
#15328 = DIRECTION('',(-0.,-1.,0.));
#15329 = FACE_BOUND('',#15330,.T.);
#15330 = EDGE_LOOP('',(#15331));
#15331 = ORIENTED_EDGE('',*,*,#15332,.T.);
#15332 = EDGE_CURVE('',#15333,#15333,#15335,.T.);
#15333 = VERTEX_POINT('',#15334);
#15334 = CARTESIAN_POINT('',(133.35,-65.12,1.51));
#15335 = CIRCLE('',#15336,0.35);
#15336 = AXIS2_PLACEMENT_3D('',#15337,#15338,#15339);
#15337 = CARTESIAN_POINT('',(133.35,-64.77,1.51));
#15338 = DIRECTION('',(-0.,0.,-1.));
#15339 = DIRECTION('',(-0.,-1.,0.));
#15340 = FACE_BOUND('',#15341,.T.);
#15341 = EDGE_LOOP('',(#15342));
#15342 = ORIENTED_EDGE('',*,*,#15343,.T.);
#15343 = EDGE_CURVE('',#15344,#15344,#15346,.T.);
#15344 = VERTEX_POINT('',#15345);
#15345 = CARTESIAN_POINT('',(137.16,-65.2145,1.51));
#15346 = CIRCLE('',#15347,0.4445);
#15347 = AXIS2_PLACEMENT_3D('',#15348,#15349,#15350);
#15348 = CARTESIAN_POINT('',(137.16,-64.77,1.51));
#15349 = DIRECTION('',(-0.,0.,-1.));
#15350 = DIRECTION('',(-0.,-1.,0.));
#15351 = FACE_BOUND('',#15352,.T.);
#15352 = EDGE_LOOP('',(#15353));
#15353 = ORIENTED_EDGE('',*,*,#15354,.T.);
#15354 = EDGE_CURVE('',#15355,#15355,#15357,.T.);
#15355 = VERTEX_POINT('',#15356);
#15356 = CARTESIAN_POINT('',(133.35,-62.58,1.51));
#15357 = CIRCLE('',#15358,0.35);
#15358 = AXIS2_PLACEMENT_3D('',#15359,#15360,#15361);
#15359 = CARTESIAN_POINT('',(133.35,-62.23,1.51));
#15360 = DIRECTION('',(-0.,0.,-1.));
#15361 = DIRECTION('',(-0.,-1.,0.));
#15362 = FACE_BOUND('',#15363,.T.);
#15363 = EDGE_LOOP('',(#15364));
#15364 = ORIENTED_EDGE('',*,*,#15365,.T.);
#15365 = EDGE_CURVE('',#15366,#15366,#15368,.T.);
#15366 = VERTEX_POINT('',#15367);
#15367 = CARTESIAN_POINT('',(137.16,-62.6745,1.51));
#15368 = CIRCLE('',#15369,0.4445);
#15369 = AXIS2_PLACEMENT_3D('',#15370,#15371,#15372);
#15370 = CARTESIAN_POINT('',(137.16,-62.23,1.51));
#15371 = DIRECTION('',(-0.,0.,-1.));
#15372 = DIRECTION('',(-0.,-1.,0.));
#15373 = FACE_BOUND('',#15374,.T.);
#15374 = EDGE_LOOP('',(#15375));
#15375 = ORIENTED_EDGE('',*,*,#15376,.T.);
#15376 = EDGE_CURVE('',#15377,#15377,#15379,.T.);
#15377 = VERTEX_POINT('',#15378);
#15378 = CARTESIAN_POINT('',(152.4,-77.9145,1.51));
#15379 = CIRCLE('',#15380,0.4445);
#15380 = AXIS2_PLACEMENT_3D('',#15381,#15382,#15383);
#15381 = CARTESIAN_POINT('',(152.4,-77.47,1.51));
#15382 = DIRECTION('',(-0.,0.,-1.));
#15383 = DIRECTION('',(-0.,-1.,0.));
#15384 = FACE_BOUND('',#15385,.T.);
#15385 = EDGE_LOOP('',(#15386));
#15386 = ORIENTED_EDGE('',*,*,#15387,.T.);
#15387 = EDGE_CURVE('',#15388,#15388,#15390,.T.);
#15388 = VERTEX_POINT('',#15389);
#15389 = CARTESIAN_POINT('',(152.4,-75.3745,1.51));
#15390 = CIRCLE('',#15391,0.4445);
#15391 = AXIS2_PLACEMENT_3D('',#15392,#15393,#15394);
#15392 = CARTESIAN_POINT('',(152.4,-74.93,1.51));
#15393 = DIRECTION('',(-0.,0.,-1.));
#15394 = DIRECTION('',(-0.,-1.,0.));
#15395 = FACE_BOUND('',#15396,.T.);
#15396 = EDGE_LOOP('',(#15397));
#15397 = ORIENTED_EDGE('',*,*,#15398,.T.);
#15398 = EDGE_CURVE('',#15399,#15399,#15401,.T.);
#15399 = VERTEX_POINT('',#15400);
#15400 = CARTESIAN_POINT('',(152.4,-72.8345,1.51));
#15401 = CIRCLE('',#15402,0.4445);
#15402 = AXIS2_PLACEMENT_3D('',#15403,#15404,#15405);
#15403 = CARTESIAN_POINT('',(152.4,-72.39,1.51));
#15404 = DIRECTION('',(-0.,0.,-1.));
#15405 = DIRECTION('',(-0.,-1.,0.));
#15406 = FACE_BOUND('',#15407,.T.);
#15407 = EDGE_LOOP('',(#15408));
#15408 = ORIENTED_EDGE('',*,*,#15409,.T.);
#15409 = EDGE_CURVE('',#15410,#15410,#15412,.T.);
#15410 = VERTEX_POINT('',#15411);
#15411 = CARTESIAN_POINT('',(160.02,-77.87,1.51));
#15412 = CIRCLE('',#15413,0.4);
#15413 = AXIS2_PLACEMENT_3D('',#15414,#15415,#15416);
#15414 = CARTESIAN_POINT('',(160.02,-77.47,1.51));
#15415 = DIRECTION('',(-0.,0.,-1.));
#15416 = DIRECTION('',(7.105427357601E-14,-1.,-0.));
#15417 = FACE_BOUND('',#15418,.T.);
#15418 = EDGE_LOOP('',(#15419));
#15419 = ORIENTED_EDGE('',*,*,#15420,.T.);
#15420 = EDGE_CURVE('',#15421,#15421,#15423,.T.);
#15421 = VERTEX_POINT('',#15422);
#15422 = CARTESIAN_POINT('',(160.02,-75.33,1.51));
#15423 = CIRCLE('',#15424,0.4);
#15424 = AXIS2_PLACEMENT_3D('',#15425,#15426,#15427);
#15425 = CARTESIAN_POINT('',(160.02,-74.93,1.51));
#15426 = DIRECTION('',(-0.,0.,-1.));
#15427 = DIRECTION('',(7.105427357601E-14,-1.,-0.));
#15428 = FACE_BOUND('',#15429,.T.);
#15429 = EDGE_LOOP('',(#15430));
#15430 = ORIENTED_EDGE('',*,*,#15431,.T.);
#15431 = EDGE_CURVE('',#15432,#15432,#15434,.T.);
#15432 = VERTEX_POINT('',#15433);
#15433 = CARTESIAN_POINT('',(167.64,-77.87,1.51));
#15434 = CIRCLE('',#15435,0.4);
#15435 = AXIS2_PLACEMENT_3D('',#15436,#15437,#15438);
#15436 = CARTESIAN_POINT('',(167.64,-77.47,1.51));
#15437 = DIRECTION('',(-0.,0.,-1.));
#15438 = DIRECTION('',(-0.,-1.,0.));
#15439 = FACE_BOUND('',#15440,.T.);
#15440 = EDGE_LOOP('',(#15441));
#15441 = ORIENTED_EDGE('',*,*,#15442,.T.);
#15442 = EDGE_CURVE('',#15443,#15443,#15445,.T.);
#15443 = VERTEX_POINT('',#15444);
#15444 = CARTESIAN_POINT('',(167.64,-75.33,1.51));
#15445 = CIRCLE('',#15446,0.4);
#15446 = AXIS2_PLACEMENT_3D('',#15447,#15448,#15449);
#15447 = CARTESIAN_POINT('',(167.64,-74.93,1.51));
#15448 = DIRECTION('',(-0.,0.,-1.));
#15449 = DIRECTION('',(-0.,-1.,0.));
#15450 = FACE_BOUND('',#15451,.T.);
#15451 = EDGE_LOOP('',(#15452));
#15452 = ORIENTED_EDGE('',*,*,#15453,.T.);
#15453 = EDGE_CURVE('',#15454,#15454,#15456,.T.);
#15454 = VERTEX_POINT('',#15455);
#15455 = CARTESIAN_POINT('',(160.02,-72.79,1.51));
#15456 = CIRCLE('',#15457,0.4);
#15457 = AXIS2_PLACEMENT_3D('',#15458,#15459,#15460);
#15458 = CARTESIAN_POINT('',(160.02,-72.39,1.51));
#15459 = DIRECTION('',(-0.,0.,-1.));
#15460 = DIRECTION('',(7.105427357601E-14,-1.,-0.));
#15461 = FACE_BOUND('',#15462,.T.);
#15462 = EDGE_LOOP('',(#15463));
#15463 = ORIENTED_EDGE('',*,*,#15464,.T.);
#15464 = EDGE_CURVE('',#15465,#15465,#15467,.T.);
#15465 = VERTEX_POINT('',#15466);
#15466 = CARTESIAN_POINT('',(167.64,-72.79,1.51));
#15467 = CIRCLE('',#15468,0.4);
#15468 = AXIS2_PLACEMENT_3D('',#15469,#15470,#15471);
#15469 = CARTESIAN_POINT('',(167.64,-72.39,1.51));
#15470 = DIRECTION('',(-0.,0.,-1.));
#15471 = DIRECTION('',(-0.,-1.,0.));
#15472 = FACE_BOUND('',#15473,.T.);
#15473 = EDGE_LOOP('',(#15474));
#15474 = ORIENTED_EDGE('',*,*,#15475,.T.);
#15475 = EDGE_CURVE('',#15476,#15476,#15478,.T.);
#15476 = VERTEX_POINT('',#15477);
#15477 = CARTESIAN_POINT('',(152.4,-70.2945,1.51));
#15478 = CIRCLE('',#15479,0.4445);
#15479 = AXIS2_PLACEMENT_3D('',#15480,#15481,#15482);
#15480 = CARTESIAN_POINT('',(152.4,-69.85,1.51));
#15481 = DIRECTION('',(-0.,0.,-1.));
#15482 = DIRECTION('',(-0.,-1.,0.));
#15483 = FACE_BOUND('',#15484,.T.);
#15484 = EDGE_LOOP('',(#15485));
#15485 = ORIENTED_EDGE('',*,*,#15486,.T.);
#15486 = EDGE_CURVE('',#15487,#15487,#15489,.T.);
#15487 = VERTEX_POINT('',#15488);
#15488 = CARTESIAN_POINT('',(152.4,-67.7545,1.51));
#15489 = CIRCLE('',#15490,0.4445);
#15490 = AXIS2_PLACEMENT_3D('',#15491,#15492,#15493);
#15491 = CARTESIAN_POINT('',(152.4,-67.31,1.51));
#15492 = DIRECTION('',(-0.,0.,-1.));
#15493 = DIRECTION('',(-0.,-1.,0.));
#15494 = FACE_BOUND('',#15495,.T.);
#15495 = EDGE_LOOP('',(#15496));
#15496 = ORIENTED_EDGE('',*,*,#15497,.T.);
#15497 = EDGE_CURVE('',#15498,#15498,#15500,.T.);
#15498 = VERTEX_POINT('',#15499);
#15499 = CARTESIAN_POINT('',(152.4,-65.2145,1.51));
#15500 = CIRCLE('',#15501,0.4445);
#15501 = AXIS2_PLACEMENT_3D('',#15502,#15503,#15504);
#15502 = CARTESIAN_POINT('',(152.4,-64.77,1.51));
#15503 = DIRECTION('',(-0.,0.,-1.));
#15504 = DIRECTION('',(-0.,-1.,0.));
#15505 = FACE_BOUND('',#15506,.T.);
#15506 = EDGE_LOOP('',(#15507));
#15507 = ORIENTED_EDGE('',*,*,#15508,.T.);
#15508 = EDGE_CURVE('',#15509,#15509,#15511,.T.);
#15509 = VERTEX_POINT('',#15510);
#15510 = CARTESIAN_POINT('',(152.4,-62.6745,1.51));
#15511 = CIRCLE('',#15512,0.4445);
#15512 = AXIS2_PLACEMENT_3D('',#15513,#15514,#15515);
#15513 = CARTESIAN_POINT('',(152.4,-62.23,1.51));
#15514 = DIRECTION('',(-0.,0.,-1.));
#15515 = DIRECTION('',(-0.,-1.,0.));
#15516 = FACE_BOUND('',#15517,.T.);
#15517 = EDGE_LOOP('',(#15518));
#15518 = ORIENTED_EDGE('',*,*,#15519,.T.);
#15519 = EDGE_CURVE('',#15520,#15520,#15522,.T.);
#15520 = VERTEX_POINT('',#15521);
#15521 = CARTESIAN_POINT('',(160.02,-70.25,1.51));
#15522 = CIRCLE('',#15523,0.4);
#15523 = AXIS2_PLACEMENT_3D('',#15524,#15525,#15526);
#15524 = CARTESIAN_POINT('',(160.02,-69.85,1.51));
#15525 = DIRECTION('',(-0.,0.,-1.));
#15526 = DIRECTION('',(7.105427357601E-14,-1.,-0.));
#15527 = FACE_BOUND('',#15528,.T.);
#15528 = EDGE_LOOP('',(#15529));
#15529 = ORIENTED_EDGE('',*,*,#15530,.T.);
#15530 = EDGE_CURVE('',#15531,#15531,#15533,.T.);
#15531 = VERTEX_POINT('',#15532);
#15532 = CARTESIAN_POINT('',(160.02,-67.71,1.51));
#15533 = CIRCLE('',#15534,0.4);
#15534 = AXIS2_PLACEMENT_3D('',#15535,#15536,#15537);
#15535 = CARTESIAN_POINT('',(160.02,-67.31,1.51));
#15536 = DIRECTION('',(-0.,0.,-1.));
#15537 = DIRECTION('',(7.105427357601E-14,-1.,-0.));
#15538 = FACE_BOUND('',#15539,.T.);
#15539 = EDGE_LOOP('',(#15540));
#15540 = ORIENTED_EDGE('',*,*,#15541,.T.);
#15541 = EDGE_CURVE('',#15542,#15542,#15544,.T.);
#15542 = VERTEX_POINT('',#15543);
#15543 = CARTESIAN_POINT('',(167.64,-70.25,1.51));
#15544 = CIRCLE('',#15545,0.4);
#15545 = AXIS2_PLACEMENT_3D('',#15546,#15547,#15548);
#15546 = CARTESIAN_POINT('',(167.64,-69.85,1.51));
#15547 = DIRECTION('',(-0.,0.,-1.));
#15548 = DIRECTION('',(-0.,-1.,0.));
#15549 = FACE_BOUND('',#15550,.T.);
#15550 = EDGE_LOOP('',(#15551));
#15551 = ORIENTED_EDGE('',*,*,#15552,.T.);
#15552 = EDGE_CURVE('',#15553,#15553,#15555,.T.);
#15553 = VERTEX_POINT('',#15554);
#15554 = CARTESIAN_POINT('',(167.64,-67.71,1.51));
#15555 = CIRCLE('',#15556,0.4);
#15556 = AXIS2_PLACEMENT_3D('',#15557,#15558,#15559);
#15557 = CARTESIAN_POINT('',(167.64,-67.31,1.51));
#15558 = DIRECTION('',(-0.,0.,-1.));
#15559 = DIRECTION('',(-0.,-1.,0.));
#15560 = FACE_BOUND('',#15561,.T.);
#15561 = EDGE_LOOP('',(#15562));
#15562 = ORIENTED_EDGE('',*,*,#15563,.T.);
#15563 = EDGE_CURVE('',#15564,#15564,#15566,.T.);
#15564 = VERTEX_POINT('',#15565);
#15565 = CARTESIAN_POINT('',(160.02,-65.17,1.51));
#15566 = CIRCLE('',#15567,0.4);
#15567 = AXIS2_PLACEMENT_3D('',#15568,#15569,#15570);
#15568 = CARTESIAN_POINT('',(160.02,-64.77,1.51));
#15569 = DIRECTION('',(-0.,0.,-1.));
#15570 = DIRECTION('',(7.105427357601E-14,-1.,-0.));
#15571 = FACE_BOUND('',#15572,.T.);
#15572 = EDGE_LOOP('',(#15573));
#15573 = ORIENTED_EDGE('',*,*,#15574,.T.);
#15574 = EDGE_CURVE('',#15575,#15575,#15577,.T.);
#15575 = VERTEX_POINT('',#15576);
#15576 = CARTESIAN_POINT('',(160.02,-62.63,1.51));
#15577 = CIRCLE('',#15578,0.4);
#15578 = AXIS2_PLACEMENT_3D('',#15579,#15580,#15581);
#15579 = CARTESIAN_POINT('',(160.02,-62.23,1.51));
#15580 = DIRECTION('',(-0.,0.,-1.));
#15581 = DIRECTION('',(7.105427357601E-14,-1.,-0.));
#15582 = FACE_BOUND('',#15583,.T.);
#15583 = EDGE_LOOP('',(#15584));
#15584 = ORIENTED_EDGE('',*,*,#15585,.T.);
#15585 = EDGE_CURVE('',#15586,#15586,#15588,.T.);
#15586 = VERTEX_POINT('',#15587);
#15587 = CARTESIAN_POINT('',(167.64,-65.17,1.51));
#15588 = CIRCLE('',#15589,0.4);
#15589 = AXIS2_PLACEMENT_3D('',#15590,#15591,#15592);
#15590 = CARTESIAN_POINT('',(167.64,-64.77,1.51));
#15591 = DIRECTION('',(-0.,0.,-1.));
#15592 = DIRECTION('',(-0.,-1.,0.));
#15593 = FACE_BOUND('',#15594,.T.);
#15594 = EDGE_LOOP('',(#15595));
#15595 = ORIENTED_EDGE('',*,*,#15596,.T.);
#15596 = EDGE_CURVE('',#15597,#15597,#15599,.T.);
#15597 = VERTEX_POINT('',#15598);
#15598 = CARTESIAN_POINT('',(167.64,-62.63,1.51));
#15599 = CIRCLE('',#15600,0.4);
#15600 = AXIS2_PLACEMENT_3D('',#15601,#15602,#15603);
#15601 = CARTESIAN_POINT('',(167.64,-62.23,1.51));
#15602 = DIRECTION('',(-0.,0.,-1.));
#15603 = DIRECTION('',(-0.,-1.,0.));
#15604 = PLANE('',#15605);
#15605 = AXIS2_PLACEMENT_3D('',#15606,#15607,#15608);
#15606 = CARTESIAN_POINT('',(0.,0.,1.51));
#15607 = DIRECTION('',(0.,0.,1.));
#15608 = DIRECTION('',(1.,0.,-0.));
#15609 = ADVANCED_FACE('',(#15610),#15616,.T.);
#15610 = FACE_BOUND('',#15611,.T.);
#15611 = EDGE_LOOP('',(#15612,#15613,#15614,#15615));
#15612 = ORIENTED_EDGE('',*,*,#12893,.T.);
#15613 = ORIENTED_EDGE('',*,*,#14266,.T.);
#15614 = ORIENTED_EDGE('',*,*,#12853,.F.);
#15615 = ORIENTED_EDGE('',*,*,#12917,.F.);
#15616 = PLANE('',#15617);
#15617 = AXIS2_PLACEMENT_3D('',#15618,#15619,#15620);
#15618 = CARTESIAN_POINT('',(66.294,-58.928,0.));
#15619 = DIRECTION('',(0.,1.,0.));
#15620 = DIRECTION('',(1.,0.,0.));
#15621 = ADVANCED_FACE('',(#15622),#15633,.F.);
#15622 = FACE_BOUND('',#15623,.T.);
#15623 = EDGE_LOOP('',(#15624,#15625,#15631,#15632));
#15624 = ORIENTED_EDGE('',*,*,#12926,.T.);
#15625 = ORIENTED_EDGE('',*,*,#15626,.T.);
#15626 = EDGE_CURVE('',#12927,#14276,#15627,.T.);
#15627 = LINE('',#15628,#15629);
#15628 = CARTESIAN_POINT('',(85.471,-130.136,-4.6E-02));
#15629 = VECTOR('',#15630,1.);
#15630 = DIRECTION('',(0.,0.,1.));
#15631 = ORIENTED_EDGE('',*,*,#14275,.F.);
#15632 = ORIENTED_EDGE('',*,*,#15626,.F.);
#15633 = CYLINDRICAL_SURFACE('',#15634,0.85);
#15634 = AXIS2_PLACEMENT_3D('',#15635,#15636,#15637);
#15635 = CARTESIAN_POINT('',(85.471,-129.286,-4.6E-02));
#15636 = DIRECTION('',(-0.,-0.,-1.));
#15637 = DIRECTION('',(-0.,-1.,0.));
#15638 = ADVANCED_FACE('',(#15639),#15650,.F.);
#15639 = FACE_BOUND('',#15640,.T.);
#15640 = EDGE_LOOP('',(#15641,#15642,#15648,#15649));
#15641 = ORIENTED_EDGE('',*,*,#12937,.T.);
#15642 = ORIENTED_EDGE('',*,*,#15643,.T.);
#15643 = EDGE_CURVE('',#12938,#14287,#15644,.T.);
#15644 = LINE('',#15645,#15646);
#15645 = CARTESIAN_POINT('',(90.551,-131.286,-4.6E-02));
#15646 = VECTOR('',#15647,1.);
#15647 = DIRECTION('',(0.,0.,1.));
#15648 = ORIENTED_EDGE('',*,*,#14286,.F.);
#15649 = ORIENTED_EDGE('',*,*,#15643,.F.);
#15650 = CYLINDRICAL_SURFACE('',#15651,2.);
#15651 = AXIS2_PLACEMENT_3D('',#15652,#15653,#15654);
#15652 = CARTESIAN_POINT('',(90.551,-129.286,-4.6E-02));
#15653 = DIRECTION('',(-0.,-0.,-1.));
#15654 = DIRECTION('',(-0.,-1.,0.));
#15655 = ADVANCED_FACE('',(#15656),#15667,.F.);
#15656 = FACE_BOUND('',#15657,.T.);
#15657 = EDGE_LOOP('',(#15658,#15659,#15665,#15666));
#15658 = ORIENTED_EDGE('',*,*,#12948,.T.);
#15659 = ORIENTED_EDGE('',*,*,#15660,.T.);
#15660 = EDGE_CURVE('',#12949,#14298,#15661,.T.);
#15661 = LINE('',#15662,#15663);
#15662 = CARTESIAN_POINT('',(95.631,-130.136,-4.6E-02));
#15663 = VECTOR('',#15664,1.);
#15664 = DIRECTION('',(0.,0.,1.));
#15665 = ORIENTED_EDGE('',*,*,#14297,.F.);
#15666 = ORIENTED_EDGE('',*,*,#15660,.F.);
#15667 = CYLINDRICAL_SURFACE('',#15668,0.85);
#15668 = AXIS2_PLACEMENT_3D('',#15669,#15670,#15671);
#15669 = CARTESIAN_POINT('',(95.631,-129.286,-4.6E-02));
#15670 = DIRECTION('',(-0.,-0.,-1.));
#15671 = DIRECTION('',(-0.,-1.,0.));
#15672 = ADVANCED_FACE('',(#15673),#15684,.F.);
#15673 = FACE_BOUND('',#15674,.T.);
#15674 = EDGE_LOOP('',(#15675,#15676,#15682,#15683));
#15675 = ORIENTED_EDGE('',*,*,#12959,.T.);
#15676 = ORIENTED_EDGE('',*,*,#15677,.T.);
#15677 = EDGE_CURVE('',#12960,#14309,#15678,.T.);
#15678 = LINE('',#15679,#15680);
#15679 = CARTESIAN_POINT('',(86.741,-127.496,-4.6E-02));
#15680 = VECTOR('',#15681,1.);
#15681 = DIRECTION('',(0.,0.,1.));
#15682 = ORIENTED_EDGE('',*,*,#14308,.F.);
#15683 = ORIENTED_EDGE('',*,*,#15677,.F.);
#15684 = CYLINDRICAL_SURFACE('',#15685,0.75);
#15685 = AXIS2_PLACEMENT_3D('',#15686,#15687,#15688);
#15686 = CARTESIAN_POINT('',(86.741,-126.746,-4.6E-02));
#15687 = DIRECTION('',(-0.,-0.,-1.));
#15688 = DIRECTION('',(-0.,-1.,0.));
#15689 = ADVANCED_FACE('',(#15690),#15701,.F.);
#15690 = FACE_BOUND('',#15691,.T.);
#15691 = EDGE_LOOP('',(#15692,#15693,#15699,#15700));
#15692 = ORIENTED_EDGE('',*,*,#12970,.T.);
#15693 = ORIENTED_EDGE('',*,*,#15694,.T.);
#15694 = EDGE_CURVE('',#12971,#14320,#15695,.T.);
#15695 = LINE('',#15696,#15697);
#15696 = CARTESIAN_POINT('',(93.091,-124.956,-4.6E-02));
#15697 = VECTOR('',#15698,1.);
#15698 = DIRECTION('',(0.,0.,1.));
#15699 = ORIENTED_EDGE('',*,*,#14319,.F.);
#15700 = ORIENTED_EDGE('',*,*,#15694,.F.);
#15701 = CYLINDRICAL_SURFACE('',#15702,0.75);
#15702 = AXIS2_PLACEMENT_3D('',#15703,#15704,#15705);
#15703 = CARTESIAN_POINT('',(93.091,-124.206,-4.6E-02));
#15704 = DIRECTION('',(-0.,-0.,-1.));
#15705 = DIRECTION('',(-0.,-1.,0.));
#15706 = ADVANCED_FACE('',(#15707),#15718,.F.);
#15707 = FACE_BOUND('',#15708,.T.);
#15708 = EDGE_LOOP('',(#15709,#15710,#15716,#15717));
#15709 = ORIENTED_EDGE('',*,*,#12981,.T.);
#15710 = ORIENTED_EDGE('',*,*,#15711,.T.);
#15711 = EDGE_CURVE('',#12982,#14331,#15712,.T.);
#15712 = LINE('',#15713,#15714);
#15713 = CARTESIAN_POINT('',(104.521,-130.136,-4.6E-02));
#15714 = VECTOR('',#15715,1.);
#15715 = DIRECTION('',(0.,0.,1.));
#15716 = ORIENTED_EDGE('',*,*,#14330,.F.);
#15717 = ORIENTED_EDGE('',*,*,#15711,.F.);
#15718 = CYLINDRICAL_SURFACE('',#15719,0.85);
#15719 = AXIS2_PLACEMENT_3D('',#15720,#15721,#15722);
#15720 = CARTESIAN_POINT('',(104.521,-129.286,-4.6E-02));
#15721 = DIRECTION('',(-0.,-0.,-1.));
#15722 = DIRECTION('',(-0.,-1.,0.));
#15723 = ADVANCED_FACE('',(#15724),#15735,.F.);
#15724 = FACE_BOUND('',#15725,.T.);
#15725 = EDGE_LOOP('',(#15726,#15727,#15733,#15734));
#15726 = ORIENTED_EDGE('',*,*,#12992,.T.);
#15727 = ORIENTED_EDGE('',*,*,#15728,.T.);
#15728 = EDGE_CURVE('',#12993,#14342,#15729,.T.);
#15729 = LINE('',#15730,#15731);
#15730 = CARTESIAN_POINT('',(105.791,-127.496,-4.6E-02));
#15731 = VECTOR('',#15732,1.);
#15732 = DIRECTION('',(0.,0.,1.));
#15733 = ORIENTED_EDGE('',*,*,#14341,.F.);
#15734 = ORIENTED_EDGE('',*,*,#15728,.F.);
#15735 = CYLINDRICAL_SURFACE('',#15736,0.75);
#15736 = AXIS2_PLACEMENT_3D('',#15737,#15738,#15739);
#15737 = CARTESIAN_POINT('',(105.791,-126.746,-4.6E-02));
#15738 = DIRECTION('',(-0.,-0.,-1.));
#15739 = DIRECTION('',(-0.,-1.,0.));
#15740 = ADVANCED_FACE('',(#15741),#15752,.F.);
#15741 = FACE_BOUND('',#15742,.T.);
#15742 = EDGE_LOOP('',(#15743,#15744,#15750,#15751));
#15743 = ORIENTED_EDGE('',*,*,#13003,.T.);
#15744 = ORIENTED_EDGE('',*,*,#15745,.T.);
#15745 = EDGE_CURVE('',#13004,#14353,#15746,.T.);
#15746 = LINE('',#15747,#15748);
#15747 = CARTESIAN_POINT('',(109.601,-131.286,-4.6E-02));
#15748 = VECTOR('',#15749,1.);
#15749 = DIRECTION('',(0.,0.,1.));
#15750 = ORIENTED_EDGE('',*,*,#14352,.F.);
#15751 = ORIENTED_EDGE('',*,*,#15745,.F.);
#15752 = CYLINDRICAL_SURFACE('',#15753,2.);
#15753 = AXIS2_PLACEMENT_3D('',#15754,#15755,#15756);
#15754 = CARTESIAN_POINT('',(109.601,-129.286,-4.6E-02));
#15755 = DIRECTION('',(-0.,-0.,-1.));
#15756 = DIRECTION('',(-0.,-1.,0.));
#15757 = ADVANCED_FACE('',(#15758),#15769,.F.);
#15758 = FACE_BOUND('',#15759,.T.);
#15759 = EDGE_LOOP('',(#15760,#15761,#15767,#15768));
#15760 = ORIENTED_EDGE('',*,*,#13014,.T.);
#15761 = ORIENTED_EDGE('',*,*,#15762,.T.);
#15762 = EDGE_CURVE('',#13015,#14364,#15763,.T.);
#15763 = LINE('',#15764,#15765);
#15764 = CARTESIAN_POINT('',(114.681,-130.136,-4.6E-02));
#15765 = VECTOR('',#15766,1.);
#15766 = DIRECTION('',(0.,0.,1.));
#15767 = ORIENTED_EDGE('',*,*,#14363,.F.);
#15768 = ORIENTED_EDGE('',*,*,#15762,.F.);
#15769 = CYLINDRICAL_SURFACE('',#15770,0.85);
#15770 = AXIS2_PLACEMENT_3D('',#15771,#15772,#15773);
#15771 = CARTESIAN_POINT('',(114.681,-129.286,-4.6E-02));
#15772 = DIRECTION('',(-0.,-0.,-1.));
#15773 = DIRECTION('',(-1.671865260612E-14,-1.,0.));
#15774 = ADVANCED_FACE('',(#15775),#15786,.F.);
#15775 = FACE_BOUND('',#15776,.T.);
#15776 = EDGE_LOOP('',(#15777,#15778,#15784,#15785));
#15777 = ORIENTED_EDGE('',*,*,#13025,.T.);
#15778 = ORIENTED_EDGE('',*,*,#15779,.T.);
#15779 = EDGE_CURVE('',#13026,#14375,#15780,.T.);
#15780 = LINE('',#15781,#15782);
#15781 = CARTESIAN_POINT('',(112.141,-124.956,-4.6E-02));
#15782 = VECTOR('',#15783,1.);
#15783 = DIRECTION('',(0.,0.,1.));
#15784 = ORIENTED_EDGE('',*,*,#14374,.F.);
#15785 = ORIENTED_EDGE('',*,*,#15779,.F.);
#15786 = CYLINDRICAL_SURFACE('',#15787,0.75);
#15787 = AXIS2_PLACEMENT_3D('',#15788,#15789,#15790);
#15788 = CARTESIAN_POINT('',(112.141,-124.206,-4.6E-02));
#15789 = DIRECTION('',(-0.,-0.,-1.));
#15790 = DIRECTION('',(-0.,-1.,0.));
#15791 = ADVANCED_FACE('',(#15792),#15803,.F.);
#15792 = FACE_BOUND('',#15793,.T.);
#15793 = EDGE_LOOP('',(#15794,#15795,#15801,#15802));
#15794 = ORIENTED_EDGE('',*,*,#13036,.T.);
#15795 = ORIENTED_EDGE('',*,*,#15796,.T.);
#15796 = EDGE_CURVE('',#13037,#14386,#15797,.T.);
#15797 = LINE('',#15798,#15799);
#15798 = CARTESIAN_POINT('',(75.946,-111.086,-4.6E-02));
#15799 = VECTOR('',#15800,1.);
#15800 = DIRECTION('',(0.,0.,1.));
#15801 = ORIENTED_EDGE('',*,*,#14385,.F.);
#15802 = ORIENTED_EDGE('',*,*,#15796,.F.);
#15803 = CYLINDRICAL_SURFACE('',#15804,0.85);
#15804 = AXIS2_PLACEMENT_3D('',#15805,#15806,#15807);
#15805 = CARTESIAN_POINT('',(75.946,-110.236,-4.6E-02));
#15806 = DIRECTION('',(-0.,-0.,-1.));
#15807 = DIRECTION('',(-0.,-1.,0.));
#15808 = ADVANCED_FACE('',(#15809),#15820,.F.);
#15809 = FACE_BOUND('',#15810,.T.);
#15810 = EDGE_LOOP('',(#15811,#15812,#15818,#15819));
#15811 = ORIENTED_EDGE('',*,*,#13047,.T.);
#15812 = ORIENTED_EDGE('',*,*,#15813,.T.);
#15813 = EDGE_CURVE('',#13048,#14397,#15814,.T.);
#15814 = LINE('',#15815,#15816);
#15815 = CARTESIAN_POINT('',(81.026,-112.236,-4.6E-02));
#15816 = VECTOR('',#15817,1.);
#15817 = DIRECTION('',(0.,0.,1.));
#15818 = ORIENTED_EDGE('',*,*,#14396,.F.);
#15819 = ORIENTED_EDGE('',*,*,#15813,.F.);
#15820 = CYLINDRICAL_SURFACE('',#15821,2.);
#15821 = AXIS2_PLACEMENT_3D('',#15822,#15823,#15824);
#15822 = CARTESIAN_POINT('',(81.026,-110.236,-4.6E-02));
#15823 = DIRECTION('',(-0.,-0.,-1.));
#15824 = DIRECTION('',(-0.,-1.,0.));
#15825 = ADVANCED_FACE('',(#15826),#15837,.F.);
#15826 = FACE_BOUND('',#15827,.T.);
#15827 = EDGE_LOOP('',(#15828,#15829,#15835,#15836));
#15828 = ORIENTED_EDGE('',*,*,#13058,.T.);
#15829 = ORIENTED_EDGE('',*,*,#15830,.T.);
#15830 = EDGE_CURVE('',#13059,#14408,#15831,.T.);
#15831 = LINE('',#15832,#15833);
#15832 = CARTESIAN_POINT('',(77.216,-108.446,-4.6E-02));
#15833 = VECTOR('',#15834,1.);
#15834 = DIRECTION('',(0.,0.,1.));
#15835 = ORIENTED_EDGE('',*,*,#14407,.F.);
#15836 = ORIENTED_EDGE('',*,*,#15830,.F.);
#15837 = CYLINDRICAL_SURFACE('',#15838,0.75);
#15838 = AXIS2_PLACEMENT_3D('',#15839,#15840,#15841);
#15839 = CARTESIAN_POINT('',(77.216,-107.696,-4.6E-02));
#15840 = DIRECTION('',(-0.,-0.,-1.));
#15841 = DIRECTION('',(-0.,-1.,0.));
#15842 = ADVANCED_FACE('',(#15843),#15854,.F.);
#15843 = FACE_BOUND('',#15844,.T.);
#15844 = EDGE_LOOP('',(#15845,#15846,#15852,#15853));
#15845 = ORIENTED_EDGE('',*,*,#13069,.T.);
#15846 = ORIENTED_EDGE('',*,*,#15847,.T.);
#15847 = EDGE_CURVE('',#13070,#14419,#15848,.T.);
#15848 = LINE('',#15849,#15850);
#15849 = CARTESIAN_POINT('',(86.106,-111.086,-4.6E-02));
#15850 = VECTOR('',#15851,1.);
#15851 = DIRECTION('',(0.,0.,1.));
#15852 = ORIENTED_EDGE('',*,*,#14418,.F.);
#15853 = ORIENTED_EDGE('',*,*,#15847,.F.);
#15854 = CYLINDRICAL_SURFACE('',#15855,0.85);
#15855 = AXIS2_PLACEMENT_3D('',#15856,#15857,#15858);
#15856 = CARTESIAN_POINT('',(86.106,-110.236,-4.6E-02));
#15857 = DIRECTION('',(-0.,-0.,-1.));
#15858 = DIRECTION('',(-0.,-1.,0.));
#15859 = ADVANCED_FACE('',(#15860),#15871,.F.);
#15860 = FACE_BOUND('',#15861,.T.);
#15861 = EDGE_LOOP('',(#15862,#15863,#15869,#15870));
#15862 = ORIENTED_EDGE('',*,*,#13080,.T.);
#15863 = ORIENTED_EDGE('',*,*,#15864,.T.);
#15864 = EDGE_CURVE('',#13081,#14430,#15865,.T.);
#15865 = LINE('',#15866,#15867);
#15866 = CARTESIAN_POINT('',(94.996,-111.086,-4.6E-02));
#15867 = VECTOR('',#15868,1.);
#15868 = DIRECTION('',(0.,0.,1.));
#15869 = ORIENTED_EDGE('',*,*,#14429,.F.);
#15870 = ORIENTED_EDGE('',*,*,#15864,.F.);
#15871 = CYLINDRICAL_SURFACE('',#15872,0.85);
#15872 = AXIS2_PLACEMENT_3D('',#15873,#15874,#15875);
#15873 = CARTESIAN_POINT('',(94.996,-110.236,-4.6E-02));
#15874 = DIRECTION('',(-0.,-0.,-1.));
#15875 = DIRECTION('',(-1.671865260612E-14,-1.,0.));
#15876 = ADVANCED_FACE('',(#15877),#15888,.F.);
#15877 = FACE_BOUND('',#15878,.T.);
#15878 = EDGE_LOOP('',(#15879,#15880,#15886,#15887));
#15879 = ORIENTED_EDGE('',*,*,#13091,.T.);
#15880 = ORIENTED_EDGE('',*,*,#15881,.T.);
#15881 = EDGE_CURVE('',#13092,#14441,#15882,.T.);
#15882 = LINE('',#15883,#15884);
#15883 = CARTESIAN_POINT('',(96.266,-108.446,-4.6E-02));
#15884 = VECTOR('',#15885,1.);
#15885 = DIRECTION('',(0.,0.,1.));
#15886 = ORIENTED_EDGE('',*,*,#14440,.F.);
#15887 = ORIENTED_EDGE('',*,*,#15881,.F.);
#15888 = CYLINDRICAL_SURFACE('',#15889,0.75);
#15889 = AXIS2_PLACEMENT_3D('',#15890,#15891,#15892);
#15890 = CARTESIAN_POINT('',(96.266,-107.696,-4.6E-02));
#15891 = DIRECTION('',(-0.,-0.,-1.));
#15892 = DIRECTION('',(-0.,-1.,0.));
#15893 = ADVANCED_FACE('',(#15894),#15905,.F.);
#15894 = FACE_BOUND('',#15895,.T.);
#15895 = EDGE_LOOP('',(#15896,#15897,#15903,#15904));
#15896 = ORIENTED_EDGE('',*,*,#13102,.T.);
#15897 = ORIENTED_EDGE('',*,*,#15898,.T.);
#15898 = EDGE_CURVE('',#13103,#14452,#15899,.T.);
#15899 = LINE('',#15900,#15901);
#15900 = CARTESIAN_POINT('',(83.566,-105.906,-4.6E-02));
#15901 = VECTOR('',#15902,1.);
#15902 = DIRECTION('',(0.,0.,1.));
#15903 = ORIENTED_EDGE('',*,*,#14451,.F.);
#15904 = ORIENTED_EDGE('',*,*,#15898,.F.);
#15905 = CYLINDRICAL_SURFACE('',#15906,0.75);
#15906 = AXIS2_PLACEMENT_3D('',#15907,#15908,#15909);
#15907 = CARTESIAN_POINT('',(83.566,-105.156,-4.6E-02));
#15908 = DIRECTION('',(-0.,-0.,-1.));
#15909 = DIRECTION('',(-0.,-1.,0.));
#15910 = ADVANCED_FACE('',(#15911),#15922,.F.);
#15911 = FACE_BOUND('',#15912,.T.);
#15912 = EDGE_LOOP('',(#15913,#15914,#15920,#15921));
#15913 = ORIENTED_EDGE('',*,*,#13113,.T.);
#15914 = ORIENTED_EDGE('',*,*,#15915,.T.);
#15915 = EDGE_CURVE('',#13114,#14463,#15916,.T.);
#15916 = LINE('',#15917,#15918);
#15917 = CARTESIAN_POINT('',(100.076,-112.236,-4.6E-02));
#15918 = VECTOR('',#15919,1.);
#15919 = DIRECTION('',(0.,0.,1.));
#15920 = ORIENTED_EDGE('',*,*,#14462,.F.);
#15921 = ORIENTED_EDGE('',*,*,#15915,.F.);
#15922 = CYLINDRICAL_SURFACE('',#15923,2.);
#15923 = AXIS2_PLACEMENT_3D('',#15924,#15925,#15926);
#15924 = CARTESIAN_POINT('',(100.076,-110.236,-4.6E-02));
#15925 = DIRECTION('',(-0.,-0.,-1.));
#15926 = DIRECTION('',(-0.,-1.,0.));
#15927 = ADVANCED_FACE('',(#15928),#15939,.F.);
#15928 = FACE_BOUND('',#15929,.T.);
#15929 = EDGE_LOOP('',(#15930,#15931,#15937,#15938));
#15930 = ORIENTED_EDGE('',*,*,#13124,.T.);
#15931 = ORIENTED_EDGE('',*,*,#15932,.T.);
#15932 = EDGE_CURVE('',#13125,#14474,#15933,.T.);
#15933 = LINE('',#15934,#15935);
#15934 = CARTESIAN_POINT('',(105.156,-111.086,-4.6E-02));
#15935 = VECTOR('',#15936,1.);
#15936 = DIRECTION('',(0.,0.,1.));
#15937 = ORIENTED_EDGE('',*,*,#14473,.F.);
#15938 = ORIENTED_EDGE('',*,*,#15932,.F.);
#15939 = CYLINDRICAL_SURFACE('',#15940,0.85);
#15940 = AXIS2_PLACEMENT_3D('',#15941,#15942,#15943);
#15941 = CARTESIAN_POINT('',(105.156,-110.236,-4.6E-02));
#15942 = DIRECTION('',(-0.,-0.,-1.));
#15943 = DIRECTION('',(-0.,-1.,0.));
#15944 = ADVANCED_FACE('',(#15945),#15956,.F.);
#15945 = FACE_BOUND('',#15946,.T.);
#15946 = EDGE_LOOP('',(#15947,#15948,#15954,#15955));
#15947 = ORIENTED_EDGE('',*,*,#13135,.T.);
#15948 = ORIENTED_EDGE('',*,*,#15949,.T.);
#15949 = EDGE_CURVE('',#13136,#14485,#15950,.T.);
#15950 = LINE('',#15951,#15952);
#15951 = CARTESIAN_POINT('',(114.173,-111.086,-4.6E-02));
#15952 = VECTOR('',#15953,1.);
#15953 = DIRECTION('',(0.,0.,1.));
#15954 = ORIENTED_EDGE('',*,*,#14484,.F.);
#15955 = ORIENTED_EDGE('',*,*,#15949,.F.);
#15956 = CYLINDRICAL_SURFACE('',#15957,0.85);
#15957 = AXIS2_PLACEMENT_3D('',#15958,#15959,#15960);
#15958 = CARTESIAN_POINT('',(114.173,-110.236,-4.6E-02));
#15959 = DIRECTION('',(-0.,-0.,-1.));
#15960 = DIRECTION('',(-0.,-1.,0.));
#15961 = ADVANCED_FACE('',(#15962),#15973,.F.);
#15962 = FACE_BOUND('',#15963,.T.);
#15963 = EDGE_LOOP('',(#15964,#15965,#15971,#15972));
#15964 = ORIENTED_EDGE('',*,*,#13146,.T.);
#15965 = ORIENTED_EDGE('',*,*,#15966,.T.);
#15966 = EDGE_CURVE('',#13147,#14496,#15967,.T.);
#15967 = LINE('',#15968,#15969);
#15968 = CARTESIAN_POINT('',(119.253,-112.236,-4.6E-02));
#15969 = VECTOR('',#15970,1.);
#15970 = DIRECTION('',(0.,0.,1.));
#15971 = ORIENTED_EDGE('',*,*,#14495,.F.);
#15972 = ORIENTED_EDGE('',*,*,#15966,.F.);
#15973 = CYLINDRICAL_SURFACE('',#15974,2.);
#15974 = AXIS2_PLACEMENT_3D('',#15975,#15976,#15977);
#15975 = CARTESIAN_POINT('',(119.253,-110.236,-4.6E-02));
#15976 = DIRECTION('',(-0.,-0.,-1.));
#15977 = DIRECTION('',(-0.,-1.,0.));
#15978 = ADVANCED_FACE('',(#15979),#15990,.F.);
#15979 = FACE_BOUND('',#15980,.T.);
#15980 = EDGE_LOOP('',(#15981,#15982,#15988,#15989));
#15981 = ORIENTED_EDGE('',*,*,#13157,.T.);
#15982 = ORIENTED_EDGE('',*,*,#15983,.T.);
#15983 = EDGE_CURVE('',#13158,#14507,#15984,.T.);
#15984 = LINE('',#15985,#15986);
#15985 = CARTESIAN_POINT('',(115.443,-108.446,-4.6E-02));
#15986 = VECTOR('',#15987,1.);
#15987 = DIRECTION('',(0.,0.,1.));
#15988 = ORIENTED_EDGE('',*,*,#14506,.F.);
#15989 = ORIENTED_EDGE('',*,*,#15983,.F.);
#15990 = CYLINDRICAL_SURFACE('',#15991,0.75);
#15991 = AXIS2_PLACEMENT_3D('',#15992,#15993,#15994);
#15992 = CARTESIAN_POINT('',(115.443,-107.696,-4.6E-02));
#15993 = DIRECTION('',(-0.,-0.,-1.));
#15994 = DIRECTION('',(-0.,-1.,0.));
#15995 = ADVANCED_FACE('',(#15996),#16007,.F.);
#15996 = FACE_BOUND('',#15997,.T.);
#15997 = EDGE_LOOP('',(#15998,#15999,#16005,#16006));
#15998 = ORIENTED_EDGE('',*,*,#13168,.T.);
#15999 = ORIENTED_EDGE('',*,*,#16000,.T.);
#16000 = EDGE_CURVE('',#13169,#14518,#16001,.T.);
#16001 = LINE('',#16002,#16003);
#16002 = CARTESIAN_POINT('',(102.616,-105.906,-4.6E-02));
#16003 = VECTOR('',#16004,1.);
#16004 = DIRECTION('',(0.,0.,1.));
#16005 = ORIENTED_EDGE('',*,*,#14517,.F.);
#16006 = ORIENTED_EDGE('',*,*,#16000,.F.);
#16007 = CYLINDRICAL_SURFACE('',#16008,0.75);
#16008 = AXIS2_PLACEMENT_3D('',#16009,#16010,#16011);
#16009 = CARTESIAN_POINT('',(102.616,-105.156,-4.6E-02));
#16010 = DIRECTION('',(-0.,-0.,-1.));
#16011 = DIRECTION('',(-0.,-1.,0.));
#16012 = ADVANCED_FACE('',(#16013),#16024,.F.);
#16013 = FACE_BOUND('',#16014,.T.);
#16014 = EDGE_LOOP('',(#16015,#16016,#16022,#16023));
#16015 = ORIENTED_EDGE('',*,*,#13179,.T.);
#16016 = ORIENTED_EDGE('',*,*,#16017,.T.);
#16017 = EDGE_CURVE('',#13180,#14529,#16018,.T.);
#16018 = LINE('',#16019,#16020);
#16019 = CARTESIAN_POINT('',(135.128,-128.526,-4.6E-02));
#16020 = VECTOR('',#16021,1.);
#16021 = DIRECTION('',(0.,0.,1.));
#16022 = ORIENTED_EDGE('',*,*,#14528,.F.);
#16023 = ORIENTED_EDGE('',*,*,#16017,.F.);
#16024 = CYLINDRICAL_SURFACE('',#16025,0.51);
#16025 = AXIS2_PLACEMENT_3D('',#16026,#16027,#16028);
#16026 = CARTESIAN_POINT('',(135.128,-128.016,-4.6E-02));
#16027 = DIRECTION('',(-0.,-0.,-1.));
#16028 = DIRECTION('',(-0.,-1.,0.));
#16029 = ADVANCED_FACE('',(#16030),#16041,.F.);
#16030 = FACE_BOUND('',#16031,.T.);
#16031 = EDGE_LOOP('',(#16032,#16033,#16039,#16040));
#16032 = ORIENTED_EDGE('',*,*,#13190,.T.);
#16033 = ORIENTED_EDGE('',*,*,#16034,.T.);
#16034 = EDGE_CURVE('',#13191,#14540,#16035,.T.);
#16035 = LINE('',#16036,#16037);
#16036 = CARTESIAN_POINT('',(135.128,-125.986,-4.6E-02));
#16037 = VECTOR('',#16038,1.);
#16038 = DIRECTION('',(0.,0.,1.));
#16039 = ORIENTED_EDGE('',*,*,#14539,.F.);
#16040 = ORIENTED_EDGE('',*,*,#16034,.F.);
#16041 = CYLINDRICAL_SURFACE('',#16042,0.51);
#16042 = AXIS2_PLACEMENT_3D('',#16043,#16044,#16045);
#16043 = CARTESIAN_POINT('',(135.128,-125.476,-4.6E-02));
#16044 = DIRECTION('',(-0.,-0.,-1.));
#16045 = DIRECTION('',(-0.,-1.,0.));
#16046 = ADVANCED_FACE('',(#16047),#16058,.F.);
#16047 = FACE_BOUND('',#16048,.T.);
#16048 = EDGE_LOOP('',(#16049,#16050,#16056,#16057));
#16049 = ORIENTED_EDGE('',*,*,#13201,.T.);
#16050 = ORIENTED_EDGE('',*,*,#16051,.T.);
#16051 = EDGE_CURVE('',#13202,#14551,#16052,.T.);
#16052 = LINE('',#16053,#16054);
#16053 = CARTESIAN_POINT('',(132.968,-123.486,-4.6E-02));
#16054 = VECTOR('',#16055,1.);
#16055 = DIRECTION('',(0.,0.,1.));
#16056 = ORIENTED_EDGE('',*,*,#14550,.F.);
#16057 = ORIENTED_EDGE('',*,*,#16051,.F.);
#16058 = CYLINDRICAL_SURFACE('',#16059,0.55);
#16059 = AXIS2_PLACEMENT_3D('',#16060,#16061,#16062);
#16060 = CARTESIAN_POINT('',(132.968,-122.936,-4.6E-02));
#16061 = DIRECTION('',(-0.,-0.,-1.));
#16062 = DIRECTION('',(-5.167583532801E-14,-1.,0.));
#16063 = ADVANCED_FACE('',(#16064),#16075,.F.);
#16064 = FACE_BOUND('',#16065,.T.);
#16065 = EDGE_LOOP('',(#16066,#16067,#16073,#16074));
#16066 = ORIENTED_EDGE('',*,*,#13212,.T.);
#16067 = ORIENTED_EDGE('',*,*,#16068,.T.);
#16068 = EDGE_CURVE('',#13213,#14562,#16069,.T.);
#16069 = LINE('',#16070,#16071);
#16070 = CARTESIAN_POINT('',(135.128,-123.446,-4.6E-02));
#16071 = VECTOR('',#16072,1.);
#16072 = DIRECTION('',(0.,0.,1.));
#16073 = ORIENTED_EDGE('',*,*,#14561,.F.);
#16074 = ORIENTED_EDGE('',*,*,#16068,.F.);
#16075 = CYLINDRICAL_SURFACE('',#16076,0.51);
#16076 = AXIS2_PLACEMENT_3D('',#16077,#16078,#16079);
#16077 = CARTESIAN_POINT('',(135.128,-122.936,-4.6E-02));
#16078 = DIRECTION('',(-0.,-0.,-1.));
#16079 = DIRECTION('',(-0.,-1.,0.));
#16080 = ADVANCED_FACE('',(#16081),#16092,.F.);
#16081 = FACE_BOUND('',#16082,.T.);
#16082 = EDGE_LOOP('',(#16083,#16084,#16090,#16091));
#16083 = ORIENTED_EDGE('',*,*,#13223,.T.);
#16084 = ORIENTED_EDGE('',*,*,#16085,.T.);
#16085 = EDGE_CURVE('',#13224,#14573,#16086,.T.);
#16086 = LINE('',#16087,#16088);
#16087 = CARTESIAN_POINT('',(135.128,-120.906,-4.6E-02));
#16088 = VECTOR('',#16089,1.);
#16089 = DIRECTION('',(0.,0.,1.));
#16090 = ORIENTED_EDGE('',*,*,#14572,.F.);
#16091 = ORIENTED_EDGE('',*,*,#16085,.F.);
#16092 = CYLINDRICAL_SURFACE('',#16093,0.51);
#16093 = AXIS2_PLACEMENT_3D('',#16094,#16095,#16096);
#16094 = CARTESIAN_POINT('',(135.128,-120.396,-4.6E-02));
#16095 = DIRECTION('',(-0.,-0.,-1.));
#16096 = DIRECTION('',(-0.,-1.,0.));
#16097 = ADVANCED_FACE('',(#16098),#16109,.F.);
#16098 = FACE_BOUND('',#16099,.T.);
#16099 = EDGE_LOOP('',(#16100,#16101,#16107,#16108));
#16100 = ORIENTED_EDGE('',*,*,#13234,.T.);
#16101 = ORIENTED_EDGE('',*,*,#16102,.T.);
#16102 = EDGE_CURVE('',#13235,#14584,#16103,.T.);
#16103 = LINE('',#16104,#16105);
#16104 = CARTESIAN_POINT('',(124.333,-111.086,-4.6E-02));
#16105 = VECTOR('',#16106,1.);
#16106 = DIRECTION('',(0.,0.,1.));
#16107 = ORIENTED_EDGE('',*,*,#14583,.F.);
#16108 = ORIENTED_EDGE('',*,*,#16102,.F.);
#16109 = CYLINDRICAL_SURFACE('',#16110,0.85);
#16110 = AXIS2_PLACEMENT_3D('',#16111,#16112,#16113);
#16111 = CARTESIAN_POINT('',(124.333,-110.236,-4.6E-02));
#16112 = DIRECTION('',(-0.,-0.,-1.));
#16113 = DIRECTION('',(-0.,-1.,0.));
#16114 = ADVANCED_FACE('',(#16115),#16126,.F.);
#16115 = FACE_BOUND('',#16116,.T.);
#16116 = EDGE_LOOP('',(#16117,#16118,#16124,#16125));
#16117 = ORIENTED_EDGE('',*,*,#13245,.T.);
#16118 = ORIENTED_EDGE('',*,*,#16119,.T.);
#16119 = EDGE_CURVE('',#13246,#14595,#16120,.T.);
#16120 = LINE('',#16121,#16122);
#16121 = CARTESIAN_POINT('',(139.74,-112.16,-4.6E-02));
#16122 = VECTOR('',#16123,1.);
#16123 = DIRECTION('',(0.,0.,1.));
#16124 = ORIENTED_EDGE('',*,*,#14594,.F.);
#16125 = ORIENTED_EDGE('',*,*,#16119,.F.);
#16126 = CYLINDRICAL_SURFACE('',#16127,0.4);
#16127 = AXIS2_PLACEMENT_3D('',#16128,#16129,#16130);
#16128 = CARTESIAN_POINT('',(139.74,-111.76,-4.6E-02));
#16129 = DIRECTION('',(-0.,-0.,-1.));
#16130 = DIRECTION('',(-0.,-1.,0.));
#16131 = ADVANCED_FACE('',(#16132),#16143,.F.);
#16132 = FACE_BOUND('',#16133,.T.);
#16133 = EDGE_LOOP('',(#16134,#16135,#16141,#16142));
#16134 = ORIENTED_EDGE('',*,*,#13256,.T.);
#16135 = ORIENTED_EDGE('',*,*,#16136,.T.);
#16136 = EDGE_CURVE('',#13257,#14606,#16137,.T.);
#16137 = LINE('',#16138,#16139);
#16138 = CARTESIAN_POINT('',(142.24,-112.16,-4.6E-02));
#16139 = VECTOR('',#16140,1.);
#16140 = DIRECTION('',(0.,0.,1.));
#16141 = ORIENTED_EDGE('',*,*,#14605,.F.);
#16142 = ORIENTED_EDGE('',*,*,#16136,.F.);
#16143 = CYLINDRICAL_SURFACE('',#16144,0.4);
#16144 = AXIS2_PLACEMENT_3D('',#16145,#16146,#16147);
#16145 = CARTESIAN_POINT('',(142.24,-111.76,-4.6E-02));
#16146 = DIRECTION('',(-0.,-0.,-1.));
#16147 = DIRECTION('',(-0.,-1.,0.));
#16148 = ADVANCED_FACE('',(#16149),#16160,.F.);
#16149 = FACE_BOUND('',#16150,.T.);
#16150 = EDGE_LOOP('',(#16151,#16152,#16158,#16159));
#16151 = ORIENTED_EDGE('',*,*,#13267,.T.);
#16152 = ORIENTED_EDGE('',*,*,#16153,.T.);
#16153 = EDGE_CURVE('',#13268,#14617,#16154,.T.);
#16154 = LINE('',#16155,#16156);
#16155 = CARTESIAN_POINT('',(139.74,-109.01,-4.6E-02));
#16156 = VECTOR('',#16157,1.);
#16157 = DIRECTION('',(0.,0.,1.));
#16158 = ORIENTED_EDGE('',*,*,#14616,.F.);
#16159 = ORIENTED_EDGE('',*,*,#16153,.F.);
#16160 = CYLINDRICAL_SURFACE('',#16161,0.4);
#16161 = AXIS2_PLACEMENT_3D('',#16162,#16163,#16164);
#16162 = CARTESIAN_POINT('',(139.74,-108.61,-4.6E-02));
#16163 = DIRECTION('',(-0.,-0.,-1.));
#16164 = DIRECTION('',(-0.,-1.,0.));
#16165 = ADVANCED_FACE('',(#16166),#16177,.F.);
#16166 = FACE_BOUND('',#16167,.T.);
#16167 = EDGE_LOOP('',(#16168,#16169,#16175,#16176));
#16168 = ORIENTED_EDGE('',*,*,#13278,.T.);
#16169 = ORIENTED_EDGE('',*,*,#16170,.T.);
#16170 = EDGE_CURVE('',#13279,#14628,#16171,.T.);
#16171 = LINE('',#16172,#16173);
#16172 = CARTESIAN_POINT('',(142.24,-109.01,-4.6E-02));
#16173 = VECTOR('',#16174,1.);
#16174 = DIRECTION('',(0.,0.,1.));
#16175 = ORIENTED_EDGE('',*,*,#14627,.F.);
#16176 = ORIENTED_EDGE('',*,*,#16170,.F.);
#16177 = CYLINDRICAL_SURFACE('',#16178,0.4);
#16178 = AXIS2_PLACEMENT_3D('',#16179,#16180,#16181);
#16179 = CARTESIAN_POINT('',(142.24,-108.61,-4.6E-02));
#16180 = DIRECTION('',(-0.,-0.,-1.));
#16181 = DIRECTION('',(-0.,-1.,0.));
#16182 = ADVANCED_FACE('',(#16183),#16194,.F.);
#16183 = FACE_BOUND('',#16184,.T.);
#16184 = EDGE_LOOP('',(#16185,#16186,#16192,#16193));
#16185 = ORIENTED_EDGE('',*,*,#13289,.T.);
#16186 = ORIENTED_EDGE('',*,*,#16187,.T.);
#16187 = EDGE_CURVE('',#13290,#14639,#16188,.T.);
#16188 = LINE('',#16189,#16190);
#16189 = CARTESIAN_POINT('',(139.74,-105.86,-4.6E-02));
#16190 = VECTOR('',#16191,1.);
#16191 = DIRECTION('',(0.,0.,1.));
#16192 = ORIENTED_EDGE('',*,*,#14638,.F.);
#16193 = ORIENTED_EDGE('',*,*,#16187,.F.);
#16194 = CYLINDRICAL_SURFACE('',#16195,0.4);
#16195 = AXIS2_PLACEMENT_3D('',#16196,#16197,#16198);
#16196 = CARTESIAN_POINT('',(139.74,-105.46,-4.6E-02));
#16197 = DIRECTION('',(-0.,-0.,-1.));
#16198 = DIRECTION('',(-0.,-1.,0.));
#16199 = ADVANCED_FACE('',(#16200),#16211,.F.);
#16200 = FACE_BOUND('',#16201,.T.);
#16201 = EDGE_LOOP('',(#16202,#16203,#16209,#16210));
#16202 = ORIENTED_EDGE('',*,*,#13300,.T.);
#16203 = ORIENTED_EDGE('',*,*,#16204,.T.);
#16204 = EDGE_CURVE('',#13301,#14650,#16205,.T.);
#16205 = LINE('',#16206,#16207);
#16206 = CARTESIAN_POINT('',(142.24,-105.86,-4.6E-02));
#16207 = VECTOR('',#16208,1.);
#16208 = DIRECTION('',(0.,0.,1.));
#16209 = ORIENTED_EDGE('',*,*,#14649,.F.);
#16210 = ORIENTED_EDGE('',*,*,#16204,.F.);
#16211 = CYLINDRICAL_SURFACE('',#16212,0.4);
#16212 = AXIS2_PLACEMENT_3D('',#16213,#16214,#16215);
#16213 = CARTESIAN_POINT('',(142.24,-105.46,-4.6E-02));
#16214 = DIRECTION('',(-0.,-0.,-1.));
#16215 = DIRECTION('',(-0.,-1.,0.));
#16216 = ADVANCED_FACE('',(#16217),#16228,.F.);
#16217 = FACE_BOUND('',#16218,.T.);
#16218 = EDGE_LOOP('',(#16219,#16220,#16226,#16227));
#16219 = ORIENTED_EDGE('',*,*,#13311,.T.);
#16220 = ORIENTED_EDGE('',*,*,#16221,.T.);
#16221 = EDGE_CURVE('',#13312,#14661,#16222,.T.);
#16222 = LINE('',#16223,#16224);
#16223 = CARTESIAN_POINT('',(121.793,-105.906,-4.6E-02));
#16224 = VECTOR('',#16225,1.);
#16225 = DIRECTION('',(0.,0.,1.));
#16226 = ORIENTED_EDGE('',*,*,#14660,.F.);
#16227 = ORIENTED_EDGE('',*,*,#16221,.F.);
#16228 = CYLINDRICAL_SURFACE('',#16229,0.75);
#16229 = AXIS2_PLACEMENT_3D('',#16230,#16231,#16232);
#16230 = CARTESIAN_POINT('',(121.793,-105.156,-4.6E-02));
#16231 = DIRECTION('',(-0.,-0.,-1.));
#16232 = DIRECTION('',(-0.,-1.,0.));
#16233 = ADVANCED_FACE('',(#16234),#16245,.F.);
#16234 = FACE_BOUND('',#16235,.T.);
#16235 = EDGE_LOOP('',(#16236,#16237,#16243,#16244));
#16236 = ORIENTED_EDGE('',*,*,#13322,.T.);
#16237 = ORIENTED_EDGE('',*,*,#16238,.T.);
#16238 = EDGE_CURVE('',#13323,#14672,#16239,.T.);
#16239 = LINE('',#16240,#16241);
#16240 = CARTESIAN_POINT('',(139.74,-102.71,-4.6E-02));
#16241 = VECTOR('',#16242,1.);
#16242 = DIRECTION('',(0.,0.,1.));
#16243 = ORIENTED_EDGE('',*,*,#14671,.F.);
#16244 = ORIENTED_EDGE('',*,*,#16238,.F.);
#16245 = CYLINDRICAL_SURFACE('',#16246,0.4);
#16246 = AXIS2_PLACEMENT_3D('',#16247,#16248,#16249);
#16247 = CARTESIAN_POINT('',(139.74,-102.31,-4.6E-02));
#16248 = DIRECTION('',(-0.,-0.,-1.));
#16249 = DIRECTION('',(-0.,-1.,0.));
#16250 = ADVANCED_FACE('',(#16251),#16262,.F.);
#16251 = FACE_BOUND('',#16252,.T.);
#16252 = EDGE_LOOP('',(#16253,#16254,#16260,#16261));
#16253 = ORIENTED_EDGE('',*,*,#13333,.T.);
#16254 = ORIENTED_EDGE('',*,*,#16255,.T.);
#16255 = EDGE_CURVE('',#13334,#14683,#16256,.T.);
#16256 = LINE('',#16257,#16258);
#16257 = CARTESIAN_POINT('',(142.24,-102.71,-4.6E-02));
#16258 = VECTOR('',#16259,1.);
#16259 = DIRECTION('',(0.,0.,1.));
#16260 = ORIENTED_EDGE('',*,*,#14682,.F.);
#16261 = ORIENTED_EDGE('',*,*,#16255,.F.);
#16262 = CYLINDRICAL_SURFACE('',#16263,0.4);
#16263 = AXIS2_PLACEMENT_3D('',#16264,#16265,#16266);
#16264 = CARTESIAN_POINT('',(142.24,-102.31,-4.6E-02));
#16265 = DIRECTION('',(-0.,-0.,-1.));
#16266 = DIRECTION('',(-0.,-1.,0.));
#16267 = ADVANCED_FACE('',(#16268),#16279,.F.);
#16268 = FACE_BOUND('',#16269,.T.);
#16269 = EDGE_LOOP('',(#16270,#16271,#16277,#16278));
#16270 = ORIENTED_EDGE('',*,*,#13344,.T.);
#16271 = ORIENTED_EDGE('',*,*,#16272,.T.);
#16272 = EDGE_CURVE('',#13345,#14694,#16273,.T.);
#16273 = LINE('',#16274,#16275);
#16274 = CARTESIAN_POINT('',(146.05,-112.11,-4.6E-02));
#16275 = VECTOR('',#16276,1.);
#16276 = DIRECTION('',(0.,0.,1.));
#16277 = ORIENTED_EDGE('',*,*,#14693,.F.);
#16278 = ORIENTED_EDGE('',*,*,#16272,.F.);
#16279 = CYLINDRICAL_SURFACE('',#16280,0.35);
#16280 = AXIS2_PLACEMENT_3D('',#16281,#16282,#16283);
#16281 = CARTESIAN_POINT('',(146.05,-111.76,-4.6E-02));
#16282 = DIRECTION('',(-0.,-0.,-1.));
#16283 = DIRECTION('',(-0.,-1.,0.));
#16284 = ADVANCED_FACE('',(#16285),#16296,.F.);
#16285 = FACE_BOUND('',#16286,.T.);
#16286 = EDGE_LOOP('',(#16287,#16288,#16294,#16295));
#16287 = ORIENTED_EDGE('',*,*,#13355,.T.);
#16288 = ORIENTED_EDGE('',*,*,#16289,.T.);
#16289 = EDGE_CURVE('',#13356,#14705,#16290,.T.);
#16290 = LINE('',#16291,#16292);
#16291 = CARTESIAN_POINT('',(148.59,-112.11,-4.6E-02));
#16292 = VECTOR('',#16293,1.);
#16293 = DIRECTION('',(0.,0.,1.));
#16294 = ORIENTED_EDGE('',*,*,#14704,.F.);
#16295 = ORIENTED_EDGE('',*,*,#16289,.F.);
#16296 = CYLINDRICAL_SURFACE('',#16297,0.35);
#16297 = AXIS2_PLACEMENT_3D('',#16298,#16299,#16300);
#16298 = CARTESIAN_POINT('',(148.59,-111.76,-4.6E-02));
#16299 = DIRECTION('',(-0.,-0.,-1.));
#16300 = DIRECTION('',(-0.,-1.,0.));
#16301 = ADVANCED_FACE('',(#16302),#16313,.F.);
#16302 = FACE_BOUND('',#16303,.T.);
#16303 = EDGE_LOOP('',(#16304,#16305,#16311,#16312));
#16304 = ORIENTED_EDGE('',*,*,#13366,.T.);
#16305 = ORIENTED_EDGE('',*,*,#16306,.T.);
#16306 = EDGE_CURVE('',#13367,#14716,#16307,.T.);
#16307 = LINE('',#16308,#16309);
#16308 = CARTESIAN_POINT('',(146.05,-108.935,-4.6E-02));
#16309 = VECTOR('',#16310,1.);
#16310 = DIRECTION('',(0.,0.,1.));
#16311 = ORIENTED_EDGE('',*,*,#14715,.F.);
#16312 = ORIENTED_EDGE('',*,*,#16306,.F.);
#16313 = CYLINDRICAL_SURFACE('',#16314,0.35);
#16314 = AXIS2_PLACEMENT_3D('',#16315,#16316,#16317);
#16315 = CARTESIAN_POINT('',(146.05,-108.585,-4.6E-02));
#16316 = DIRECTION('',(-0.,-0.,-1.));
#16317 = DIRECTION('',(-0.,-1.,0.));
#16318 = ADVANCED_FACE('',(#16319),#16330,.F.);
#16319 = FACE_BOUND('',#16320,.T.);
#16320 = EDGE_LOOP('',(#16321,#16322,#16328,#16329));
#16321 = ORIENTED_EDGE('',*,*,#13377,.T.);
#16322 = ORIENTED_EDGE('',*,*,#16323,.T.);
#16323 = EDGE_CURVE('',#13378,#14727,#16324,.T.);
#16324 = LINE('',#16325,#16326);
#16325 = CARTESIAN_POINT('',(148.59,-108.935,-4.6E-02));
#16326 = VECTOR('',#16327,1.);
#16327 = DIRECTION('',(0.,0.,1.));
#16328 = ORIENTED_EDGE('',*,*,#14726,.F.);
#16329 = ORIENTED_EDGE('',*,*,#16323,.F.);
#16330 = CYLINDRICAL_SURFACE('',#16331,0.35);
#16331 = AXIS2_PLACEMENT_3D('',#16332,#16333,#16334);
#16332 = CARTESIAN_POINT('',(148.59,-108.585,-4.6E-02));
#16333 = DIRECTION('',(-0.,-0.,-1.));
#16334 = DIRECTION('',(-0.,-1.,0.));
#16335 = ADVANCED_FACE('',(#16336),#16347,.F.);
#16336 = FACE_BOUND('',#16337,.T.);
#16337 = EDGE_LOOP('',(#16338,#16339,#16345,#16346));
#16338 = ORIENTED_EDGE('',*,*,#13388,.T.);
#16339 = ORIENTED_EDGE('',*,*,#16340,.T.);
#16340 = EDGE_CURVE('',#13389,#14738,#16341,.T.);
#16341 = LINE('',#16342,#16343);
#16342 = CARTESIAN_POINT('',(146.05,-105.76,-4.6E-02));
#16343 = VECTOR('',#16344,1.);
#16344 = DIRECTION('',(0.,0.,1.));
#16345 = ORIENTED_EDGE('',*,*,#14737,.F.);
#16346 = ORIENTED_EDGE('',*,*,#16340,.F.);
#16347 = CYLINDRICAL_SURFACE('',#16348,0.35);
#16348 = AXIS2_PLACEMENT_3D('',#16349,#16350,#16351);
#16349 = CARTESIAN_POINT('',(146.05,-105.41,-4.6E-02));
#16350 = DIRECTION('',(-0.,-0.,-1.));
#16351 = DIRECTION('',(-0.,-1.,0.));
#16352 = ADVANCED_FACE('',(#16353),#16364,.F.);
#16353 = FACE_BOUND('',#16354,.T.);
#16354 = EDGE_LOOP('',(#16355,#16356,#16362,#16363));
#16355 = ORIENTED_EDGE('',*,*,#13399,.T.);
#16356 = ORIENTED_EDGE('',*,*,#16357,.T.);
#16357 = EDGE_CURVE('',#13400,#14749,#16358,.T.);
#16358 = LINE('',#16359,#16360);
#16359 = CARTESIAN_POINT('',(148.59,-105.76,-4.6E-02));
#16360 = VECTOR('',#16361,1.);
#16361 = DIRECTION('',(0.,0.,1.));
#16362 = ORIENTED_EDGE('',*,*,#14748,.F.);
#16363 = ORIENTED_EDGE('',*,*,#16357,.F.);
#16364 = CYLINDRICAL_SURFACE('',#16365,0.35);
#16365 = AXIS2_PLACEMENT_3D('',#16366,#16367,#16368);
#16366 = CARTESIAN_POINT('',(148.59,-105.41,-4.6E-02));
#16367 = DIRECTION('',(-0.,-0.,-1.));
#16368 = DIRECTION('',(-0.,-1.,0.));
#16369 = ADVANCED_FACE('',(#16370),#16381,.F.);
#16370 = FACE_BOUND('',#16371,.T.);
#16371 = EDGE_LOOP('',(#16372,#16373,#16379,#16380));
#16372 = ORIENTED_EDGE('',*,*,#13410,.T.);
#16373 = ORIENTED_EDGE('',*,*,#16374,.T.);
#16374 = EDGE_CURVE('',#13411,#14760,#16375,.T.);
#16375 = LINE('',#16376,#16377);
#16376 = CARTESIAN_POINT('',(146.05,-102.585,-4.6E-02));
#16377 = VECTOR('',#16378,1.);
#16378 = DIRECTION('',(0.,0.,1.));
#16379 = ORIENTED_EDGE('',*,*,#14759,.F.);
#16380 = ORIENTED_EDGE('',*,*,#16374,.F.);
#16381 = CYLINDRICAL_SURFACE('',#16382,0.35);
#16382 = AXIS2_PLACEMENT_3D('',#16383,#16384,#16385);
#16383 = CARTESIAN_POINT('',(146.05,-102.235,-4.6E-02));
#16384 = DIRECTION('',(-0.,-0.,-1.));
#16385 = DIRECTION('',(-0.,-1.,0.));
#16386 = ADVANCED_FACE('',(#16387),#16398,.F.);
#16387 = FACE_BOUND('',#16388,.T.);
#16388 = EDGE_LOOP('',(#16389,#16390,#16396,#16397));
#16389 = ORIENTED_EDGE('',*,*,#13421,.T.);
#16390 = ORIENTED_EDGE('',*,*,#16391,.T.);
#16391 = EDGE_CURVE('',#13422,#14771,#16392,.T.);
#16392 = LINE('',#16393,#16394);
#16393 = CARTESIAN_POINT('',(148.59,-102.585,-4.6E-02));
#16394 = VECTOR('',#16395,1.);
#16395 = DIRECTION('',(0.,0.,1.));
#16396 = ORIENTED_EDGE('',*,*,#14770,.F.);
#16397 = ORIENTED_EDGE('',*,*,#16391,.F.);
#16398 = CYLINDRICAL_SURFACE('',#16399,0.35);
#16399 = AXIS2_PLACEMENT_3D('',#16400,#16401,#16402);
#16400 = CARTESIAN_POINT('',(148.59,-102.235,-4.6E-02));
#16401 = DIRECTION('',(-0.,-0.,-1.));
#16402 = DIRECTION('',(-0.,-1.,0.));
#16403 = ADVANCED_FACE('',(#16404),#16415,.F.);
#16404 = FACE_BOUND('',#16405,.T.);
#16405 = EDGE_LOOP('',(#16406,#16407,#16413,#16414));
#16406 = ORIENTED_EDGE('',*,*,#13432,.T.);
#16407 = ORIENTED_EDGE('',*,*,#16408,.T.);
#16408 = EDGE_CURVE('',#13433,#14782,#16409,.T.);
#16409 = LINE('',#16410,#16411);
#16410 = CARTESIAN_POINT('',(75.946,-91.909,-4.6E-02));
#16411 = VECTOR('',#16412,1.);
#16412 = DIRECTION('',(0.,0.,1.));
#16413 = ORIENTED_EDGE('',*,*,#14781,.F.);
#16414 = ORIENTED_EDGE('',*,*,#16408,.F.);
#16415 = CYLINDRICAL_SURFACE('',#16416,0.85);
#16416 = AXIS2_PLACEMENT_3D('',#16417,#16418,#16419);
#16417 = CARTESIAN_POINT('',(75.946,-91.059,-4.6E-02));
#16418 = DIRECTION('',(-0.,-0.,-1.));
#16419 = DIRECTION('',(-0.,-1.,0.));
#16420 = ADVANCED_FACE('',(#16421),#16432,.F.);
#16421 = FACE_BOUND('',#16422,.T.);
#16422 = EDGE_LOOP('',(#16423,#16424,#16430,#16431));
#16423 = ORIENTED_EDGE('',*,*,#13443,.T.);
#16424 = ORIENTED_EDGE('',*,*,#16425,.T.);
#16425 = EDGE_CURVE('',#13444,#14793,#16426,.T.);
#16426 = LINE('',#16427,#16428);
#16427 = CARTESIAN_POINT('',(77.216,-89.269,-4.6E-02));
#16428 = VECTOR('',#16429,1.);
#16429 = DIRECTION('',(0.,0.,1.));
#16430 = ORIENTED_EDGE('',*,*,#14792,.F.);
#16431 = ORIENTED_EDGE('',*,*,#16425,.F.);
#16432 = CYLINDRICAL_SURFACE('',#16433,0.75);
#16433 = AXIS2_PLACEMENT_3D('',#16434,#16435,#16436);
#16434 = CARTESIAN_POINT('',(77.216,-88.519,-4.6E-02));
#16435 = DIRECTION('',(-0.,-0.,-1.));
#16436 = DIRECTION('',(-0.,-1.,0.));
#16437 = ADVANCED_FACE('',(#16438),#16449,.F.);
#16438 = FACE_BOUND('',#16439,.T.);
#16439 = EDGE_LOOP('',(#16440,#16441,#16447,#16448));
#16440 = ORIENTED_EDGE('',*,*,#13454,.T.);
#16441 = ORIENTED_EDGE('',*,*,#16442,.T.);
#16442 = EDGE_CURVE('',#13455,#14804,#16443,.T.);
#16443 = LINE('',#16444,#16445);
#16444 = CARTESIAN_POINT('',(81.026,-93.059,-4.6E-02));
#16445 = VECTOR('',#16446,1.);
#16446 = DIRECTION('',(0.,0.,1.));
#16447 = ORIENTED_EDGE('',*,*,#14803,.F.);
#16448 = ORIENTED_EDGE('',*,*,#16442,.F.);
#16449 = CYLINDRICAL_SURFACE('',#16450,2.);
#16450 = AXIS2_PLACEMENT_3D('',#16451,#16452,#16453);
#16451 = CARTESIAN_POINT('',(81.026,-91.059,-4.6E-02));
#16452 = DIRECTION('',(-0.,-0.,-1.));
#16453 = DIRECTION('',(-0.,-1.,0.));
#16454 = ADVANCED_FACE('',(#16455),#16466,.F.);
#16455 = FACE_BOUND('',#16456,.T.);
#16456 = EDGE_LOOP('',(#16457,#16458,#16464,#16465));
#16457 = ORIENTED_EDGE('',*,*,#13465,.T.);
#16458 = ORIENTED_EDGE('',*,*,#16459,.T.);
#16459 = EDGE_CURVE('',#13466,#14815,#16460,.T.);
#16460 = LINE('',#16461,#16462);
#16461 = CARTESIAN_POINT('',(86.106,-91.909,-4.6E-02));
#16462 = VECTOR('',#16463,1.);
#16463 = DIRECTION('',(0.,0.,1.));
#16464 = ORIENTED_EDGE('',*,*,#14814,.F.);
#16465 = ORIENTED_EDGE('',*,*,#16459,.F.);
#16466 = CYLINDRICAL_SURFACE('',#16467,0.85);
#16467 = AXIS2_PLACEMENT_3D('',#16468,#16469,#16470);
#16468 = CARTESIAN_POINT('',(86.106,-91.059,-4.6E-02));
#16469 = DIRECTION('',(-0.,-0.,-1.));
#16470 = DIRECTION('',(-0.,-1.,0.));
#16471 = ADVANCED_FACE('',(#16472),#16483,.F.);
#16472 = FACE_BOUND('',#16473,.T.);
#16473 = EDGE_LOOP('',(#16474,#16475,#16481,#16482));
#16474 = ORIENTED_EDGE('',*,*,#13476,.T.);
#16475 = ORIENTED_EDGE('',*,*,#16476,.T.);
#16476 = EDGE_CURVE('',#13477,#14826,#16477,.T.);
#16477 = LINE('',#16478,#16479);
#16478 = CARTESIAN_POINT('',(94.996,-91.909,-4.6E-02));
#16479 = VECTOR('',#16480,1.);
#16480 = DIRECTION('',(0.,0.,1.));
#16481 = ORIENTED_EDGE('',*,*,#14825,.F.);
#16482 = ORIENTED_EDGE('',*,*,#16476,.F.);
#16483 = CYLINDRICAL_SURFACE('',#16484,0.85);
#16484 = AXIS2_PLACEMENT_3D('',#16485,#16486,#16487);
#16485 = CARTESIAN_POINT('',(94.996,-91.059,-4.6E-02));
#16486 = DIRECTION('',(-0.,-0.,-1.));
#16487 = DIRECTION('',(-1.671865260612E-14,-1.,0.));
#16488 = ADVANCED_FACE('',(#16489),#16500,.F.);
#16489 = FACE_BOUND('',#16490,.T.);
#16490 = EDGE_LOOP('',(#16491,#16492,#16498,#16499));
#16491 = ORIENTED_EDGE('',*,*,#13487,.T.);
#16492 = ORIENTED_EDGE('',*,*,#16493,.T.);
#16493 = EDGE_CURVE('',#13488,#14837,#16494,.T.);
#16494 = LINE('',#16495,#16496);
#16495 = CARTESIAN_POINT('',(96.266,-89.269,-4.6E-02));
#16496 = VECTOR('',#16497,1.);
#16497 = DIRECTION('',(0.,0.,1.));
#16498 = ORIENTED_EDGE('',*,*,#14836,.F.);
#16499 = ORIENTED_EDGE('',*,*,#16493,.F.);
#16500 = CYLINDRICAL_SURFACE('',#16501,0.75);
#16501 = AXIS2_PLACEMENT_3D('',#16502,#16503,#16504);
#16502 = CARTESIAN_POINT('',(96.266,-88.519,-4.6E-02));
#16503 = DIRECTION('',(-0.,-0.,-1.));
#16504 = DIRECTION('',(-0.,-1.,0.));
#16505 = ADVANCED_FACE('',(#16506),#16517,.F.);
#16506 = FACE_BOUND('',#16507,.T.);
#16507 = EDGE_LOOP('',(#16508,#16509,#16515,#16516));
#16508 = ORIENTED_EDGE('',*,*,#13498,.T.);
#16509 = ORIENTED_EDGE('',*,*,#16510,.T.);
#16510 = EDGE_CURVE('',#13499,#14848,#16511,.T.);
#16511 = LINE('',#16512,#16513);
#16512 = CARTESIAN_POINT('',(83.566,-86.729,-4.6E-02));
#16513 = VECTOR('',#16514,1.);
#16514 = DIRECTION('',(0.,0.,1.));
#16515 = ORIENTED_EDGE('',*,*,#14847,.F.);
#16516 = ORIENTED_EDGE('',*,*,#16510,.F.);
#16517 = CYLINDRICAL_SURFACE('',#16518,0.75);
#16518 = AXIS2_PLACEMENT_3D('',#16519,#16520,#16521);
#16519 = CARTESIAN_POINT('',(83.566,-85.979,-4.6E-02));
#16520 = DIRECTION('',(-0.,-0.,-1.));
#16521 = DIRECTION('',(-0.,-1.,0.));
#16522 = ADVANCED_FACE('',(#16523),#16534,.F.);
#16523 = FACE_BOUND('',#16524,.T.);
#16524 = EDGE_LOOP('',(#16525,#16526,#16532,#16533));
#16525 = ORIENTED_EDGE('',*,*,#13509,.T.);
#16526 = ORIENTED_EDGE('',*,*,#16527,.T.);
#16527 = EDGE_CURVE('',#13510,#14859,#16528,.T.);
#16528 = LINE('',#16529,#16530);
#16529 = CARTESIAN_POINT('',(100.076,-93.059,-4.6E-02));
#16530 = VECTOR('',#16531,1.);
#16531 = DIRECTION('',(0.,0.,1.));
#16532 = ORIENTED_EDGE('',*,*,#14858,.F.);
#16533 = ORIENTED_EDGE('',*,*,#16527,.F.);
#16534 = CYLINDRICAL_SURFACE('',#16535,2.);
#16535 = AXIS2_PLACEMENT_3D('',#16536,#16537,#16538);
#16536 = CARTESIAN_POINT('',(100.076,-91.059,-4.6E-02));
#16537 = DIRECTION('',(-0.,-0.,-1.));
#16538 = DIRECTION('',(-0.,-1.,0.));
#16539 = ADVANCED_FACE('',(#16540),#16551,.F.);
#16540 = FACE_BOUND('',#16541,.T.);
#16541 = EDGE_LOOP('',(#16542,#16543,#16549,#16550));
#16542 = ORIENTED_EDGE('',*,*,#13520,.T.);
#16543 = ORIENTED_EDGE('',*,*,#16544,.T.);
#16544 = EDGE_CURVE('',#13521,#14870,#16545,.T.);
#16545 = LINE('',#16546,#16547);
#16546 = CARTESIAN_POINT('',(105.156,-91.909,-4.6E-02));
#16547 = VECTOR('',#16548,1.);
#16548 = DIRECTION('',(0.,0.,1.));
#16549 = ORIENTED_EDGE('',*,*,#14869,.F.);
#16550 = ORIENTED_EDGE('',*,*,#16544,.F.);
#16551 = CYLINDRICAL_SURFACE('',#16552,0.85);
#16552 = AXIS2_PLACEMENT_3D('',#16553,#16554,#16555);
#16553 = CARTESIAN_POINT('',(105.156,-91.059,-4.6E-02));
#16554 = DIRECTION('',(-0.,-0.,-1.));
#16555 = DIRECTION('',(-0.,-1.,0.));
#16556 = ADVANCED_FACE('',(#16557),#16568,.F.);
#16557 = FACE_BOUND('',#16558,.T.);
#16558 = EDGE_LOOP('',(#16559,#16560,#16566,#16567));
#16559 = ORIENTED_EDGE('',*,*,#13531,.T.);
#16560 = ORIENTED_EDGE('',*,*,#16561,.T.);
#16561 = EDGE_CURVE('',#13532,#14881,#16562,.T.);
#16562 = LINE('',#16563,#16564);
#16563 = CARTESIAN_POINT('',(114.173,-91.909,-4.6E-02));
#16564 = VECTOR('',#16565,1.);
#16565 = DIRECTION('',(0.,0.,1.));
#16566 = ORIENTED_EDGE('',*,*,#14880,.F.);
#16567 = ORIENTED_EDGE('',*,*,#16561,.F.);
#16568 = CYLINDRICAL_SURFACE('',#16569,0.85);
#16569 = AXIS2_PLACEMENT_3D('',#16570,#16571,#16572);
#16570 = CARTESIAN_POINT('',(114.173,-91.059,-4.6E-02));
#16571 = DIRECTION('',(-0.,-0.,-1.));
#16572 = DIRECTION('',(-0.,-1.,0.));
#16573 = ADVANCED_FACE('',(#16574),#16585,.F.);
#16574 = FACE_BOUND('',#16575,.T.);
#16575 = EDGE_LOOP('',(#16576,#16577,#16583,#16584));
#16576 = ORIENTED_EDGE('',*,*,#13542,.T.);
#16577 = ORIENTED_EDGE('',*,*,#16578,.T.);
#16578 = EDGE_CURVE('',#13543,#14892,#16579,.T.);
#16579 = LINE('',#16580,#16581);
#16580 = CARTESIAN_POINT('',(119.253,-93.059,-4.6E-02));
#16581 = VECTOR('',#16582,1.);
#16582 = DIRECTION('',(0.,0.,1.));
#16583 = ORIENTED_EDGE('',*,*,#14891,.F.);
#16584 = ORIENTED_EDGE('',*,*,#16578,.F.);
#16585 = CYLINDRICAL_SURFACE('',#16586,2.);
#16586 = AXIS2_PLACEMENT_3D('',#16587,#16588,#16589);
#16587 = CARTESIAN_POINT('',(119.253,-91.059,-4.6E-02));
#16588 = DIRECTION('',(-0.,-0.,-1.));
#16589 = DIRECTION('',(-0.,-1.,0.));
#16590 = ADVANCED_FACE('',(#16591),#16602,.F.);
#16591 = FACE_BOUND('',#16592,.T.);
#16592 = EDGE_LOOP('',(#16593,#16594,#16600,#16601));
#16593 = ORIENTED_EDGE('',*,*,#13553,.T.);
#16594 = ORIENTED_EDGE('',*,*,#16595,.T.);
#16595 = EDGE_CURVE('',#13554,#14903,#16596,.T.);
#16596 = LINE('',#16597,#16598);
#16597 = CARTESIAN_POINT('',(115.443,-89.269,-4.6E-02));
#16598 = VECTOR('',#16599,1.);
#16599 = DIRECTION('',(0.,0.,1.));
#16600 = ORIENTED_EDGE('',*,*,#14902,.F.);
#16601 = ORIENTED_EDGE('',*,*,#16595,.F.);
#16602 = CYLINDRICAL_SURFACE('',#16603,0.75);
#16603 = AXIS2_PLACEMENT_3D('',#16604,#16605,#16606);
#16604 = CARTESIAN_POINT('',(115.443,-88.519,-4.6E-02));
#16605 = DIRECTION('',(-0.,-0.,-1.));
#16606 = DIRECTION('',(-0.,-1.,0.));
#16607 = ADVANCED_FACE('',(#16608),#16619,.F.);
#16608 = FACE_BOUND('',#16609,.T.);
#16609 = EDGE_LOOP('',(#16610,#16611,#16617,#16618));
#16610 = ORIENTED_EDGE('',*,*,#13564,.T.);
#16611 = ORIENTED_EDGE('',*,*,#16612,.T.);
#16612 = EDGE_CURVE('',#13565,#14914,#16613,.T.);
#16613 = LINE('',#16614,#16615);
#16614 = CARTESIAN_POINT('',(102.616,-86.729,-4.6E-02));
#16615 = VECTOR('',#16616,1.);
#16616 = DIRECTION('',(0.,0.,1.));
#16617 = ORIENTED_EDGE('',*,*,#14913,.F.);
#16618 = ORIENTED_EDGE('',*,*,#16612,.F.);
#16619 = CYLINDRICAL_SURFACE('',#16620,0.75);
#16620 = AXIS2_PLACEMENT_3D('',#16621,#16622,#16623);
#16621 = CARTESIAN_POINT('',(102.616,-85.979,-4.6E-02));
#16622 = DIRECTION('',(-0.,-0.,-1.));
#16623 = DIRECTION('',(-0.,-1.,0.));
#16624 = ADVANCED_FACE('',(#16625),#16636,.F.);
#16625 = FACE_BOUND('',#16626,.T.);
#16626 = EDGE_LOOP('',(#16627,#16628,#16634,#16635));
#16627 = ORIENTED_EDGE('',*,*,#13575,.T.);
#16628 = ORIENTED_EDGE('',*,*,#16629,.T.);
#16629 = EDGE_CURVE('',#13576,#14925,#16630,.T.);
#16630 = LINE('',#16631,#16632);
#16631 = CARTESIAN_POINT('',(78.018,-78.87,-4.6E-02));
#16632 = VECTOR('',#16633,1.);
#16633 = DIRECTION('',(0.,0.,1.));
#16634 = ORIENTED_EDGE('',*,*,#14924,.F.);
#16635 = ORIENTED_EDGE('',*,*,#16629,.F.);
#16636 = CYLINDRICAL_SURFACE('',#16637,0.5);
#16637 = AXIS2_PLACEMENT_3D('',#16638,#16639,#16640);
#16638 = CARTESIAN_POINT('',(78.018,-78.37,-4.6E-02));
#16639 = DIRECTION('',(-0.,-0.,-1.));
#16640 = DIRECTION('',(-0.,-1.,0.));
#16641 = ADVANCED_FACE('',(#16642),#16653,.F.);
#16642 = FACE_BOUND('',#16643,.T.);
#16643 = EDGE_LOOP('',(#16644,#16645,#16651,#16652));
#16644 = ORIENTED_EDGE('',*,*,#13586,.T.);
#16645 = ORIENTED_EDGE('',*,*,#16646,.T.);
#16646 = EDGE_CURVE('',#13587,#14936,#16647,.T.);
#16647 = LINE('',#16648,#16649);
#16648 = CARTESIAN_POINT('',(83.018,-78.87,-4.6E-02));
#16649 = VECTOR('',#16650,1.);
#16650 = DIRECTION('',(0.,0.,1.));
#16651 = ORIENTED_EDGE('',*,*,#14935,.F.);
#16652 = ORIENTED_EDGE('',*,*,#16646,.F.);
#16653 = CYLINDRICAL_SURFACE('',#16654,0.5);
#16654 = AXIS2_PLACEMENT_3D('',#16655,#16656,#16657);
#16655 = CARTESIAN_POINT('',(83.018,-78.37,-4.6E-02));
#16656 = DIRECTION('',(-0.,-0.,-1.));
#16657 = DIRECTION('',(-0.,-1.,0.));
#16658 = ADVANCED_FACE('',(#16659),#16675,.F.);
#16659 = FACE_BOUND('',#16660,.T.);
#16660 = EDGE_LOOP('',(#16661,#16662,#16668,#16669));
#16661 = ORIENTED_EDGE('',*,*,#13597,.T.);
#16662 = ORIENTED_EDGE('',*,*,#16663,.T.);
#16663 = EDGE_CURVE('',#13600,#14949,#16664,.T.);
#16664 = LINE('',#16665,#16666);
#16665 = CARTESIAN_POINT('',(74.168,-72.02,-4.6E-02));
#16666 = VECTOR('',#16667,1.);
#16667 = DIRECTION('',(0.,0.,1.));
#16668 = ORIENTED_EDGE('',*,*,#14946,.F.);
#16669 = ORIENTED_EDGE('',*,*,#16670,.F.);
#16670 = EDGE_CURVE('',#13598,#14947,#16671,.T.);
#16671 = LINE('',#16672,#16673);
#16672 = CARTESIAN_POINT('',(75.668,-72.02,-4.6E-02));
#16673 = VECTOR('',#16674,1.);
#16674 = DIRECTION('',(0.,0.,1.));
#16675 = CYLINDRICAL_SURFACE('',#16676,0.75);
#16676 = AXIS2_PLACEMENT_3D('',#16677,#16678,#16679);
#16677 = CARTESIAN_POINT('',(74.918,-72.02,-4.6E-02));
#16678 = DIRECTION('',(-0.,-0.,-1.));
#16679 = DIRECTION('',(-1.,0.,-0.));
#16680 = ADVANCED_FACE('',(#16681),#16692,.T.);
#16681 = FACE_BOUND('',#16682,.T.);
#16682 = EDGE_LOOP('',(#16683,#16684,#16685,#16686));
#16683 = ORIENTED_EDGE('',*,*,#13625,.T.);
#16684 = ORIENTED_EDGE('',*,*,#16670,.T.);
#16685 = ORIENTED_EDGE('',*,*,#14974,.F.);
#16686 = ORIENTED_EDGE('',*,*,#16687,.F.);
#16687 = EDGE_CURVE('',#13617,#14966,#16688,.T.);
#16688 = LINE('',#16689,#16690);
#16689 = CARTESIAN_POINT('',(75.668,-70.72,-4.6E-02));
#16690 = VECTOR('',#16691,1.);
#16691 = DIRECTION('',(0.,0.,1.));
#16692 = PLANE('',#16693);
#16693 = AXIS2_PLACEMENT_3D('',#16694,#16695,#16696);
#16694 = CARTESIAN_POINT('',(75.668,-72.02,-4.6E-02));
#16695 = DIRECTION('',(-1.,0.,0.));
#16696 = DIRECTION('',(0.,1.,0.));
#16697 = ADVANCED_FACE('',(#16698),#16709,.F.);
#16698 = FACE_BOUND('',#16699,.T.);
#16699 = EDGE_LOOP('',(#16700,#16701,#16702,#16703));
#16700 = ORIENTED_EDGE('',*,*,#13616,.T.);
#16701 = ORIENTED_EDGE('',*,*,#16687,.T.);
#16702 = ORIENTED_EDGE('',*,*,#14965,.F.);
#16703 = ORIENTED_EDGE('',*,*,#16704,.F.);
#16704 = EDGE_CURVE('',#13609,#14958,#16705,.T.);
#16705 = LINE('',#16706,#16707);
#16706 = CARTESIAN_POINT('',(74.168,-70.72,-4.6E-02));
#16707 = VECTOR('',#16708,1.);
#16708 = DIRECTION('',(0.,0.,1.));
#16709 = CYLINDRICAL_SURFACE('',#16710,0.75);
#16710 = AXIS2_PLACEMENT_3D('',#16711,#16712,#16713);
#16711 = CARTESIAN_POINT('',(74.918,-70.72,-4.6E-02));
#16712 = DIRECTION('',(-0.,-0.,-1.));
#16713 = DIRECTION('',(1.,0.,-0.));
#16714 = ADVANCED_FACE('',(#16715),#16721,.T.);
#16715 = FACE_BOUND('',#16716,.T.);
#16716 = EDGE_LOOP('',(#16717,#16718,#16719,#16720));
#16717 = ORIENTED_EDGE('',*,*,#13608,.T.);
#16718 = ORIENTED_EDGE('',*,*,#16704,.T.);
#16719 = ORIENTED_EDGE('',*,*,#14957,.F.);
#16720 = ORIENTED_EDGE('',*,*,#16663,.F.);
#16721 = PLANE('',#16722);
#16722 = AXIS2_PLACEMENT_3D('',#16723,#16724,#16725);
#16723 = CARTESIAN_POINT('',(74.168,-70.72,-4.6E-02));
#16724 = DIRECTION('',(1.,0.,-0.));
#16725 = DIRECTION('',(0.,-1.,0.));
#16726 = ADVANCED_FACE('',(#16727),#16743,.F.);
#16727 = FACE_BOUND('',#16728,.T.);
#16728 = EDGE_LOOP('',(#16729,#16730,#16736,#16737));
#16729 = ORIENTED_EDGE('',*,*,#13633,.T.);
#16730 = ORIENTED_EDGE('',*,*,#16731,.T.);
#16731 = EDGE_CURVE('',#13636,#14985,#16732,.T.);
#16732 = LINE('',#16733,#16734);
#16733 = CARTESIAN_POINT('',(85.368,-72.02,-4.6E-02));
#16734 = VECTOR('',#16735,1.);
#16735 = DIRECTION('',(0.,0.,1.));
#16736 = ORIENTED_EDGE('',*,*,#14982,.F.);
#16737 = ORIENTED_EDGE('',*,*,#16738,.F.);
#16738 = EDGE_CURVE('',#13634,#14983,#16739,.T.);
#16739 = LINE('',#16740,#16741);
#16740 = CARTESIAN_POINT('',(86.868,-72.02,-4.6E-02));
#16741 = VECTOR('',#16742,1.);
#16742 = DIRECTION('',(0.,0.,1.));
#16743 = CYLINDRICAL_SURFACE('',#16744,0.75);
#16744 = AXIS2_PLACEMENT_3D('',#16745,#16746,#16747);
#16745 = CARTESIAN_POINT('',(86.118,-72.02,-4.6E-02));
#16746 = DIRECTION('',(-0.,-0.,-1.));
#16747 = DIRECTION('',(-1.,0.,-0.));
#16748 = ADVANCED_FACE('',(#16749),#16760,.T.);
#16749 = FACE_BOUND('',#16750,.T.);
#16750 = EDGE_LOOP('',(#16751,#16752,#16753,#16754));
#16751 = ORIENTED_EDGE('',*,*,#13661,.T.);
#16752 = ORIENTED_EDGE('',*,*,#16738,.T.);
#16753 = ORIENTED_EDGE('',*,*,#15010,.F.);
#16754 = ORIENTED_EDGE('',*,*,#16755,.F.);
#16755 = EDGE_CURVE('',#13653,#15002,#16756,.T.);
#16756 = LINE('',#16757,#16758);
#16757 = CARTESIAN_POINT('',(86.868,-70.72,-4.6E-02));
#16758 = VECTOR('',#16759,1.);
#16759 = DIRECTION('',(0.,0.,1.));
#16760 = PLANE('',#16761);
#16761 = AXIS2_PLACEMENT_3D('',#16762,#16763,#16764);
#16762 = CARTESIAN_POINT('',(86.868,-72.02,-4.6E-02));
#16763 = DIRECTION('',(-1.,0.,0.));
#16764 = DIRECTION('',(0.,1.,0.));
#16765 = ADVANCED_FACE('',(#16766),#16777,.F.);
#16766 = FACE_BOUND('',#16767,.T.);
#16767 = EDGE_LOOP('',(#16768,#16769,#16770,#16771));
#16768 = ORIENTED_EDGE('',*,*,#13652,.T.);
#16769 = ORIENTED_EDGE('',*,*,#16755,.T.);
#16770 = ORIENTED_EDGE('',*,*,#15001,.F.);
#16771 = ORIENTED_EDGE('',*,*,#16772,.F.);
#16772 = EDGE_CURVE('',#13645,#14994,#16773,.T.);
#16773 = LINE('',#16774,#16775);
#16774 = CARTESIAN_POINT('',(85.368,-70.72,-4.6E-02));
#16775 = VECTOR('',#16776,1.);
#16776 = DIRECTION('',(0.,0.,1.));
#16777 = CYLINDRICAL_SURFACE('',#16778,0.75);
#16778 = AXIS2_PLACEMENT_3D('',#16779,#16780,#16781);
#16779 = CARTESIAN_POINT('',(86.118,-70.72,-4.6E-02));
#16780 = DIRECTION('',(-0.,-0.,-1.));
#16781 = DIRECTION('',(1.,0.,-0.));
#16782 = ADVANCED_FACE('',(#16783),#16789,.T.);
#16783 = FACE_BOUND('',#16784,.T.);
#16784 = EDGE_LOOP('',(#16785,#16786,#16787,#16788));
#16785 = ORIENTED_EDGE('',*,*,#13644,.T.);
#16786 = ORIENTED_EDGE('',*,*,#16772,.T.);
#16787 = ORIENTED_EDGE('',*,*,#14993,.F.);
#16788 = ORIENTED_EDGE('',*,*,#16731,.F.);
#16789 = PLANE('',#16790);
#16790 = AXIS2_PLACEMENT_3D('',#16791,#16792,#16793);
#16791 = CARTESIAN_POINT('',(85.368,-70.72,-4.6E-02));
#16792 = DIRECTION('',(1.,0.,-0.));
#16793 = DIRECTION('',(0.,-1.,0.));
#16794 = ADVANCED_FACE('',(#16795),#16806,.F.);
#16795 = FACE_BOUND('',#16796,.T.);
#16796 = EDGE_LOOP('',(#16797,#16798,#16804,#16805));
#16797 = ORIENTED_EDGE('',*,*,#13669,.T.);
#16798 = ORIENTED_EDGE('',*,*,#16799,.T.);
#16799 = EDGE_CURVE('',#13670,#15019,#16800,.T.);
#16800 = LINE('',#16801,#16802);
#16801 = CARTESIAN_POINT('',(94.996,-72.859,-4.6E-02));
#16802 = VECTOR('',#16803,1.);
#16803 = DIRECTION('',(0.,0.,1.));
#16804 = ORIENTED_EDGE('',*,*,#15018,.F.);
#16805 = ORIENTED_EDGE('',*,*,#16799,.F.);
#16806 = CYLINDRICAL_SURFACE('',#16807,0.85);
#16807 = AXIS2_PLACEMENT_3D('',#16808,#16809,#16810);
#16808 = CARTESIAN_POINT('',(94.996,-72.009,-4.6E-02));
#16809 = DIRECTION('',(-0.,-0.,-1.));
#16810 = DIRECTION('',(-1.671865260612E-14,-1.,0.));
#16811 = ADVANCED_FACE('',(#16812),#16823,.F.);
#16812 = FACE_BOUND('',#16813,.T.);
#16813 = EDGE_LOOP('',(#16814,#16815,#16821,#16822));
#16814 = ORIENTED_EDGE('',*,*,#13680,.T.);
#16815 = ORIENTED_EDGE('',*,*,#16816,.T.);
#16816 = EDGE_CURVE('',#13681,#15030,#16817,.T.);
#16817 = LINE('',#16818,#16819);
#16818 = CARTESIAN_POINT('',(78.018,-64.37,-4.6E-02));
#16819 = VECTOR('',#16820,1.);
#16820 = DIRECTION('',(0.,0.,1.));
#16821 = ORIENTED_EDGE('',*,*,#15029,.F.);
#16822 = ORIENTED_EDGE('',*,*,#16816,.F.);
#16823 = CYLINDRICAL_SURFACE('',#16824,0.5);
#16824 = AXIS2_PLACEMENT_3D('',#16825,#16826,#16827);
#16825 = CARTESIAN_POINT('',(78.018,-63.87,-4.6E-02));
#16826 = DIRECTION('',(-0.,-0.,-1.));
#16827 = DIRECTION('',(-0.,-1.,0.));
#16828 = ADVANCED_FACE('',(#16829),#16840,.F.);
#16829 = FACE_BOUND('',#16830,.T.);
#16830 = EDGE_LOOP('',(#16831,#16832,#16838,#16839));
#16831 = ORIENTED_EDGE('',*,*,#13691,.T.);
#16832 = ORIENTED_EDGE('',*,*,#16833,.T.);
#16833 = EDGE_CURVE('',#13692,#15041,#16834,.T.);
#16834 = LINE('',#16835,#16836);
#16835 = CARTESIAN_POINT('',(80.518,-64.37,-4.6E-02));
#16836 = VECTOR('',#16837,1.);
#16837 = DIRECTION('',(0.,0.,1.));
#16838 = ORIENTED_EDGE('',*,*,#15040,.F.);
#16839 = ORIENTED_EDGE('',*,*,#16833,.F.);
#16840 = CYLINDRICAL_SURFACE('',#16841,0.5);
#16841 = AXIS2_PLACEMENT_3D('',#16842,#16843,#16844);
#16842 = CARTESIAN_POINT('',(80.518,-63.87,-4.6E-02));
#16843 = DIRECTION('',(-0.,-0.,-1.));
#16844 = DIRECTION('',(-0.,-1.,0.));
#16845 = ADVANCED_FACE('',(#16846),#16857,.F.);
#16846 = FACE_BOUND('',#16847,.T.);
#16847 = EDGE_LOOP('',(#16848,#16849,#16855,#16856));
#16848 = ORIENTED_EDGE('',*,*,#13702,.T.);
#16849 = ORIENTED_EDGE('',*,*,#16850,.T.);
#16850 = EDGE_CURVE('',#13703,#15052,#16851,.T.);
#16851 = LINE('',#16852,#16853);
#16852 = CARTESIAN_POINT('',(83.018,-64.37,-4.6E-02));
#16853 = VECTOR('',#16854,1.);
#16854 = DIRECTION('',(0.,0.,1.));
#16855 = ORIENTED_EDGE('',*,*,#15051,.F.);
#16856 = ORIENTED_EDGE('',*,*,#16850,.F.);
#16857 = CYLINDRICAL_SURFACE('',#16858,0.5);
#16858 = AXIS2_PLACEMENT_3D('',#16859,#16860,#16861);
#16859 = CARTESIAN_POINT('',(83.018,-63.87,-4.6E-02));
#16860 = DIRECTION('',(-0.,-0.,-1.));
#16861 = DIRECTION('',(-0.,-1.,0.));
#16862 = ADVANCED_FACE('',(#16863),#16874,.F.);
#16863 = FACE_BOUND('',#16864,.T.);
#16864 = EDGE_LOOP('',(#16865,#16866,#16872,#16873));
#16865 = ORIENTED_EDGE('',*,*,#13713,.T.);
#16866 = ORIENTED_EDGE('',*,*,#16867,.T.);
#16867 = EDGE_CURVE('',#13714,#15063,#16868,.T.);
#16868 = LINE('',#16869,#16870);
#16869 = CARTESIAN_POINT('',(96.266,-70.219,-4.6E-02));
#16870 = VECTOR('',#16871,1.);
#16871 = DIRECTION('',(0.,0.,1.));
#16872 = ORIENTED_EDGE('',*,*,#15062,.F.);
#16873 = ORIENTED_EDGE('',*,*,#16867,.F.);
#16874 = CYLINDRICAL_SURFACE('',#16875,0.75);
#16875 = AXIS2_PLACEMENT_3D('',#16876,#16877,#16878);
#16876 = CARTESIAN_POINT('',(96.266,-69.469,-4.6E-02));
#16877 = DIRECTION('',(-0.,-0.,-1.));
#16878 = DIRECTION('',(-0.,-1.,0.));
#16879 = ADVANCED_FACE('',(#16880),#16891,.F.);
#16880 = FACE_BOUND('',#16881,.T.);
#16881 = EDGE_LOOP('',(#16882,#16883,#16889,#16890));
#16882 = ORIENTED_EDGE('',*,*,#13724,.T.);
#16883 = ORIENTED_EDGE('',*,*,#16884,.T.);
#16884 = EDGE_CURVE('',#13725,#15074,#16885,.T.);
#16885 = LINE('',#16886,#16887);
#16886 = CARTESIAN_POINT('',(100.076,-74.009,-4.6E-02));
#16887 = VECTOR('',#16888,1.);
#16888 = DIRECTION('',(0.,0.,1.));
#16889 = ORIENTED_EDGE('',*,*,#15073,.F.);
#16890 = ORIENTED_EDGE('',*,*,#16884,.F.);
#16891 = CYLINDRICAL_SURFACE('',#16892,2.);
#16892 = AXIS2_PLACEMENT_3D('',#16893,#16894,#16895);
#16893 = CARTESIAN_POINT('',(100.076,-72.009,-4.6E-02));
#16894 = DIRECTION('',(-0.,-0.,-1.));
#16895 = DIRECTION('',(-0.,-1.,0.));
#16896 = ADVANCED_FACE('',(#16897),#16908,.F.);
#16897 = FACE_BOUND('',#16898,.T.);
#16898 = EDGE_LOOP('',(#16899,#16900,#16906,#16907));
#16899 = ORIENTED_EDGE('',*,*,#13735,.T.);
#16900 = ORIENTED_EDGE('',*,*,#16901,.T.);
#16901 = EDGE_CURVE('',#13736,#15085,#16902,.T.);
#16902 = LINE('',#16903,#16904);
#16903 = CARTESIAN_POINT('',(105.156,-72.859,-4.6E-02));
#16904 = VECTOR('',#16905,1.);
#16905 = DIRECTION('',(0.,0.,1.));
#16906 = ORIENTED_EDGE('',*,*,#15084,.F.);
#16907 = ORIENTED_EDGE('',*,*,#16901,.F.);
#16908 = CYLINDRICAL_SURFACE('',#16909,0.85);
#16909 = AXIS2_PLACEMENT_3D('',#16910,#16911,#16912);
#16910 = CARTESIAN_POINT('',(105.156,-72.009,-4.6E-02));
#16911 = DIRECTION('',(-0.,-0.,-1.));
#16912 = DIRECTION('',(-0.,-1.,0.));
#16913 = ADVANCED_FACE('',(#16914),#16925,.F.);
#16914 = FACE_BOUND('',#16915,.T.);
#16915 = EDGE_LOOP('',(#16916,#16917,#16923,#16924));
#16916 = ORIENTED_EDGE('',*,*,#13746,.T.);
#16917 = ORIENTED_EDGE('',*,*,#16918,.T.);
#16918 = EDGE_CURVE('',#13747,#15096,#16919,.T.);
#16919 = LINE('',#16920,#16921);
#16920 = CARTESIAN_POINT('',(117.388,-78.87,-4.6E-02));
#16921 = VECTOR('',#16922,1.);
#16922 = DIRECTION('',(0.,0.,1.));
#16923 = ORIENTED_EDGE('',*,*,#15095,.F.);
#16924 = ORIENTED_EDGE('',*,*,#16918,.F.);
#16925 = CYLINDRICAL_SURFACE('',#16926,0.5);
#16926 = AXIS2_PLACEMENT_3D('',#16927,#16928,#16929);
#16927 = CARTESIAN_POINT('',(117.388,-78.37,-4.6E-02));
#16928 = DIRECTION('',(-0.,-0.,-1.));
#16929 = DIRECTION('',(-0.,-1.,0.));
#16930 = ADVANCED_FACE('',(#16931),#16947,.F.);
#16931 = FACE_BOUND('',#16932,.T.);
#16932 = EDGE_LOOP('',(#16933,#16934,#16940,#16941));
#16933 = ORIENTED_EDGE('',*,*,#13757,.T.);
#16934 = ORIENTED_EDGE('',*,*,#16935,.T.);
#16935 = EDGE_CURVE('',#13760,#15109,#16936,.T.);
#16936 = LINE('',#16937,#16938);
#16937 = CARTESIAN_POINT('',(113.538,-72.02,-4.6E-02));
#16938 = VECTOR('',#16939,1.);
#16939 = DIRECTION('',(0.,0.,1.));
#16940 = ORIENTED_EDGE('',*,*,#15106,.F.);
#16941 = ORIENTED_EDGE('',*,*,#16942,.F.);
#16942 = EDGE_CURVE('',#13758,#15107,#16943,.T.);
#16943 = LINE('',#16944,#16945);
#16944 = CARTESIAN_POINT('',(115.038,-72.02,-4.6E-02));
#16945 = VECTOR('',#16946,1.);
#16946 = DIRECTION('',(0.,0.,1.));
#16947 = CYLINDRICAL_SURFACE('',#16948,0.75);
#16948 = AXIS2_PLACEMENT_3D('',#16949,#16950,#16951);
#16949 = CARTESIAN_POINT('',(114.288,-72.02,-4.6E-02));
#16950 = DIRECTION('',(-0.,-0.,-1.));
#16951 = DIRECTION('',(-1.,0.,-0.));
#16952 = ADVANCED_FACE('',(#16953),#16964,.T.);
#16953 = FACE_BOUND('',#16954,.T.);
#16954 = EDGE_LOOP('',(#16955,#16956,#16957,#16958));
#16955 = ORIENTED_EDGE('',*,*,#13785,.T.);
#16956 = ORIENTED_EDGE('',*,*,#16942,.T.);
#16957 = ORIENTED_EDGE('',*,*,#15134,.F.);
#16958 = ORIENTED_EDGE('',*,*,#16959,.F.);
#16959 = EDGE_CURVE('',#13777,#15126,#16960,.T.);
#16960 = LINE('',#16961,#16962);
#16961 = CARTESIAN_POINT('',(115.038,-70.72,-4.6E-02));
#16962 = VECTOR('',#16963,1.);
#16963 = DIRECTION('',(0.,0.,1.));
#16964 = PLANE('',#16965);
#16965 = AXIS2_PLACEMENT_3D('',#16966,#16967,#16968);
#16966 = CARTESIAN_POINT('',(115.038,-72.02,-4.6E-02));
#16967 = DIRECTION('',(-1.,0.,0.));
#16968 = DIRECTION('',(0.,1.,0.));
#16969 = ADVANCED_FACE('',(#16970),#16981,.F.);
#16970 = FACE_BOUND('',#16971,.T.);
#16971 = EDGE_LOOP('',(#16972,#16973,#16974,#16975));
#16972 = ORIENTED_EDGE('',*,*,#13776,.T.);
#16973 = ORIENTED_EDGE('',*,*,#16959,.T.);
#16974 = ORIENTED_EDGE('',*,*,#15125,.F.);
#16975 = ORIENTED_EDGE('',*,*,#16976,.F.);
#16976 = EDGE_CURVE('',#13769,#15118,#16977,.T.);
#16977 = LINE('',#16978,#16979);
#16978 = CARTESIAN_POINT('',(113.538,-70.72,-4.6E-02));
#16979 = VECTOR('',#16980,1.);
#16980 = DIRECTION('',(0.,0.,1.));
#16981 = CYLINDRICAL_SURFACE('',#16982,0.75);
#16982 = AXIS2_PLACEMENT_3D('',#16983,#16984,#16985);
#16983 = CARTESIAN_POINT('',(114.288,-70.72,-4.6E-02));
#16984 = DIRECTION('',(-0.,-0.,-1.));
#16985 = DIRECTION('',(1.,0.,-0.));
#16986 = ADVANCED_FACE('',(#16987),#16993,.T.);
#16987 = FACE_BOUND('',#16988,.T.);
#16988 = EDGE_LOOP('',(#16989,#16990,#16991,#16992));
#16989 = ORIENTED_EDGE('',*,*,#13768,.T.);
#16990 = ORIENTED_EDGE('',*,*,#16976,.T.);
#16991 = ORIENTED_EDGE('',*,*,#15117,.F.);
#16992 = ORIENTED_EDGE('',*,*,#16935,.F.);
#16993 = PLANE('',#16994);
#16994 = AXIS2_PLACEMENT_3D('',#16995,#16996,#16997);
#16995 = CARTESIAN_POINT('',(113.538,-70.72,-4.6E-02));
#16996 = DIRECTION('',(1.,0.,-0.));
#16997 = DIRECTION('',(0.,-1.,0.));
#16998 = ADVANCED_FACE('',(#16999),#17010,.F.);
#16999 = FACE_BOUND('',#17000,.T.);
#17000 = EDGE_LOOP('',(#17001,#17002,#17008,#17009));
#17001 = ORIENTED_EDGE('',*,*,#13793,.T.);
#17002 = ORIENTED_EDGE('',*,*,#17003,.T.);
#17003 = EDGE_CURVE('',#13794,#15143,#17004,.T.);
#17004 = LINE('',#17005,#17006);
#17005 = CARTESIAN_POINT('',(102.616,-67.679,-4.6E-02));
#17006 = VECTOR('',#17007,1.);
#17007 = DIRECTION('',(0.,0.,1.));
#17008 = ORIENTED_EDGE('',*,*,#15142,.F.);
#17009 = ORIENTED_EDGE('',*,*,#17003,.F.);
#17010 = CYLINDRICAL_SURFACE('',#17011,0.75);
#17011 = AXIS2_PLACEMENT_3D('',#17012,#17013,#17014);
#17012 = CARTESIAN_POINT('',(102.616,-66.929,-4.6E-02));
#17013 = DIRECTION('',(-0.,-0.,-1.));
#17014 = DIRECTION('',(-0.,-1.,0.));
#17015 = ADVANCED_FACE('',(#17016),#17027,.F.);
#17016 = FACE_BOUND('',#17017,.T.);
#17017 = EDGE_LOOP('',(#17018,#17019,#17025,#17026));
#17018 = ORIENTED_EDGE('',*,*,#13804,.T.);
#17019 = ORIENTED_EDGE('',*,*,#17020,.T.);
#17020 = EDGE_CURVE('',#13805,#15154,#17021,.T.);
#17021 = LINE('',#17022,#17023);
#17022 = CARTESIAN_POINT('',(117.388,-64.37,-4.6E-02));
#17023 = VECTOR('',#17024,1.);
#17024 = DIRECTION('',(0.,0.,1.));
#17025 = ORIENTED_EDGE('',*,*,#15153,.F.);
#17026 = ORIENTED_EDGE('',*,*,#17020,.F.);
#17027 = CYLINDRICAL_SURFACE('',#17028,0.5);
#17028 = AXIS2_PLACEMENT_3D('',#17029,#17030,#17031);
#17029 = CARTESIAN_POINT('',(117.388,-63.87,-4.6E-02));
#17030 = DIRECTION('',(-0.,-0.,-1.));
#17031 = DIRECTION('',(-0.,-1.,0.));
#17032 = ADVANCED_FACE('',(#17033),#17044,.F.);
#17033 = FACE_BOUND('',#17034,.T.);
#17034 = EDGE_LOOP('',(#17035,#17036,#17042,#17043));
#17035 = ORIENTED_EDGE('',*,*,#13815,.T.);
#17036 = ORIENTED_EDGE('',*,*,#17037,.T.);
#17037 = EDGE_CURVE('',#13816,#15165,#17038,.T.);
#17038 = LINE('',#17039,#17040);
#17039 = CARTESIAN_POINT('',(119.888,-64.37,-4.6E-02));
#17040 = VECTOR('',#17041,1.);
#17041 = DIRECTION('',(0.,0.,1.));
#17042 = ORIENTED_EDGE('',*,*,#15164,.F.);
#17043 = ORIENTED_EDGE('',*,*,#17037,.F.);
#17044 = CYLINDRICAL_SURFACE('',#17045,0.5);
#17045 = AXIS2_PLACEMENT_3D('',#17046,#17047,#17048);
#17046 = CARTESIAN_POINT('',(119.888,-63.87,-4.6E-02));
#17047 = DIRECTION('',(-0.,-0.,-1.));
#17048 = DIRECTION('',(-0.,-1.,0.));
#17049 = ADVANCED_FACE('',(#17050),#17061,.F.);
#17050 = FACE_BOUND('',#17051,.T.);
#17051 = EDGE_LOOP('',(#17052,#17053,#17059,#17060));
#17052 = ORIENTED_EDGE('',*,*,#13826,.T.);
#17053 = ORIENTED_EDGE('',*,*,#17054,.T.);
#17054 = EDGE_CURVE('',#13827,#15176,#17055,.T.);
#17055 = LINE('',#17056,#17057);
#17056 = CARTESIAN_POINT('',(124.333,-91.909,-4.6E-02));
#17057 = VECTOR('',#17058,1.);
#17058 = DIRECTION('',(0.,0.,1.));
#17059 = ORIENTED_EDGE('',*,*,#15175,.F.);
#17060 = ORIENTED_EDGE('',*,*,#17054,.F.);
#17061 = CYLINDRICAL_SURFACE('',#17062,0.85);
#17062 = AXIS2_PLACEMENT_3D('',#17063,#17064,#17065);
#17063 = CARTESIAN_POINT('',(124.333,-91.059,-4.6E-02));
#17064 = DIRECTION('',(-0.,-0.,-1.));
#17065 = DIRECTION('',(-0.,-1.,0.));
#17066 = ADVANCED_FACE('',(#17067),#17078,.F.);
#17067 = FACE_BOUND('',#17068,.T.);
#17068 = EDGE_LOOP('',(#17069,#17070,#17076,#17077));
#17069 = ORIENTED_EDGE('',*,*,#13837,.T.);
#17070 = ORIENTED_EDGE('',*,*,#17071,.T.);
#17071 = EDGE_CURVE('',#13838,#15187,#17072,.T.);
#17072 = LINE('',#17073,#17074);
#17073 = CARTESIAN_POINT('',(121.793,-86.729,-4.6E-02));
#17074 = VECTOR('',#17075,1.);
#17075 = DIRECTION('',(0.,0.,1.));
#17076 = ORIENTED_EDGE('',*,*,#15186,.F.);
#17077 = ORIENTED_EDGE('',*,*,#17071,.F.);
#17078 = CYLINDRICAL_SURFACE('',#17079,0.75);
#17079 = AXIS2_PLACEMENT_3D('',#17080,#17081,#17082);
#17080 = CARTESIAN_POINT('',(121.793,-85.979,-4.6E-02));
#17081 = DIRECTION('',(-0.,-0.,-1.));
#17082 = DIRECTION('',(-0.,-1.,0.));
#17083 = ADVANCED_FACE('',(#17084),#17095,.F.);
#17084 = FACE_BOUND('',#17085,.T.);
#17085 = EDGE_LOOP('',(#17086,#17087,#17093,#17094));
#17086 = ORIENTED_EDGE('',*,*,#13848,.T.);
#17087 = ORIENTED_EDGE('',*,*,#17088,.T.);
#17088 = EDGE_CURVE('',#13849,#15198,#17089,.T.);
#17089 = LINE('',#17090,#17091);
#17090 = CARTESIAN_POINT('',(160.02,-80.41,-4.6E-02));
#17091 = VECTOR('',#17092,1.);
#17092 = DIRECTION('',(0.,0.,1.));
#17093 = ORIENTED_EDGE('',*,*,#15197,.F.);
#17094 = ORIENTED_EDGE('',*,*,#17088,.F.);
#17095 = CYLINDRICAL_SURFACE('',#17096,0.4);
#17096 = AXIS2_PLACEMENT_3D('',#17097,#17098,#17099);
#17097 = CARTESIAN_POINT('',(160.02,-80.01,-4.6E-02));
#17098 = DIRECTION('',(-0.,0.,-1.));
#17099 = DIRECTION('',(7.105427357601E-14,-1.,-0.));
#17100 = ADVANCED_FACE('',(#17101),#17112,.F.);
#17101 = FACE_BOUND('',#17102,.T.);
#17102 = EDGE_LOOP('',(#17103,#17104,#17110,#17111));
#17103 = ORIENTED_EDGE('',*,*,#13859,.T.);
#17104 = ORIENTED_EDGE('',*,*,#17105,.T.);
#17105 = EDGE_CURVE('',#13860,#15209,#17106,.T.);
#17106 = LINE('',#17107,#17108);
#17107 = CARTESIAN_POINT('',(167.64,-80.41,-4.6E-02));
#17108 = VECTOR('',#17109,1.);
#17109 = DIRECTION('',(0.,0.,1.));
#17110 = ORIENTED_EDGE('',*,*,#15208,.F.);
#17111 = ORIENTED_EDGE('',*,*,#17105,.F.);
#17112 = CYLINDRICAL_SURFACE('',#17113,0.4);
#17113 = AXIS2_PLACEMENT_3D('',#17114,#17115,#17116);
#17114 = CARTESIAN_POINT('',(167.64,-80.01,-4.6E-02));
#17115 = DIRECTION('',(-0.,-0.,-1.));
#17116 = DIRECTION('',(-0.,-1.,0.));
#17117 = ADVANCED_FACE('',(#17118),#17129,.F.);
#17118 = FACE_BOUND('',#17119,.T.);
#17119 = EDGE_LOOP('',(#17120,#17121,#17127,#17128));
#17120 = ORIENTED_EDGE('',*,*,#13870,.T.);
#17121 = ORIENTED_EDGE('',*,*,#17122,.T.);
#17122 = EDGE_CURVE('',#13871,#15220,#17123,.T.);
#17123 = LINE('',#17124,#17125);
#17124 = CARTESIAN_POINT('',(122.388,-78.87,-4.6E-02));
#17125 = VECTOR('',#17126,1.);
#17126 = DIRECTION('',(0.,0.,1.));
#17127 = ORIENTED_EDGE('',*,*,#15219,.F.);
#17128 = ORIENTED_EDGE('',*,*,#17122,.F.);
#17129 = CYLINDRICAL_SURFACE('',#17130,0.5);
#17130 = AXIS2_PLACEMENT_3D('',#17131,#17132,#17133);
#17131 = CARTESIAN_POINT('',(122.388,-78.37,-4.6E-02));
#17132 = DIRECTION('',(-0.,-0.,-1.));
#17133 = DIRECTION('',(-0.,-1.,0.));
#17134 = ADVANCED_FACE('',(#17135),#17151,.F.);
#17135 = FACE_BOUND('',#17136,.T.);
#17136 = EDGE_LOOP('',(#17137,#17138,#17144,#17145));
#17137 = ORIENTED_EDGE('',*,*,#13881,.T.);
#17138 = ORIENTED_EDGE('',*,*,#17139,.T.);
#17139 = EDGE_CURVE('',#13884,#15233,#17140,.T.);
#17140 = LINE('',#17141,#17142);
#17141 = CARTESIAN_POINT('',(124.738,-72.02,-4.6E-02));
#17142 = VECTOR('',#17143,1.);
#17143 = DIRECTION('',(0.,0.,1.));
#17144 = ORIENTED_EDGE('',*,*,#15230,.F.);
#17145 = ORIENTED_EDGE('',*,*,#17146,.F.);
#17146 = EDGE_CURVE('',#13882,#15231,#17147,.T.);
#17147 = LINE('',#17148,#17149);
#17148 = CARTESIAN_POINT('',(126.238,-72.02,-4.6E-02));
#17149 = VECTOR('',#17150,1.);
#17150 = DIRECTION('',(0.,0.,1.));
#17151 = CYLINDRICAL_SURFACE('',#17152,0.75);
#17152 = AXIS2_PLACEMENT_3D('',#17153,#17154,#17155);
#17153 = CARTESIAN_POINT('',(125.488,-72.02,-4.6E-02));
#17154 = DIRECTION('',(-0.,-0.,-1.));
#17155 = DIRECTION('',(-1.,0.,-0.));
#17156 = ADVANCED_FACE('',(#17157),#17168,.T.);
#17157 = FACE_BOUND('',#17158,.T.);
#17158 = EDGE_LOOP('',(#17159,#17160,#17161,#17162));
#17159 = ORIENTED_EDGE('',*,*,#13909,.T.);
#17160 = ORIENTED_EDGE('',*,*,#17146,.T.);
#17161 = ORIENTED_EDGE('',*,*,#15258,.F.);
#17162 = ORIENTED_EDGE('',*,*,#17163,.F.);
#17163 = EDGE_CURVE('',#13901,#15250,#17164,.T.);
#17164 = LINE('',#17165,#17166);
#17165 = CARTESIAN_POINT('',(126.238,-70.72,-4.6E-02));
#17166 = VECTOR('',#17167,1.);
#17167 = DIRECTION('',(0.,0.,1.));
#17168 = PLANE('',#17169);
#17169 = AXIS2_PLACEMENT_3D('',#17170,#17171,#17172);
#17170 = CARTESIAN_POINT('',(126.238,-72.02,-4.6E-02));
#17171 = DIRECTION('',(-1.,0.,0.));
#17172 = DIRECTION('',(0.,1.,0.));
#17173 = ADVANCED_FACE('',(#17174),#17185,.F.);
#17174 = FACE_BOUND('',#17175,.T.);
#17175 = EDGE_LOOP('',(#17176,#17177,#17178,#17179));
#17176 = ORIENTED_EDGE('',*,*,#13900,.T.);
#17177 = ORIENTED_EDGE('',*,*,#17163,.T.);
#17178 = ORIENTED_EDGE('',*,*,#15249,.F.);
#17179 = ORIENTED_EDGE('',*,*,#17180,.F.);
#17180 = EDGE_CURVE('',#13893,#15242,#17181,.T.);
#17181 = LINE('',#17182,#17183);
#17182 = CARTESIAN_POINT('',(124.738,-70.72,-4.6E-02));
#17183 = VECTOR('',#17184,1.);
#17184 = DIRECTION('',(0.,0.,1.));
#17185 = CYLINDRICAL_SURFACE('',#17186,0.75);
#17186 = AXIS2_PLACEMENT_3D('',#17187,#17188,#17189);
#17187 = CARTESIAN_POINT('',(125.488,-70.72,-4.6E-02));
#17188 = DIRECTION('',(-0.,-0.,-1.));
#17189 = DIRECTION('',(1.,0.,-0.));
#17190 = ADVANCED_FACE('',(#17191),#17197,.T.);
#17191 = FACE_BOUND('',#17192,.T.);
#17192 = EDGE_LOOP('',(#17193,#17194,#17195,#17196));
#17193 = ORIENTED_EDGE('',*,*,#13892,.T.);
#17194 = ORIENTED_EDGE('',*,*,#17180,.T.);
#17195 = ORIENTED_EDGE('',*,*,#15241,.F.);
#17196 = ORIENTED_EDGE('',*,*,#17139,.F.);
#17197 = PLANE('',#17198);
#17198 = AXIS2_PLACEMENT_3D('',#17199,#17200,#17201);
#17199 = CARTESIAN_POINT('',(124.738,-70.72,-4.6E-02));
#17200 = DIRECTION('',(1.,0.,-0.));
#17201 = DIRECTION('',(0.,-1.,0.));
#17202 = ADVANCED_FACE('',(#17203),#17214,.F.);
#17203 = FACE_BOUND('',#17204,.T.);
#17204 = EDGE_LOOP('',(#17205,#17206,#17212,#17213));
#17205 = ORIENTED_EDGE('',*,*,#13917,.T.);
#17206 = ORIENTED_EDGE('',*,*,#17207,.T.);
#17207 = EDGE_CURVE('',#13918,#15267,#17208,.T.);
#17208 = LINE('',#17209,#17210);
#17209 = CARTESIAN_POINT('',(137.16,-77.9145,-4.6E-02));
#17210 = VECTOR('',#17211,1.);
#17211 = DIRECTION('',(0.,0.,1.));
#17212 = ORIENTED_EDGE('',*,*,#15266,.F.);
#17213 = ORIENTED_EDGE('',*,*,#17207,.F.);
#17214 = CYLINDRICAL_SURFACE('',#17215,0.4445);
#17215 = AXIS2_PLACEMENT_3D('',#17216,#17217,#17218);
#17216 = CARTESIAN_POINT('',(137.16,-77.47,-4.6E-02));
#17217 = DIRECTION('',(-0.,-0.,-1.));
#17218 = DIRECTION('',(-0.,-1.,0.));
#17219 = ADVANCED_FACE('',(#17220),#17231,.F.);
#17220 = FACE_BOUND('',#17221,.T.);
#17221 = EDGE_LOOP('',(#17222,#17223,#17229,#17230));
#17222 = ORIENTED_EDGE('',*,*,#13928,.T.);
#17223 = ORIENTED_EDGE('',*,*,#17224,.T.);
#17224 = EDGE_CURVE('',#13929,#15278,#17225,.T.);
#17225 = LINE('',#17226,#17227);
#17226 = CARTESIAN_POINT('',(137.16,-75.3745,-4.6E-02));
#17227 = VECTOR('',#17228,1.);
#17228 = DIRECTION('',(0.,0.,1.));
#17229 = ORIENTED_EDGE('',*,*,#15277,.F.);
#17230 = ORIENTED_EDGE('',*,*,#17224,.F.);
#17231 = CYLINDRICAL_SURFACE('',#17232,0.4445);
#17232 = AXIS2_PLACEMENT_3D('',#17233,#17234,#17235);
#17233 = CARTESIAN_POINT('',(137.16,-74.93,-4.6E-02));
#17234 = DIRECTION('',(-0.,-0.,-1.));
#17235 = DIRECTION('',(-0.,-1.,0.));
#17236 = ADVANCED_FACE('',(#17237),#17248,.F.);
#17237 = FACE_BOUND('',#17238,.T.);
#17238 = EDGE_LOOP('',(#17239,#17240,#17246,#17247));
#17239 = ORIENTED_EDGE('',*,*,#13939,.T.);
#17240 = ORIENTED_EDGE('',*,*,#17241,.T.);
#17241 = EDGE_CURVE('',#13940,#15289,#17242,.T.);
#17242 = LINE('',#17243,#17244);
#17243 = CARTESIAN_POINT('',(137.16,-72.8345,-4.6E-02));
#17244 = VECTOR('',#17245,1.);
#17245 = DIRECTION('',(0.,0.,1.));
#17246 = ORIENTED_EDGE('',*,*,#15288,.F.);
#17247 = ORIENTED_EDGE('',*,*,#17241,.F.);
#17248 = CYLINDRICAL_SURFACE('',#17249,0.4445);
#17249 = AXIS2_PLACEMENT_3D('',#17250,#17251,#17252);
#17250 = CARTESIAN_POINT('',(137.16,-72.39,-4.6E-02));
#17251 = DIRECTION('',(-0.,-0.,-1.));
#17252 = DIRECTION('',(-0.,-1.,0.));
#17253 = ADVANCED_FACE('',(#17254),#17265,.F.);
#17254 = FACE_BOUND('',#17255,.T.);
#17255 = EDGE_LOOP('',(#17256,#17257,#17263,#17264));
#17256 = ORIENTED_EDGE('',*,*,#13950,.T.);
#17257 = ORIENTED_EDGE('',*,*,#17258,.T.);
#17258 = EDGE_CURVE('',#13951,#15300,#17259,.T.);
#17259 = LINE('',#17260,#17261);
#17260 = CARTESIAN_POINT('',(122.388,-64.37,-4.6E-02));
#17261 = VECTOR('',#17262,1.);
#17262 = DIRECTION('',(0.,0.,1.));
#17263 = ORIENTED_EDGE('',*,*,#15299,.F.);
#17264 = ORIENTED_EDGE('',*,*,#17258,.F.);
#17265 = CYLINDRICAL_SURFACE('',#17266,0.5);
#17266 = AXIS2_PLACEMENT_3D('',#17267,#17268,#17269);
#17267 = CARTESIAN_POINT('',(122.388,-63.87,-4.6E-02));
#17268 = DIRECTION('',(-0.,-0.,-1.));
#17269 = DIRECTION('',(-0.,-1.,0.));
#17270 = ADVANCED_FACE('',(#17271),#17282,.F.);
#17271 = FACE_BOUND('',#17272,.T.);
#17272 = EDGE_LOOP('',(#17273,#17274,#17280,#17281));
#17273 = ORIENTED_EDGE('',*,*,#13961,.T.);
#17274 = ORIENTED_EDGE('',*,*,#17275,.T.);
#17275 = EDGE_CURVE('',#13962,#15311,#17276,.T.);
#17276 = LINE('',#17277,#17278);
#17277 = CARTESIAN_POINT('',(137.16,-70.2945,-4.6E-02));
#17278 = VECTOR('',#17279,1.);
#17279 = DIRECTION('',(0.,0.,1.));
#17280 = ORIENTED_EDGE('',*,*,#15310,.F.);
#17281 = ORIENTED_EDGE('',*,*,#17275,.F.);
#17282 = CYLINDRICAL_SURFACE('',#17283,0.4445);
#17283 = AXIS2_PLACEMENT_3D('',#17284,#17285,#17286);
#17284 = CARTESIAN_POINT('',(137.16,-69.85,-4.6E-02));
#17285 = DIRECTION('',(-0.,-0.,-1.));
#17286 = DIRECTION('',(-0.,-1.,0.));
#17287 = ADVANCED_FACE('',(#17288),#17299,.F.);
#17288 = FACE_BOUND('',#17289,.T.);
#17289 = EDGE_LOOP('',(#17290,#17291,#17297,#17298));
#17290 = ORIENTED_EDGE('',*,*,#13972,.T.);
#17291 = ORIENTED_EDGE('',*,*,#17292,.T.);
#17292 = EDGE_CURVE('',#13973,#15322,#17293,.T.);
#17293 = LINE('',#17294,#17295);
#17294 = CARTESIAN_POINT('',(137.16,-67.7545,-4.6E-02));
#17295 = VECTOR('',#17296,1.);
#17296 = DIRECTION('',(0.,0.,1.));
#17297 = ORIENTED_EDGE('',*,*,#15321,.F.);
#17298 = ORIENTED_EDGE('',*,*,#17292,.F.);
#17299 = CYLINDRICAL_SURFACE('',#17300,0.4445);
#17300 = AXIS2_PLACEMENT_3D('',#17301,#17302,#17303);
#17301 = CARTESIAN_POINT('',(137.16,-67.31,-4.6E-02));
#17302 = DIRECTION('',(-0.,-0.,-1.));
#17303 = DIRECTION('',(-0.,-1.,0.));
#17304 = ADVANCED_FACE('',(#17305),#17316,.F.);
#17305 = FACE_BOUND('',#17306,.T.);
#17306 = EDGE_LOOP('',(#17307,#17308,#17314,#17315));
#17307 = ORIENTED_EDGE('',*,*,#13983,.T.);
#17308 = ORIENTED_EDGE('',*,*,#17309,.T.);
#17309 = EDGE_CURVE('',#13984,#15333,#17310,.T.);
#17310 = LINE('',#17311,#17312);
#17311 = CARTESIAN_POINT('',(133.35,-65.12,-4.6E-02));
#17312 = VECTOR('',#17313,1.);
#17313 = DIRECTION('',(0.,0.,1.));
#17314 = ORIENTED_EDGE('',*,*,#15332,.F.);
#17315 = ORIENTED_EDGE('',*,*,#17309,.F.);
#17316 = CYLINDRICAL_SURFACE('',#17317,0.35);
#17317 = AXIS2_PLACEMENT_3D('',#17318,#17319,#17320);
#17318 = CARTESIAN_POINT('',(133.35,-64.77,-4.6E-02));
#17319 = DIRECTION('',(-0.,-0.,-1.));
#17320 = DIRECTION('',(-0.,-1.,0.));
#17321 = ADVANCED_FACE('',(#17322),#17333,.F.);
#17322 = FACE_BOUND('',#17323,.T.);
#17323 = EDGE_LOOP('',(#17324,#17325,#17331,#17332));
#17324 = ORIENTED_EDGE('',*,*,#13994,.T.);
#17325 = ORIENTED_EDGE('',*,*,#17326,.T.);
#17326 = EDGE_CURVE('',#13995,#15344,#17327,.T.);
#17327 = LINE('',#17328,#17329);
#17328 = CARTESIAN_POINT('',(137.16,-65.2145,-4.6E-02));
#17329 = VECTOR('',#17330,1.);
#17330 = DIRECTION('',(0.,0.,1.));
#17331 = ORIENTED_EDGE('',*,*,#15343,.F.);
#17332 = ORIENTED_EDGE('',*,*,#17326,.F.);
#17333 = CYLINDRICAL_SURFACE('',#17334,0.4445);
#17334 = AXIS2_PLACEMENT_3D('',#17335,#17336,#17337);
#17335 = CARTESIAN_POINT('',(137.16,-64.77,-4.6E-02));
#17336 = DIRECTION('',(-0.,-0.,-1.));
#17337 = DIRECTION('',(-0.,-1.,0.));
#17338 = ADVANCED_FACE('',(#17339),#17350,.F.);
#17339 = FACE_BOUND('',#17340,.T.);
#17340 = EDGE_LOOP('',(#17341,#17342,#17348,#17349));
#17341 = ORIENTED_EDGE('',*,*,#14005,.T.);
#17342 = ORIENTED_EDGE('',*,*,#17343,.T.);
#17343 = EDGE_CURVE('',#14006,#15355,#17344,.T.);
#17344 = LINE('',#17345,#17346);
#17345 = CARTESIAN_POINT('',(133.35,-62.58,-4.6E-02));
#17346 = VECTOR('',#17347,1.);
#17347 = DIRECTION('',(0.,0.,1.));
#17348 = ORIENTED_EDGE('',*,*,#15354,.F.);
#17349 = ORIENTED_EDGE('',*,*,#17343,.F.);
#17350 = CYLINDRICAL_SURFACE('',#17351,0.35);
#17351 = AXIS2_PLACEMENT_3D('',#17352,#17353,#17354);
#17352 = CARTESIAN_POINT('',(133.35,-62.23,-4.6E-02));
#17353 = DIRECTION('',(-0.,-0.,-1.));
#17354 = DIRECTION('',(-0.,-1.,0.));
#17355 = ADVANCED_FACE('',(#17356),#17367,.F.);
#17356 = FACE_BOUND('',#17357,.T.);
#17357 = EDGE_LOOP('',(#17358,#17359,#17365,#17366));
#17358 = ORIENTED_EDGE('',*,*,#14016,.T.);
#17359 = ORIENTED_EDGE('',*,*,#17360,.T.);
#17360 = EDGE_CURVE('',#14017,#15366,#17361,.T.);
#17361 = LINE('',#17362,#17363);
#17362 = CARTESIAN_POINT('',(137.16,-62.6745,-4.6E-02));
#17363 = VECTOR('',#17364,1.);
#17364 = DIRECTION('',(0.,0.,1.));
#17365 = ORIENTED_EDGE('',*,*,#15365,.F.);
#17366 = ORIENTED_EDGE('',*,*,#17360,.F.);
#17367 = CYLINDRICAL_SURFACE('',#17368,0.4445);
#17368 = AXIS2_PLACEMENT_3D('',#17369,#17370,#17371);
#17369 = CARTESIAN_POINT('',(137.16,-62.23,-4.6E-02));
#17370 = DIRECTION('',(-0.,-0.,-1.));
#17371 = DIRECTION('',(-0.,-1.,0.));
#17372 = ADVANCED_FACE('',(#17373),#17384,.F.);
#17373 = FACE_BOUND('',#17374,.T.);
#17374 = EDGE_LOOP('',(#17375,#17376,#17382,#17383));
#17375 = ORIENTED_EDGE('',*,*,#14027,.T.);
#17376 = ORIENTED_EDGE('',*,*,#17377,.T.);
#17377 = EDGE_CURVE('',#14028,#15377,#17378,.T.);
#17378 = LINE('',#17379,#17380);
#17379 = CARTESIAN_POINT('',(152.4,-77.9145,-4.6E-02));
#17380 = VECTOR('',#17381,1.);
#17381 = DIRECTION('',(0.,0.,1.));
#17382 = ORIENTED_EDGE('',*,*,#15376,.F.);
#17383 = ORIENTED_EDGE('',*,*,#17377,.F.);
#17384 = CYLINDRICAL_SURFACE('',#17385,0.4445);
#17385 = AXIS2_PLACEMENT_3D('',#17386,#17387,#17388);
#17386 = CARTESIAN_POINT('',(152.4,-77.47,-4.6E-02));
#17387 = DIRECTION('',(-0.,-0.,-1.));
#17388 = DIRECTION('',(-0.,-1.,0.));
#17389 = ADVANCED_FACE('',(#17390),#17401,.F.);
#17390 = FACE_BOUND('',#17391,.T.);
#17391 = EDGE_LOOP('',(#17392,#17393,#17399,#17400));
#17392 = ORIENTED_EDGE('',*,*,#14038,.T.);
#17393 = ORIENTED_EDGE('',*,*,#17394,.T.);
#17394 = EDGE_CURVE('',#14039,#15388,#17395,.T.);
#17395 = LINE('',#17396,#17397);
#17396 = CARTESIAN_POINT('',(152.4,-75.3745,-4.6E-02));
#17397 = VECTOR('',#17398,1.);
#17398 = DIRECTION('',(0.,0.,1.));
#17399 = ORIENTED_EDGE('',*,*,#15387,.F.);
#17400 = ORIENTED_EDGE('',*,*,#17394,.F.);
#17401 = CYLINDRICAL_SURFACE('',#17402,0.4445);
#17402 = AXIS2_PLACEMENT_3D('',#17403,#17404,#17405);
#17403 = CARTESIAN_POINT('',(152.4,-74.93,-4.6E-02));
#17404 = DIRECTION('',(-0.,-0.,-1.));
#17405 = DIRECTION('',(-0.,-1.,0.));
#17406 = ADVANCED_FACE('',(#17407),#17418,.F.);
#17407 = FACE_BOUND('',#17408,.T.);
#17408 = EDGE_LOOP('',(#17409,#17410,#17416,#17417));
#17409 = ORIENTED_EDGE('',*,*,#14049,.T.);
#17410 = ORIENTED_EDGE('',*,*,#17411,.T.);
#17411 = EDGE_CURVE('',#14050,#15399,#17412,.T.);
#17412 = LINE('',#17413,#17414);
#17413 = CARTESIAN_POINT('',(152.4,-72.8345,-4.6E-02));
#17414 = VECTOR('',#17415,1.);
#17415 = DIRECTION('',(0.,0.,1.));
#17416 = ORIENTED_EDGE('',*,*,#15398,.F.);
#17417 = ORIENTED_EDGE('',*,*,#17411,.F.);
#17418 = CYLINDRICAL_SURFACE('',#17419,0.4445);
#17419 = AXIS2_PLACEMENT_3D('',#17420,#17421,#17422);
#17420 = CARTESIAN_POINT('',(152.4,-72.39,-4.6E-02));
#17421 = DIRECTION('',(-0.,-0.,-1.));
#17422 = DIRECTION('',(-0.,-1.,0.));
#17423 = ADVANCED_FACE('',(#17424),#17435,.F.);
#17424 = FACE_BOUND('',#17425,.T.);
#17425 = EDGE_LOOP('',(#17426,#17427,#17433,#17434));
#17426 = ORIENTED_EDGE('',*,*,#14060,.T.);
#17427 = ORIENTED_EDGE('',*,*,#17428,.T.);
#17428 = EDGE_CURVE('',#14061,#15410,#17429,.T.);
#17429 = LINE('',#17430,#17431);
#17430 = CARTESIAN_POINT('',(160.02,-77.87,-4.6E-02));
#17431 = VECTOR('',#17432,1.);
#17432 = DIRECTION('',(0.,0.,1.));
#17433 = ORIENTED_EDGE('',*,*,#15409,.F.);
#17434 = ORIENTED_EDGE('',*,*,#17428,.F.);
#17435 = CYLINDRICAL_SURFACE('',#17436,0.4);
#17436 = AXIS2_PLACEMENT_3D('',#17437,#17438,#17439);
#17437 = CARTESIAN_POINT('',(160.02,-77.47,-4.6E-02));
#17438 = DIRECTION('',(-0.,0.,-1.));
#17439 = DIRECTION('',(7.105427357601E-14,-1.,-0.));
#17440 = ADVANCED_FACE('',(#17441),#17452,.F.);
#17441 = FACE_BOUND('',#17442,.T.);
#17442 = EDGE_LOOP('',(#17443,#17444,#17450,#17451));
#17443 = ORIENTED_EDGE('',*,*,#14071,.T.);
#17444 = ORIENTED_EDGE('',*,*,#17445,.T.);
#17445 = EDGE_CURVE('',#14072,#15421,#17446,.T.);
#17446 = LINE('',#17447,#17448);
#17447 = CARTESIAN_POINT('',(160.02,-75.33,-4.6E-02));
#17448 = VECTOR('',#17449,1.);
#17449 = DIRECTION('',(0.,0.,1.));
#17450 = ORIENTED_EDGE('',*,*,#15420,.F.);
#17451 = ORIENTED_EDGE('',*,*,#17445,.F.);
#17452 = CYLINDRICAL_SURFACE('',#17453,0.4);
#17453 = AXIS2_PLACEMENT_3D('',#17454,#17455,#17456);
#17454 = CARTESIAN_POINT('',(160.02,-74.93,-4.6E-02));
#17455 = DIRECTION('',(-0.,0.,-1.));
#17456 = DIRECTION('',(7.105427357601E-14,-1.,-0.));
#17457 = ADVANCED_FACE('',(#17458),#17469,.F.);
#17458 = FACE_BOUND('',#17459,.T.);
#17459 = EDGE_LOOP('',(#17460,#17461,#17467,#17468));
#17460 = ORIENTED_EDGE('',*,*,#14082,.T.);
#17461 = ORIENTED_EDGE('',*,*,#17462,.T.);
#17462 = EDGE_CURVE('',#14083,#15432,#17463,.T.);
#17463 = LINE('',#17464,#17465);
#17464 = CARTESIAN_POINT('',(167.64,-77.87,-4.6E-02));
#17465 = VECTOR('',#17466,1.);
#17466 = DIRECTION('',(0.,0.,1.));
#17467 = ORIENTED_EDGE('',*,*,#15431,.F.);
#17468 = ORIENTED_EDGE('',*,*,#17462,.F.);
#17469 = CYLINDRICAL_SURFACE('',#17470,0.4);
#17470 = AXIS2_PLACEMENT_3D('',#17471,#17472,#17473);
#17471 = CARTESIAN_POINT('',(167.64,-77.47,-4.6E-02));
#17472 = DIRECTION('',(-0.,-0.,-1.));
#17473 = DIRECTION('',(-0.,-1.,0.));
#17474 = ADVANCED_FACE('',(#17475),#17486,.F.);
#17475 = FACE_BOUND('',#17476,.T.);
#17476 = EDGE_LOOP('',(#17477,#17478,#17484,#17485));
#17477 = ORIENTED_EDGE('',*,*,#14093,.T.);
#17478 = ORIENTED_EDGE('',*,*,#17479,.T.);
#17479 = EDGE_CURVE('',#14094,#15443,#17480,.T.);
#17480 = LINE('',#17481,#17482);
#17481 = CARTESIAN_POINT('',(167.64,-75.33,-4.6E-02));
#17482 = VECTOR('',#17483,1.);
#17483 = DIRECTION('',(0.,0.,1.));
#17484 = ORIENTED_EDGE('',*,*,#15442,.F.);
#17485 = ORIENTED_EDGE('',*,*,#17479,.F.);
#17486 = CYLINDRICAL_SURFACE('',#17487,0.4);
#17487 = AXIS2_PLACEMENT_3D('',#17488,#17489,#17490);
#17488 = CARTESIAN_POINT('',(167.64,-74.93,-4.6E-02));
#17489 = DIRECTION('',(-0.,-0.,-1.));
#17490 = DIRECTION('',(-0.,-1.,0.));
#17491 = ADVANCED_FACE('',(#17492),#17503,.F.);
#17492 = FACE_BOUND('',#17493,.T.);
#17493 = EDGE_LOOP('',(#17494,#17495,#17501,#17502));
#17494 = ORIENTED_EDGE('',*,*,#14104,.T.);
#17495 = ORIENTED_EDGE('',*,*,#17496,.T.);
#17496 = EDGE_CURVE('',#14105,#15454,#17497,.T.);
#17497 = LINE('',#17498,#17499);
#17498 = CARTESIAN_POINT('',(160.02,-72.79,-4.6E-02));
#17499 = VECTOR('',#17500,1.);
#17500 = DIRECTION('',(0.,0.,1.));
#17501 = ORIENTED_EDGE('',*,*,#15453,.F.);
#17502 = ORIENTED_EDGE('',*,*,#17496,.F.);
#17503 = CYLINDRICAL_SURFACE('',#17504,0.4);
#17504 = AXIS2_PLACEMENT_3D('',#17505,#17506,#17507);
#17505 = CARTESIAN_POINT('',(160.02,-72.39,-4.6E-02));
#17506 = DIRECTION('',(-0.,0.,-1.));
#17507 = DIRECTION('',(7.105427357601E-14,-1.,-0.));
#17508 = ADVANCED_FACE('',(#17509),#17520,.F.);
#17509 = FACE_BOUND('',#17510,.T.);
#17510 = EDGE_LOOP('',(#17511,#17512,#17518,#17519));
#17511 = ORIENTED_EDGE('',*,*,#14115,.T.);
#17512 = ORIENTED_EDGE('',*,*,#17513,.T.);
#17513 = EDGE_CURVE('',#14116,#15465,#17514,.T.);
#17514 = LINE('',#17515,#17516);
#17515 = CARTESIAN_POINT('',(167.64,-72.79,-4.6E-02));
#17516 = VECTOR('',#17517,1.);
#17517 = DIRECTION('',(0.,0.,1.));
#17518 = ORIENTED_EDGE('',*,*,#15464,.F.);
#17519 = ORIENTED_EDGE('',*,*,#17513,.F.);
#17520 = CYLINDRICAL_SURFACE('',#17521,0.4);
#17521 = AXIS2_PLACEMENT_3D('',#17522,#17523,#17524);
#17522 = CARTESIAN_POINT('',(167.64,-72.39,-4.6E-02));
#17523 = DIRECTION('',(-0.,-0.,-1.));
#17524 = DIRECTION('',(-0.,-1.,0.));
#17525 = ADVANCED_FACE('',(#17526),#17537,.F.);
#17526 = FACE_BOUND('',#17527,.T.);
#17527 = EDGE_LOOP('',(#17528,#17529,#17535,#17536));
#17528 = ORIENTED_EDGE('',*,*,#14126,.T.);
#17529 = ORIENTED_EDGE('',*,*,#17530,.T.);
#17530 = EDGE_CURVE('',#14127,#15476,#17531,.T.);
#17531 = LINE('',#17532,#17533);
#17532 = CARTESIAN_POINT('',(152.4,-70.2945,-4.6E-02));
#17533 = VECTOR('',#17534,1.);
#17534 = DIRECTION('',(0.,0.,1.));
#17535 = ORIENTED_EDGE('',*,*,#15475,.F.);
#17536 = ORIENTED_EDGE('',*,*,#17530,.F.);
#17537 = CYLINDRICAL_SURFACE('',#17538,0.4445);
#17538 = AXIS2_PLACEMENT_3D('',#17539,#17540,#17541);
#17539 = CARTESIAN_POINT('',(152.4,-69.85,-4.6E-02));
#17540 = DIRECTION('',(-0.,-0.,-1.));
#17541 = DIRECTION('',(-0.,-1.,0.));
#17542 = ADVANCED_FACE('',(#17543),#17554,.F.);
#17543 = FACE_BOUND('',#17544,.T.);
#17544 = EDGE_LOOP('',(#17545,#17546,#17552,#17553));
#17545 = ORIENTED_EDGE('',*,*,#14137,.T.);
#17546 = ORIENTED_EDGE('',*,*,#17547,.T.);
#17547 = EDGE_CURVE('',#14138,#15487,#17548,.T.);
#17548 = LINE('',#17549,#17550);
#17549 = CARTESIAN_POINT('',(152.4,-67.7545,-4.6E-02));
#17550 = VECTOR('',#17551,1.);
#17551 = DIRECTION('',(0.,0.,1.));
#17552 = ORIENTED_EDGE('',*,*,#15486,.F.);
#17553 = ORIENTED_EDGE('',*,*,#17547,.F.);
#17554 = CYLINDRICAL_SURFACE('',#17555,0.4445);
#17555 = AXIS2_PLACEMENT_3D('',#17556,#17557,#17558);
#17556 = CARTESIAN_POINT('',(152.4,-67.31,-4.6E-02));
#17557 = DIRECTION('',(-0.,-0.,-1.));
#17558 = DIRECTION('',(-0.,-1.,0.));
#17559 = ADVANCED_FACE('',(#17560),#17571,.F.);
#17560 = FACE_BOUND('',#17561,.T.);
#17561 = EDGE_LOOP('',(#17562,#17563,#17569,#17570));
#17562 = ORIENTED_EDGE('',*,*,#14148,.T.);
#17563 = ORIENTED_EDGE('',*,*,#17564,.T.);
#17564 = EDGE_CURVE('',#14149,#15498,#17565,.T.);
#17565 = LINE('',#17566,#17567);
#17566 = CARTESIAN_POINT('',(152.4,-65.2145,-4.6E-02));
#17567 = VECTOR('',#17568,1.);
#17568 = DIRECTION('',(0.,0.,1.));
#17569 = ORIENTED_EDGE('',*,*,#15497,.F.);
#17570 = ORIENTED_EDGE('',*,*,#17564,.F.);
#17571 = CYLINDRICAL_SURFACE('',#17572,0.4445);
#17572 = AXIS2_PLACEMENT_3D('',#17573,#17574,#17575);
#17573 = CARTESIAN_POINT('',(152.4,-64.77,-4.6E-02));
#17574 = DIRECTION('',(-0.,-0.,-1.));
#17575 = DIRECTION('',(-0.,-1.,0.));
#17576 = ADVANCED_FACE('',(#17577),#17588,.F.);
#17577 = FACE_BOUND('',#17578,.T.);
#17578 = EDGE_LOOP('',(#17579,#17580,#17586,#17587));
#17579 = ORIENTED_EDGE('',*,*,#14159,.T.);
#17580 = ORIENTED_EDGE('',*,*,#17581,.T.);
#17581 = EDGE_CURVE('',#14160,#15509,#17582,.T.);
#17582 = LINE('',#17583,#17584);
#17583 = CARTESIAN_POINT('',(152.4,-62.6745,-4.6E-02));
#17584 = VECTOR('',#17585,1.);
#17585 = DIRECTION('',(0.,0.,1.));
#17586 = ORIENTED_EDGE('',*,*,#15508,.F.);
#17587 = ORIENTED_EDGE('',*,*,#17581,.F.);
#17588 = CYLINDRICAL_SURFACE('',#17589,0.4445);
#17589 = AXIS2_PLACEMENT_3D('',#17590,#17591,#17592);
#17590 = CARTESIAN_POINT('',(152.4,-62.23,-4.6E-02));
#17591 = DIRECTION('',(-0.,-0.,-1.));
#17592 = DIRECTION('',(-0.,-1.,0.));
#17593 = ADVANCED_FACE('',(#17594),#17605,.F.);
#17594 = FACE_BOUND('',#17595,.T.);
#17595 = EDGE_LOOP('',(#17596,#17597,#17603,#17604));
#17596 = ORIENTED_EDGE('',*,*,#14170,.T.);
#17597 = ORIENTED_EDGE('',*,*,#17598,.T.);
#17598 = EDGE_CURVE('',#14171,#15520,#17599,.T.);
#17599 = LINE('',#17600,#17601);
#17600 = CARTESIAN_POINT('',(160.02,-70.25,-4.6E-02));
#17601 = VECTOR('',#17602,1.);
#17602 = DIRECTION('',(0.,0.,1.));
#17603 = ORIENTED_EDGE('',*,*,#15519,.F.);
#17604 = ORIENTED_EDGE('',*,*,#17598,.F.);
#17605 = CYLINDRICAL_SURFACE('',#17606,0.4);
#17606 = AXIS2_PLACEMENT_3D('',#17607,#17608,#17609);
#17607 = CARTESIAN_POINT('',(160.02,-69.85,-4.6E-02));
#17608 = DIRECTION('',(-0.,0.,-1.));
#17609 = DIRECTION('',(7.105427357601E-14,-1.,-0.));
#17610 = ADVANCED_FACE('',(#17611),#17622,.F.);
#17611 = FACE_BOUND('',#17612,.T.);
#17612 = EDGE_LOOP('',(#17613,#17614,#17620,#17621));
#17613 = ORIENTED_EDGE('',*,*,#14181,.T.);
#17614 = ORIENTED_EDGE('',*,*,#17615,.T.);
#17615 = EDGE_CURVE('',#14182,#15531,#17616,.T.);
#17616 = LINE('',#17617,#17618);
#17617 = CARTESIAN_POINT('',(160.02,-67.71,-4.6E-02));
#17618 = VECTOR('',#17619,1.);
#17619 = DIRECTION('',(0.,0.,1.));
#17620 = ORIENTED_EDGE('',*,*,#15530,.F.);
#17621 = ORIENTED_EDGE('',*,*,#17615,.F.);
#17622 = CYLINDRICAL_SURFACE('',#17623,0.4);
#17623 = AXIS2_PLACEMENT_3D('',#17624,#17625,#17626);
#17624 = CARTESIAN_POINT('',(160.02,-67.31,-4.6E-02));
#17625 = DIRECTION('',(-0.,0.,-1.));
#17626 = DIRECTION('',(7.105427357601E-14,-1.,-0.));
#17627 = ADVANCED_FACE('',(#17628),#17639,.F.);
#17628 = FACE_BOUND('',#17629,.T.);
#17629 = EDGE_LOOP('',(#17630,#17631,#17637,#17638));
#17630 = ORIENTED_EDGE('',*,*,#14192,.T.);
#17631 = ORIENTED_EDGE('',*,*,#17632,.T.);
#17632 = EDGE_CURVE('',#14193,#15542,#17633,.T.);
#17633 = LINE('',#17634,#17635);
#17634 = CARTESIAN_POINT('',(167.64,-70.25,-4.6E-02));
#17635 = VECTOR('',#17636,1.);
#17636 = DIRECTION('',(0.,0.,1.));
#17637 = ORIENTED_EDGE('',*,*,#15541,.F.);
#17638 = ORIENTED_EDGE('',*,*,#17632,.F.);
#17639 = CYLINDRICAL_SURFACE('',#17640,0.4);
#17640 = AXIS2_PLACEMENT_3D('',#17641,#17642,#17643);
#17641 = CARTESIAN_POINT('',(167.64,-69.85,-4.6E-02));
#17642 = DIRECTION('',(-0.,-0.,-1.));
#17643 = DIRECTION('',(-0.,-1.,0.));
#17644 = ADVANCED_FACE('',(#17645),#17656,.F.);
#17645 = FACE_BOUND('',#17646,.T.);
#17646 = EDGE_LOOP('',(#17647,#17648,#17654,#17655));
#17647 = ORIENTED_EDGE('',*,*,#14203,.T.);
#17648 = ORIENTED_EDGE('',*,*,#17649,.T.);
#17649 = EDGE_CURVE('',#14204,#15553,#17650,.T.);
#17650 = LINE('',#17651,#17652);
#17651 = CARTESIAN_POINT('',(167.64,-67.71,-4.6E-02));
#17652 = VECTOR('',#17653,1.);
#17653 = DIRECTION('',(0.,0.,1.));
#17654 = ORIENTED_EDGE('',*,*,#15552,.F.);
#17655 = ORIENTED_EDGE('',*,*,#17649,.F.);
#17656 = CYLINDRICAL_SURFACE('',#17657,0.4);
#17657 = AXIS2_PLACEMENT_3D('',#17658,#17659,#17660);
#17658 = CARTESIAN_POINT('',(167.64,-67.31,-4.6E-02));
#17659 = DIRECTION('',(-0.,-0.,-1.));
#17660 = DIRECTION('',(-0.,-1.,0.));
#17661 = ADVANCED_FACE('',(#17662),#17673,.F.);
#17662 = FACE_BOUND('',#17663,.T.);
#17663 = EDGE_LOOP('',(#17664,#17665,#17671,#17672));
#17664 = ORIENTED_EDGE('',*,*,#14214,.T.);
#17665 = ORIENTED_EDGE('',*,*,#17666,.T.);
#17666 = EDGE_CURVE('',#14215,#15564,#17667,.T.);
#17667 = LINE('',#17668,#17669);
#17668 = CARTESIAN_POINT('',(160.02,-65.17,-4.6E-02));
#17669 = VECTOR('',#17670,1.);
#17670 = DIRECTION('',(0.,0.,1.));
#17671 = ORIENTED_EDGE('',*,*,#15563,.F.);
#17672 = ORIENTED_EDGE('',*,*,#17666,.F.);
#17673 = CYLINDRICAL_SURFACE('',#17674,0.4);
#17674 = AXIS2_PLACEMENT_3D('',#17675,#17676,#17677);
#17675 = CARTESIAN_POINT('',(160.02,-64.77,-4.6E-02));
#17676 = DIRECTION('',(-0.,0.,-1.));
#17677 = DIRECTION('',(7.105427357601E-14,-1.,-0.));
#17678 = ADVANCED_FACE('',(#17679),#17690,.F.);
#17679 = FACE_BOUND('',#17680,.T.);
#17680 = EDGE_LOOP('',(#17681,#17682,#17688,#17689));
#17681 = ORIENTED_EDGE('',*,*,#14225,.T.);
#17682 = ORIENTED_EDGE('',*,*,#17683,.T.);
#17683 = EDGE_CURVE('',#14226,#15575,#17684,.T.);
#17684 = LINE('',#17685,#17686);
#17685 = CARTESIAN_POINT('',(160.02,-62.63,-4.6E-02));
#17686 = VECTOR('',#17687,1.);
#17687 = DIRECTION('',(0.,0.,1.));
#17688 = ORIENTED_EDGE('',*,*,#15574,.F.);
#17689 = ORIENTED_EDGE('',*,*,#17683,.F.);
#17690 = CYLINDRICAL_SURFACE('',#17691,0.4);
#17691 = AXIS2_PLACEMENT_3D('',#17692,#17693,#17694);
#17692 = CARTESIAN_POINT('',(160.02,-62.23,-4.6E-02));
#17693 = DIRECTION('',(-0.,0.,-1.));
#17694 = DIRECTION('',(7.105427357601E-14,-1.,-0.));
#17695 = ADVANCED_FACE('',(#17696),#17707,.F.);
#17696 = FACE_BOUND('',#17697,.T.);
#17697 = EDGE_LOOP('',(#17698,#17699,#17705,#17706));
#17698 = ORIENTED_EDGE('',*,*,#14236,.T.);
#17699 = ORIENTED_EDGE('',*,*,#17700,.T.);
#17700 = EDGE_CURVE('',#14237,#15586,#17701,.T.);
#17701 = LINE('',#17702,#17703);
#17702 = CARTESIAN_POINT('',(167.64,-65.17,-4.6E-02));
#17703 = VECTOR('',#17704,1.);
#17704 = DIRECTION('',(0.,0.,1.));
#17705 = ORIENTED_EDGE('',*,*,#15585,.F.);
#17706 = ORIENTED_EDGE('',*,*,#17700,.F.);
#17707 = CYLINDRICAL_SURFACE('',#17708,0.4);
#17708 = AXIS2_PLACEMENT_3D('',#17709,#17710,#17711);
#17709 = CARTESIAN_POINT('',(167.64,-64.77,-4.6E-02));
#17710 = DIRECTION('',(-0.,-0.,-1.));
#17711 = DIRECTION('',(-0.,-1.,0.));
#17712 = ADVANCED_FACE('',(#17713),#17724,.F.);
#17713 = FACE_BOUND('',#17714,.T.);
#17714 = EDGE_LOOP('',(#17715,#17716,#17722,#17723));
#17715 = ORIENTED_EDGE('',*,*,#14247,.T.);
#17716 = ORIENTED_EDGE('',*,*,#17717,.T.);
#17717 = EDGE_CURVE('',#14248,#15597,#17718,.T.);
#17718 = LINE('',#17719,#17720);
#17719 = CARTESIAN_POINT('',(167.64,-62.63,-4.6E-02));
#17720 = VECTOR('',#17721,1.);
#17721 = DIRECTION('',(0.,0.,1.));
#17722 = ORIENTED_EDGE('',*,*,#15596,.F.);
#17723 = ORIENTED_EDGE('',*,*,#17717,.F.);
#17724 = CYLINDRICAL_SURFACE('',#17725,0.4);
#17725 = AXIS2_PLACEMENT_3D('',#17726,#17727,#17728);
#17726 = CARTESIAN_POINT('',(167.64,-62.23,-4.6E-02));
#17727 = DIRECTION('',(-0.,-0.,-1.));
#17728 = DIRECTION('',(-0.,-1.,0.));
#17729 = ( GEOMETRIC_REPRESENTATION_CONTEXT(3) 
GLOBAL_UNCERTAINTY_ASSIGNED_CONTEXT((#17733)) 
GLOBAL_UNIT_ASSIGNED_CONTEXT((#17730,#17731,#17732)) 
REPRESENTATION_CONTEXT('Context #1',
  '3D Context with UNIT and UNCERTAINTY') );
#17730 = ( LENGTH_UNIT() NAMED_UNIT(*) SI_UNIT(.MILLI.,.METRE.) );
#17731 = ( NAMED_UNIT(*) PLANE_ANGLE_UNIT() SI_UNIT($,.RADIAN.) );
#17732 = ( NAMED_UNIT(*) SI_UNIT($,.STERADIAN.) SOLID_ANGLE_UNIT() );
#17733 = UNCERTAINTY_MEASURE_WITH_UNIT(LENGTH_MEASURE(1.E-07),#17730,
  'distance_accuracy_value','confusion accuracy');
#17734 = CONTEXT_DEPENDENT_SHAPE_REPRESENTATION(#17735,#17737);
#17735 = ( REPRESENTATION_RELATIONSHIP('','',#12806,#10) 
REPRESENTATION_RELATIONSHIP_WITH_TRANSFORMATION(#17736) 
SHAPE_REPRESENTATION_RELATIONSHIP() );
#17736 = ITEM_DEFINED_TRANSFORMATION('','',#11,#59);
#17737 = PRODUCT_DEFINITION_SHAPE('Placement','Placement of an item',
  #17738);
#17738 = NEXT_ASSEMBLY_USAGE_OCCURRENCE('12','=>[0:1:1:6]','',#5,#12801,
  $);
#17739 = PRODUCT_RELATED_PRODUCT_CATEGORY('part',$,(#12803));
#17740 = MECHANICAL_DESIGN_GEOMETRIC_PRESENTATION_REPRESENTATION('',(
    #17741),#17729);
#17741 = STYLED_ITEM('color',(#17742),#12807);
#17742 = PRESENTATION_STYLE_ASSIGNMENT((#17743));
#17743 = SURFACE_STYLE_USAGE(.BOTH.,#17744);
#17744 = SURFACE_SIDE_STYLE('',(#17745));
#17745 = SURFACE_STYLE_FILL_AREA(#17746);
#17746 = FILL_AREA_STYLE('',(#17747));
#17747 = FILL_AREA_STYLE_COLOUR('',#17748);
#17748 = COLOUR_RGB('',0.313304153717,0.484529207832,0.410020903123);
#17749 = MECHANICAL_DESIGN_GEOMETRIC_PRESENTATION_REPRESENTATION('',(
    #17750,#17758,#17765,#17772,#17779,#17786,#17793,#17800,#17807,
    #17814,#17821,#17828,#17835,#17842,#17849,#17856,#17863,#17870,
    #17878,#17885,#17892,#17899,#17906,#17913,#17920,#17927,#17934,
    #17941,#17948,#17955,#17962,#17969,#17976,#17983,#17990,#17997,
    #18004,#18011,#18018,#18025,#18032,#18039,#18046,#18053,#18060,
    #18067,#18074,#18081,#18088,#18095,#18102,#18109,#18116,#18123,
    #18130,#18137,#18144,#18151,#18158,#18165,#18172,#18179,#18186,
    #18193,#18200,#18207,#18214,#18221,#18228,#18235,#18242,#18249,
    #18256,#18263,#18270,#18277,#18284,#18291,#18298,#18305,#18312,
    #18319,#18326,#18333,#18340,#18347,#18354,#18361,#18368,#18375,
    #18382,#18389,#18396,#18403,#18410,#18417,#18424,#18431,#18438),
  #3730);
#17750 = STYLED_ITEM('color',(#17751),#1076);
#17751 = PRESENTATION_STYLE_ASSIGNMENT((#17752));
#17752 = SURFACE_STYLE_USAGE(.BOTH.,#17753);
#17753 = SURFACE_SIDE_STYLE('',(#17754));
#17754 = SURFACE_STYLE_FILL_AREA(#17755);
#17755 = FILL_AREA_STYLE('',(#17756));
#17756 = FILL_AREA_STYLE_COLOUR('',#17757);
#17757 = COLOUR_RGB('',0.894999966383,0.890999961016,0.813000030345);
#17758 = STYLED_ITEM('color',(#17759),#1116);
#17759 = PRESENTATION_STYLE_ASSIGNMENT((#17760));
#17760 = SURFACE_STYLE_USAGE(.BOTH.,#17761);
#17761 = SURFACE_SIDE_STYLE('',(#17762));
#17762 = SURFACE_STYLE_FILL_AREA(#17763);
#17763 = FILL_AREA_STYLE('',(#17764));
#17764 = FILL_AREA_STYLE_COLOUR('',#17757);
#17765 = STYLED_ITEM('color',(#17766),#1196);
#17766 = PRESENTATION_STYLE_ASSIGNMENT((#17767));
#17767 = SURFACE_STYLE_USAGE(.BOTH.,#17768);
#17768 = SURFACE_SIDE_STYLE('',(#17769));
#17769 = SURFACE_STYLE_FILL_AREA(#17770);
#17770 = FILL_AREA_STYLE('',(#17771));
#17771 = FILL_AREA_STYLE_COLOUR('',#17757);
#17772 = STYLED_ITEM('color',(#17773),#1276);
#17773 = PRESENTATION_STYLE_ASSIGNMENT((#17774));
#17774 = SURFACE_STYLE_USAGE(.BOTH.,#17775);
#17775 = SURFACE_SIDE_STYLE('',(#17776));
#17776 = SURFACE_STYLE_FILL_AREA(#17777);
#17777 = FILL_AREA_STYLE('',(#17778));
#17778 = FILL_AREA_STYLE_COLOUR('',#17757);
#17779 = STYLED_ITEM('color',(#17780),#1328);
#17780 = PRESENTATION_STYLE_ASSIGNMENT((#17781));
#17781 = SURFACE_STYLE_USAGE(.BOTH.,#17782);
#17782 = SURFACE_SIDE_STYLE('',(#17783));
#17783 = SURFACE_STYLE_FILL_AREA(#17784);
#17784 = FILL_AREA_STYLE('',(#17785));
#17785 = FILL_AREA_STYLE_COLOUR('',#17757);
#17786 = STYLED_ITEM('color',(#17787),#1481);
#17787 = PRESENTATION_STYLE_ASSIGNMENT((#17788));
#17788 = SURFACE_STYLE_USAGE(.BOTH.,#17789);
#17789 = SURFACE_SIDE_STYLE('',(#17790));
#17790 = SURFACE_STYLE_FILL_AREA(#17791);
#17791 = FILL_AREA_STYLE('',(#17792));
#17792 = FILL_AREA_STYLE_COLOUR('',#17757);
#17793 = STYLED_ITEM('color',(#17794),#1503);
#17794 = PRESENTATION_STYLE_ASSIGNMENT((#17795));
#17795 = SURFACE_STYLE_USAGE(.BOTH.,#17796);
#17796 = SURFACE_SIDE_STYLE('',(#17797));
#17797 = SURFACE_STYLE_FILL_AREA(#17798);
#17798 = FILL_AREA_STYLE('',(#17799));
#17799 = FILL_AREA_STYLE_COLOUR('',#17757);
#17800 = STYLED_ITEM('color',(#17801),#1520);
#17801 = PRESENTATION_STYLE_ASSIGNMENT((#17802));
#17802 = SURFACE_STYLE_USAGE(.BOTH.,#17803);
#17803 = SURFACE_SIDE_STYLE('',(#17804));
#17804 = SURFACE_STYLE_FILL_AREA(#17805);
#17805 = FILL_AREA_STYLE('',(#17806));
#17806 = FILL_AREA_STYLE_COLOUR('',#17757);
#17807 = STYLED_ITEM('color',(#17808),#1673);
#17808 = PRESENTATION_STYLE_ASSIGNMENT((#17809));
#17809 = SURFACE_STYLE_USAGE(.BOTH.,#17810);
#17810 = SURFACE_SIDE_STYLE('',(#17811));
#17811 = SURFACE_STYLE_FILL_AREA(#17812);
#17812 = FILL_AREA_STYLE('',(#17813));
#17813 = FILL_AREA_STYLE_COLOUR('',#17757);
#17814 = STYLED_ITEM('color',(#17815),#1685);
#17815 = PRESENTATION_STYLE_ASSIGNMENT((#17816));
#17816 = SURFACE_STYLE_USAGE(.BOTH.,#17817);
#17817 = SURFACE_SIDE_STYLE('',(#17818));
#17818 = SURFACE_STYLE_FILL_AREA(#17819);
#17819 = FILL_AREA_STYLE('',(#17820));
#17820 = FILL_AREA_STYLE_COLOUR('',#17757);
#17821 = STYLED_ITEM('color',(#17822),#1718);
#17822 = PRESENTATION_STYLE_ASSIGNMENT((#17823));
#17823 = SURFACE_STYLE_USAGE(.BOTH.,#17824);
#17824 = SURFACE_SIDE_STYLE('',(#17825));
#17825 = SURFACE_STYLE_FILL_AREA(#17826);
#17826 = FILL_AREA_STYLE('',(#17827));
#17827 = FILL_AREA_STYLE_COLOUR('',#17757);
#17828 = STYLED_ITEM('color',(#17829),#1742);
#17829 = PRESENTATION_STYLE_ASSIGNMENT((#17830));
#17830 = SURFACE_STYLE_USAGE(.BOTH.,#17831);
#17831 = SURFACE_SIDE_STYLE('',(#17832));
#17832 = SURFACE_STYLE_FILL_AREA(#17833);
#17833 = FILL_AREA_STYLE('',(#17834));
#17834 = FILL_AREA_STYLE_COLOUR('',#17757);
#17835 = STYLED_ITEM('color',(#17836),#1768);
#17836 = PRESENTATION_STYLE_ASSIGNMENT((#17837));
#17837 = SURFACE_STYLE_USAGE(.BOTH.,#17838);
#17838 = SURFACE_SIDE_STYLE('',(#17839));
#17839 = SURFACE_STYLE_FILL_AREA(#17840);
#17840 = FILL_AREA_STYLE('',(#17841));
#17841 = FILL_AREA_STYLE_COLOUR('',#17757);
#17842 = STYLED_ITEM('color',(#17843),#1785);
#17843 = PRESENTATION_STYLE_ASSIGNMENT((#17844));
#17844 = SURFACE_STYLE_USAGE(.BOTH.,#17845);
#17845 = SURFACE_SIDE_STYLE('',(#17846));
#17846 = SURFACE_STYLE_FILL_AREA(#17847);
#17847 = FILL_AREA_STYLE('',(#17848));
#17848 = FILL_AREA_STYLE_COLOUR('',#17757);
#17849 = STYLED_ITEM('color',(#17850),#1816);
#17850 = PRESENTATION_STYLE_ASSIGNMENT((#17851));
#17851 = SURFACE_STYLE_USAGE(.BOTH.,#17852);
#17852 = SURFACE_SIDE_STYLE('',(#17853));
#17853 = SURFACE_STYLE_FILL_AREA(#17854);
#17854 = FILL_AREA_STYLE('',(#17855));
#17855 = FILL_AREA_STYLE_COLOUR('',#17757);
#17856 = STYLED_ITEM('color',(#17857),#1841);
#17857 = PRESENTATION_STYLE_ASSIGNMENT((#17858));
#17858 = SURFACE_STYLE_USAGE(.BOTH.,#17859);
#17859 = SURFACE_SIDE_STYLE('',(#17860));
#17860 = SURFACE_STYLE_FILL_AREA(#17861);
#17861 = FILL_AREA_STYLE('',(#17862));
#17862 = FILL_AREA_STYLE_COLOUR('',#17757);
#17863 = STYLED_ITEM('color',(#17864),#1865);
#17864 = PRESENTATION_STYLE_ASSIGNMENT((#17865));
#17865 = SURFACE_STYLE_USAGE(.BOTH.,#17866);
#17866 = SURFACE_SIDE_STYLE('',(#17867));
#17867 = SURFACE_STYLE_FILL_AREA(#17868);
#17868 = FILL_AREA_STYLE('',(#17869));
#17869 = FILL_AREA_STYLE_COLOUR('',#17757);
#17870 = STYLED_ITEM('color',(#17871),#1882);
#17871 = PRESENTATION_STYLE_ASSIGNMENT((#17872));
#17872 = SURFACE_STYLE_USAGE(.BOTH.,#17873);
#17873 = SURFACE_SIDE_STYLE('',(#17874));
#17874 = SURFACE_STYLE_FILL_AREA(#17875);
#17875 = FILL_AREA_STYLE('',(#17876));
#17876 = FILL_AREA_STYLE_COLOUR('',#17877);
#17877 = COLOUR_RGB('',0.859000020776,0.737999965183,0.495999988746);
#17878 = STYLED_ITEM('color',(#17879),#1913);
#17879 = PRESENTATION_STYLE_ASSIGNMENT((#17880));
#17880 = SURFACE_STYLE_USAGE(.BOTH.,#17881);
#17881 = SURFACE_SIDE_STYLE('',(#17882));
#17882 = SURFACE_STYLE_FILL_AREA(#17883);
#17883 = FILL_AREA_STYLE('',(#17884));
#17884 = FILL_AREA_STYLE_COLOUR('',#17877);
#17885 = STYLED_ITEM('color',(#17886),#1937);
#17886 = PRESENTATION_STYLE_ASSIGNMENT((#17887));
#17887 = SURFACE_STYLE_USAGE(.BOTH.,#17888);
#17888 = SURFACE_SIDE_STYLE('',(#17889));
#17889 = SURFACE_STYLE_FILL_AREA(#17890);
#17890 = FILL_AREA_STYLE('',(#17891));
#17891 = FILL_AREA_STYLE_COLOUR('',#17877);
#17892 = STYLED_ITEM('color',(#17893),#1961);
#17893 = PRESENTATION_STYLE_ASSIGNMENT((#17894));
#17894 = SURFACE_STYLE_USAGE(.BOTH.,#17895);
#17895 = SURFACE_SIDE_STYLE('',(#17896));
#17896 = SURFACE_STYLE_FILL_AREA(#17897);
#17897 = FILL_AREA_STYLE('',(#17898));
#17898 = FILL_AREA_STYLE_COLOUR('',#17877);
#17899 = STYLED_ITEM('color',(#17900),#1978);
#17900 = PRESENTATION_STYLE_ASSIGNMENT((#17901));
#17901 = SURFACE_STYLE_USAGE(.BOTH.,#17902);
#17902 = SURFACE_SIDE_STYLE('',(#17903));
#17903 = SURFACE_STYLE_FILL_AREA(#17904);
#17904 = FILL_AREA_STYLE('',(#17905));
#17905 = FILL_AREA_STYLE_COLOUR('',#17877);
#17906 = STYLED_ITEM('color',(#17907),#2009);
#17907 = PRESENTATION_STYLE_ASSIGNMENT((#17908));
#17908 = SURFACE_STYLE_USAGE(.BOTH.,#17909);
#17909 = SURFACE_SIDE_STYLE('',(#17910));
#17910 = SURFACE_STYLE_FILL_AREA(#17911);
#17911 = FILL_AREA_STYLE('',(#17912));
#17912 = FILL_AREA_STYLE_COLOUR('',#17877);
#17913 = STYLED_ITEM('color',(#17914),#2033);
#17914 = PRESENTATION_STYLE_ASSIGNMENT((#17915));
#17915 = SURFACE_STYLE_USAGE(.BOTH.,#17916);
#17916 = SURFACE_SIDE_STYLE('',(#17917));
#17917 = SURFACE_STYLE_FILL_AREA(#17918);
#17918 = FILL_AREA_STYLE('',(#17919));
#17919 = FILL_AREA_STYLE_COLOUR('',#17877);
#17920 = STYLED_ITEM('color',(#17921),#2057);
#17921 = PRESENTATION_STYLE_ASSIGNMENT((#17922));
#17922 = SURFACE_STYLE_USAGE(.BOTH.,#17923);
#17923 = SURFACE_SIDE_STYLE('',(#17924));
#17924 = SURFACE_STYLE_FILL_AREA(#17925);
#17925 = FILL_AREA_STYLE('',(#17926));
#17926 = FILL_AREA_STYLE_COLOUR('',#17877);
#17927 = STYLED_ITEM('color',(#17928),#2074);
#17928 = PRESENTATION_STYLE_ASSIGNMENT((#17929));
#17929 = SURFACE_STYLE_USAGE(.BOTH.,#17930);
#17930 = SURFACE_SIDE_STYLE('',(#17931));
#17931 = SURFACE_STYLE_FILL_AREA(#17932);
#17932 = FILL_AREA_STYLE('',(#17933));
#17933 = FILL_AREA_STYLE_COLOUR('',#17877);
#17934 = STYLED_ITEM('color',(#17935),#2105);
#17935 = PRESENTATION_STYLE_ASSIGNMENT((#17936));
#17936 = SURFACE_STYLE_USAGE(.BOTH.,#17937);
#17937 = SURFACE_SIDE_STYLE('',(#17938));
#17938 = SURFACE_STYLE_FILL_AREA(#17939);
#17939 = FILL_AREA_STYLE('',(#17940));
#17940 = FILL_AREA_STYLE_COLOUR('',#17877);
#17941 = STYLED_ITEM('color',(#17942),#2129);
#17942 = PRESENTATION_STYLE_ASSIGNMENT((#17943));
#17943 = SURFACE_STYLE_USAGE(.BOTH.,#17944);
#17944 = SURFACE_SIDE_STYLE('',(#17945));
#17945 = SURFACE_STYLE_FILL_AREA(#17946);
#17946 = FILL_AREA_STYLE('',(#17947));
#17947 = FILL_AREA_STYLE_COLOUR('',#17877);
#17948 = STYLED_ITEM('color',(#17949),#2153);
#17949 = PRESENTATION_STYLE_ASSIGNMENT((#17950));
#17950 = SURFACE_STYLE_USAGE(.BOTH.,#17951);
#17951 = SURFACE_SIDE_STYLE('',(#17952));
#17952 = SURFACE_STYLE_FILL_AREA(#17953);
#17953 = FILL_AREA_STYLE('',(#17954));
#17954 = FILL_AREA_STYLE_COLOUR('',#17877);
#17955 = STYLED_ITEM('color',(#17956),#2170);
#17956 = PRESENTATION_STYLE_ASSIGNMENT((#17957));
#17957 = SURFACE_STYLE_USAGE(.BOTH.,#17958);
#17958 = SURFACE_SIDE_STYLE('',(#17959));
#17959 = SURFACE_STYLE_FILL_AREA(#17960);
#17960 = FILL_AREA_STYLE('',(#17961));
#17961 = FILL_AREA_STYLE_COLOUR('',#17877);
#17962 = STYLED_ITEM('color',(#17963),#2201);
#17963 = PRESENTATION_STYLE_ASSIGNMENT((#17964));
#17964 = SURFACE_STYLE_USAGE(.BOTH.,#17965);
#17965 = SURFACE_SIDE_STYLE('',(#17966));
#17966 = SURFACE_STYLE_FILL_AREA(#17967);
#17967 = FILL_AREA_STYLE('',(#17968));
#17968 = FILL_AREA_STYLE_COLOUR('',#17877);
#17969 = STYLED_ITEM('color',(#17970),#2225);
#17970 = PRESENTATION_STYLE_ASSIGNMENT((#17971));
#17971 = SURFACE_STYLE_USAGE(.BOTH.,#17972);
#17972 = SURFACE_SIDE_STYLE('',(#17973));
#17973 = SURFACE_STYLE_FILL_AREA(#17974);
#17974 = FILL_AREA_STYLE('',(#17975));
#17975 = FILL_AREA_STYLE_COLOUR('',#17877);
#17976 = STYLED_ITEM('color',(#17977),#2249);
#17977 = PRESENTATION_STYLE_ASSIGNMENT((#17978));
#17978 = SURFACE_STYLE_USAGE(.BOTH.,#17979);
#17979 = SURFACE_SIDE_STYLE('',(#17980));
#17980 = SURFACE_STYLE_FILL_AREA(#17981);
#17981 = FILL_AREA_STYLE('',(#17982));
#17982 = FILL_AREA_STYLE_COLOUR('',#17877);
#17983 = STYLED_ITEM('color',(#17984),#2266);
#17984 = PRESENTATION_STYLE_ASSIGNMENT((#17985));
#17985 = SURFACE_STYLE_USAGE(.BOTH.,#17986);
#17986 = SURFACE_SIDE_STYLE('',(#17987));
#17987 = SURFACE_STYLE_FILL_AREA(#17988);
#17988 = FILL_AREA_STYLE('',(#17989));
#17989 = FILL_AREA_STYLE_COLOUR('',#17877);
#17990 = STYLED_ITEM('color',(#17991),#2297);
#17991 = PRESENTATION_STYLE_ASSIGNMENT((#17992));
#17992 = SURFACE_STYLE_USAGE(.BOTH.,#17993);
#17993 = SURFACE_SIDE_STYLE('',(#17994));
#17994 = SURFACE_STYLE_FILL_AREA(#17995);
#17995 = FILL_AREA_STYLE('',(#17996));
#17996 = FILL_AREA_STYLE_COLOUR('',#17877);
#17997 = STYLED_ITEM('color',(#17998),#2321);
#17998 = PRESENTATION_STYLE_ASSIGNMENT((#17999));
#17999 = SURFACE_STYLE_USAGE(.BOTH.,#18000);
#18000 = SURFACE_SIDE_STYLE('',(#18001));
#18001 = SURFACE_STYLE_FILL_AREA(#18002);
#18002 = FILL_AREA_STYLE('',(#18003));
#18003 = FILL_AREA_STYLE_COLOUR('',#17877);
#18004 = STYLED_ITEM('color',(#18005),#2345);
#18005 = PRESENTATION_STYLE_ASSIGNMENT((#18006));
#18006 = SURFACE_STYLE_USAGE(.BOTH.,#18007);
#18007 = SURFACE_SIDE_STYLE('',(#18008));
#18008 = SURFACE_STYLE_FILL_AREA(#18009);
#18009 = FILL_AREA_STYLE('',(#18010));
#18010 = FILL_AREA_STYLE_COLOUR('',#17877);
#18011 = STYLED_ITEM('color',(#18012),#2362);
#18012 = PRESENTATION_STYLE_ASSIGNMENT((#18013));
#18013 = SURFACE_STYLE_USAGE(.BOTH.,#18014);
#18014 = SURFACE_SIDE_STYLE('',(#18015));
#18015 = SURFACE_STYLE_FILL_AREA(#18016);
#18016 = FILL_AREA_STYLE('',(#18017));
#18017 = FILL_AREA_STYLE_COLOUR('',#17877);
#18018 = STYLED_ITEM('color',(#18019),#2393);
#18019 = PRESENTATION_STYLE_ASSIGNMENT((#18020));
#18020 = SURFACE_STYLE_USAGE(.BOTH.,#18021);
#18021 = SURFACE_SIDE_STYLE('',(#18022));
#18022 = SURFACE_STYLE_FILL_AREA(#18023);
#18023 = FILL_AREA_STYLE('',(#18024));
#18024 = FILL_AREA_STYLE_COLOUR('',#17877);
#18025 = STYLED_ITEM('color',(#18026),#2417);
#18026 = PRESENTATION_STYLE_ASSIGNMENT((#18027));
#18027 = SURFACE_STYLE_USAGE(.BOTH.,#18028);
#18028 = SURFACE_SIDE_STYLE('',(#18029));
#18029 = SURFACE_STYLE_FILL_AREA(#18030);
#18030 = FILL_AREA_STYLE('',(#18031));
#18031 = FILL_AREA_STYLE_COLOUR('',#17877);
#18032 = STYLED_ITEM('color',(#18033),#2441);
#18033 = PRESENTATION_STYLE_ASSIGNMENT((#18034));
#18034 = SURFACE_STYLE_USAGE(.BOTH.,#18035);
#18035 = SURFACE_SIDE_STYLE('',(#18036));
#18036 = SURFACE_STYLE_FILL_AREA(#18037);
#18037 = FILL_AREA_STYLE('',(#18038));
#18038 = FILL_AREA_STYLE_COLOUR('',#17877);
#18039 = STYLED_ITEM('color',(#18040),#2458);
#18040 = PRESENTATION_STYLE_ASSIGNMENT((#18041));
#18041 = SURFACE_STYLE_USAGE(.BOTH.,#18042);
#18042 = SURFACE_SIDE_STYLE('',(#18043));
#18043 = SURFACE_STYLE_FILL_AREA(#18044);
#18044 = FILL_AREA_STYLE('',(#18045));
#18045 = FILL_AREA_STYLE_COLOUR('',#17877);
#18046 = STYLED_ITEM('color',(#18047),#2489);
#18047 = PRESENTATION_STYLE_ASSIGNMENT((#18048));
#18048 = SURFACE_STYLE_USAGE(.BOTH.,#18049);
#18049 = SURFACE_SIDE_STYLE('',(#18050));
#18050 = SURFACE_STYLE_FILL_AREA(#18051);
#18051 = FILL_AREA_STYLE('',(#18052));
#18052 = FILL_AREA_STYLE_COLOUR('',#17877);
#18053 = STYLED_ITEM('color',(#18054),#2513);
#18054 = PRESENTATION_STYLE_ASSIGNMENT((#18055));
#18055 = SURFACE_STYLE_USAGE(.BOTH.,#18056);
#18056 = SURFACE_SIDE_STYLE('',(#18057));
#18057 = SURFACE_STYLE_FILL_AREA(#18058);
#18058 = FILL_AREA_STYLE('',(#18059));
#18059 = FILL_AREA_STYLE_COLOUR('',#17877);
#18060 = STYLED_ITEM('color',(#18061),#2537);
#18061 = PRESENTATION_STYLE_ASSIGNMENT((#18062));
#18062 = SURFACE_STYLE_USAGE(.BOTH.,#18063);
#18063 = SURFACE_SIDE_STYLE('',(#18064));
#18064 = SURFACE_STYLE_FILL_AREA(#18065);
#18065 = FILL_AREA_STYLE('',(#18066));
#18066 = FILL_AREA_STYLE_COLOUR('',#17877);
#18067 = STYLED_ITEM('color',(#18068),#2554);
#18068 = PRESENTATION_STYLE_ASSIGNMENT((#18069));
#18069 = SURFACE_STYLE_USAGE(.BOTH.,#18070);
#18070 = SURFACE_SIDE_STYLE('',(#18071));
#18071 = SURFACE_STYLE_FILL_AREA(#18072);
#18072 = FILL_AREA_STYLE('',(#18073));
#18073 = FILL_AREA_STYLE_COLOUR('',#17877);
#18074 = STYLED_ITEM('color',(#18075),#2585);
#18075 = PRESENTATION_STYLE_ASSIGNMENT((#18076));
#18076 = SURFACE_STYLE_USAGE(.BOTH.,#18077);
#18077 = SURFACE_SIDE_STYLE('',(#18078));
#18078 = SURFACE_STYLE_FILL_AREA(#18079);
#18079 = FILL_AREA_STYLE('',(#18080));
#18080 = FILL_AREA_STYLE_COLOUR('',#17877);
#18081 = STYLED_ITEM('color',(#18082),#2609);
#18082 = PRESENTATION_STYLE_ASSIGNMENT((#18083));
#18083 = SURFACE_STYLE_USAGE(.BOTH.,#18084);
#18084 = SURFACE_SIDE_STYLE('',(#18085));
#18085 = SURFACE_STYLE_FILL_AREA(#18086);
#18086 = FILL_AREA_STYLE('',(#18087));
#18087 = FILL_AREA_STYLE_COLOUR('',#17877);
#18088 = STYLED_ITEM('color',(#18089),#2633);
#18089 = PRESENTATION_STYLE_ASSIGNMENT((#18090));
#18090 = SURFACE_STYLE_USAGE(.BOTH.,#18091);
#18091 = SURFACE_SIDE_STYLE('',(#18092));
#18092 = SURFACE_STYLE_FILL_AREA(#18093);
#18093 = FILL_AREA_STYLE('',(#18094));
#18094 = FILL_AREA_STYLE_COLOUR('',#17877);
#18095 = STYLED_ITEM('color',(#18096),#2650);
#18096 = PRESENTATION_STYLE_ASSIGNMENT((#18097));
#18097 = SURFACE_STYLE_USAGE(.BOTH.,#18098);
#18098 = SURFACE_SIDE_STYLE('',(#18099));
#18099 = SURFACE_STYLE_FILL_AREA(#18100);
#18100 = FILL_AREA_STYLE('',(#18101));
#18101 = FILL_AREA_STYLE_COLOUR('',#17757);
#18102 = STYLED_ITEM('color',(#18103),#2681);
#18103 = PRESENTATION_STYLE_ASSIGNMENT((#18104));
#18104 = SURFACE_STYLE_USAGE(.BOTH.,#18105);
#18105 = SURFACE_SIDE_STYLE('',(#18106));
#18106 = SURFACE_STYLE_FILL_AREA(#18107);
#18107 = FILL_AREA_STYLE('',(#18108));
#18108 = FILL_AREA_STYLE_COLOUR('',#17757);
#18109 = STYLED_ITEM('color',(#18110),#2713);
#18110 = PRESENTATION_STYLE_ASSIGNMENT((#18111));
#18111 = SURFACE_STYLE_USAGE(.BOTH.,#18112);
#18112 = SURFACE_SIDE_STYLE('',(#18113));
#18113 = SURFACE_STYLE_FILL_AREA(#18114);
#18114 = FILL_AREA_STYLE('',(#18115));
#18115 = FILL_AREA_STYLE_COLOUR('',#17757);
#18116 = STYLED_ITEM('color',(#18117),#2737);
#18117 = PRESENTATION_STYLE_ASSIGNMENT((#18118));
#18118 = SURFACE_STYLE_USAGE(.BOTH.,#18119);
#18119 = SURFACE_SIDE_STYLE('',(#18120));
#18120 = SURFACE_STYLE_FILL_AREA(#18121);
#18121 = FILL_AREA_STYLE('',(#18122));
#18122 = FILL_AREA_STYLE_COLOUR('',#17757);
#18123 = STYLED_ITEM('color',(#18124),#2762);
#18124 = PRESENTATION_STYLE_ASSIGNMENT((#18125));
#18125 = SURFACE_STYLE_USAGE(.BOTH.,#18126);
#18126 = SURFACE_SIDE_STYLE('',(#18127));
#18127 = SURFACE_STYLE_FILL_AREA(#18128);
#18128 = FILL_AREA_STYLE('',(#18129));
#18129 = FILL_AREA_STYLE_COLOUR('',#17757);
#18130 = STYLED_ITEM('color',(#18131),#2774);
#18131 = PRESENTATION_STYLE_ASSIGNMENT((#18132));
#18132 = SURFACE_STYLE_USAGE(.BOTH.,#18133);
#18133 = SURFACE_SIDE_STYLE('',(#18134));
#18134 = SURFACE_STYLE_FILL_AREA(#18135);
#18135 = FILL_AREA_STYLE('',(#18136));
#18136 = FILL_AREA_STYLE_COLOUR('',#17877);
#18137 = STYLED_ITEM('color',(#18138),#2805);
#18138 = PRESENTATION_STYLE_ASSIGNMENT((#18139));
#18139 = SURFACE_STYLE_USAGE(.BOTH.,#18140);
#18140 = SURFACE_SIDE_STYLE('',(#18141));
#18141 = SURFACE_STYLE_FILL_AREA(#18142);
#18142 = FILL_AREA_STYLE('',(#18143));
#18143 = FILL_AREA_STYLE_COLOUR('',#17877);
#18144 = STYLED_ITEM('color',(#18145),#2829);
#18145 = PRESENTATION_STYLE_ASSIGNMENT((#18146));
#18146 = SURFACE_STYLE_USAGE(.BOTH.,#18147);
#18147 = SURFACE_SIDE_STYLE('',(#18148));
#18148 = SURFACE_STYLE_FILL_AREA(#18149);
#18149 = FILL_AREA_STYLE('',(#18150));
#18150 = FILL_AREA_STYLE_COLOUR('',#17877);
#18151 = STYLED_ITEM('color',(#18152),#2853);
#18152 = PRESENTATION_STYLE_ASSIGNMENT((#18153));
#18153 = SURFACE_STYLE_USAGE(.BOTH.,#18154);
#18154 = SURFACE_SIDE_STYLE('',(#18155));
#18155 = SURFACE_STYLE_FILL_AREA(#18156);
#18156 = FILL_AREA_STYLE('',(#18157));
#18157 = FILL_AREA_STYLE_COLOUR('',#17877);
#18158 = STYLED_ITEM('color',(#18159),#2870);
#18159 = PRESENTATION_STYLE_ASSIGNMENT((#18160));
#18160 = SURFACE_STYLE_USAGE(.BOTH.,#18161);
#18161 = SURFACE_SIDE_STYLE('',(#18162));
#18162 = SURFACE_STYLE_FILL_AREA(#18163);
#18163 = FILL_AREA_STYLE('',(#18164));
#18164 = FILL_AREA_STYLE_COLOUR('',#17877);
#18165 = STYLED_ITEM('color',(#18166),#2901);
#18166 = PRESENTATION_STYLE_ASSIGNMENT((#18167));
#18167 = SURFACE_STYLE_USAGE(.BOTH.,#18168);
#18168 = SURFACE_SIDE_STYLE('',(#18169));
#18169 = SURFACE_STYLE_FILL_AREA(#18170);
#18170 = FILL_AREA_STYLE('',(#18171));
#18171 = FILL_AREA_STYLE_COLOUR('',#17877);
#18172 = STYLED_ITEM('color',(#18173),#2925);
#18173 = PRESENTATION_STYLE_ASSIGNMENT((#18174));
#18174 = SURFACE_STYLE_USAGE(.BOTH.,#18175);
#18175 = SURFACE_SIDE_STYLE('',(#18176));
#18176 = SURFACE_STYLE_FILL_AREA(#18177);
#18177 = FILL_AREA_STYLE('',(#18178));
#18178 = FILL_AREA_STYLE_COLOUR('',#17877);
#18179 = STYLED_ITEM('color',(#18180),#2949);
#18180 = PRESENTATION_STYLE_ASSIGNMENT((#18181));
#18181 = SURFACE_STYLE_USAGE(.BOTH.,#18182);
#18182 = SURFACE_SIDE_STYLE('',(#18183));
#18183 = SURFACE_STYLE_FILL_AREA(#18184);
#18184 = FILL_AREA_STYLE('',(#18185));
#18185 = FILL_AREA_STYLE_COLOUR('',#17877);
#18186 = STYLED_ITEM('color',(#18187),#2966);
#18187 = PRESENTATION_STYLE_ASSIGNMENT((#18188));
#18188 = SURFACE_STYLE_USAGE(.BOTH.,#18189);
#18189 = SURFACE_SIDE_STYLE('',(#18190));
#18190 = SURFACE_STYLE_FILL_AREA(#18191);
#18191 = FILL_AREA_STYLE('',(#18192));
#18192 = FILL_AREA_STYLE_COLOUR('',#17877);
#18193 = STYLED_ITEM('color',(#18194),#2997);
#18194 = PRESENTATION_STYLE_ASSIGNMENT((#18195));
#18195 = SURFACE_STYLE_USAGE(.BOTH.,#18196);
#18196 = SURFACE_SIDE_STYLE('',(#18197));
#18197 = SURFACE_STYLE_FILL_AREA(#18198);
#18198 = FILL_AREA_STYLE('',(#18199));
#18199 = FILL_AREA_STYLE_COLOUR('',#17877);
#18200 = STYLED_ITEM('color',(#18201),#3021);
#18201 = PRESENTATION_STYLE_ASSIGNMENT((#18202));
#18202 = SURFACE_STYLE_USAGE(.BOTH.,#18203);
#18203 = SURFACE_SIDE_STYLE('',(#18204));
#18204 = SURFACE_STYLE_FILL_AREA(#18205);
#18205 = FILL_AREA_STYLE('',(#18206));
#18206 = FILL_AREA_STYLE_COLOUR('',#17877);
#18207 = STYLED_ITEM('color',(#18208),#3045);
#18208 = PRESENTATION_STYLE_ASSIGNMENT((#18209));
#18209 = SURFACE_STYLE_USAGE(.BOTH.,#18210);
#18210 = SURFACE_SIDE_STYLE('',(#18211));
#18211 = SURFACE_STYLE_FILL_AREA(#18212);
#18212 = FILL_AREA_STYLE('',(#18213));
#18213 = FILL_AREA_STYLE_COLOUR('',#17877);
#18214 = STYLED_ITEM('color',(#18215),#3062);
#18215 = PRESENTATION_STYLE_ASSIGNMENT((#18216));
#18216 = SURFACE_STYLE_USAGE(.BOTH.,#18217);
#18217 = SURFACE_SIDE_STYLE('',(#18218));
#18218 = SURFACE_STYLE_FILL_AREA(#18219);
#18219 = FILL_AREA_STYLE('',(#18220));
#18220 = FILL_AREA_STYLE_COLOUR('',#17877);
#18221 = STYLED_ITEM('color',(#18222),#3093);
#18222 = PRESENTATION_STYLE_ASSIGNMENT((#18223));
#18223 = SURFACE_STYLE_USAGE(.BOTH.,#18224);
#18224 = SURFACE_SIDE_STYLE('',(#18225));
#18225 = SURFACE_STYLE_FILL_AREA(#18226);
#18226 = FILL_AREA_STYLE('',(#18227));
#18227 = FILL_AREA_STYLE_COLOUR('',#17877);
#18228 = STYLED_ITEM('color',(#18229),#3117);
#18229 = PRESENTATION_STYLE_ASSIGNMENT((#18230));
#18230 = SURFACE_STYLE_USAGE(.BOTH.,#18231);
#18231 = SURFACE_SIDE_STYLE('',(#18232));
#18232 = SURFACE_STYLE_FILL_AREA(#18233);
#18233 = FILL_AREA_STYLE('',(#18234));
#18234 = FILL_AREA_STYLE_COLOUR('',#17877);
#18235 = STYLED_ITEM('color',(#18236),#3141);
#18236 = PRESENTATION_STYLE_ASSIGNMENT((#18237));
#18237 = SURFACE_STYLE_USAGE(.BOTH.,#18238);
#18238 = SURFACE_SIDE_STYLE('',(#18239));
#18239 = SURFACE_STYLE_FILL_AREA(#18240);
#18240 = FILL_AREA_STYLE('',(#18241));
#18241 = FILL_AREA_STYLE_COLOUR('',#17877);
#18242 = STYLED_ITEM('color',(#18243),#3158);
#18243 = PRESENTATION_STYLE_ASSIGNMENT((#18244));
#18244 = SURFACE_STYLE_USAGE(.BOTH.,#18245);
#18245 = SURFACE_SIDE_STYLE('',(#18246));
#18246 = SURFACE_STYLE_FILL_AREA(#18247);
#18247 = FILL_AREA_STYLE('',(#18248));
#18248 = FILL_AREA_STYLE_COLOUR('',#17877);
#18249 = STYLED_ITEM('color',(#18250),#3189);
#18250 = PRESENTATION_STYLE_ASSIGNMENT((#18251));
#18251 = SURFACE_STYLE_USAGE(.BOTH.,#18252);
#18252 = SURFACE_SIDE_STYLE('',(#18253));
#18253 = SURFACE_STYLE_FILL_AREA(#18254);
#18254 = FILL_AREA_STYLE('',(#18255));
#18255 = FILL_AREA_STYLE_COLOUR('',#17877);
#18256 = STYLED_ITEM('color',(#18257),#3213);
#18257 = PRESENTATION_STYLE_ASSIGNMENT((#18258));
#18258 = SURFACE_STYLE_USAGE(.BOTH.,#18259);
#18259 = SURFACE_SIDE_STYLE('',(#18260));
#18260 = SURFACE_STYLE_FILL_AREA(#18261);
#18261 = FILL_AREA_STYLE('',(#18262));
#18262 = FILL_AREA_STYLE_COLOUR('',#17877);
#18263 = STYLED_ITEM('color',(#18264),#3237);
#18264 = PRESENTATION_STYLE_ASSIGNMENT((#18265));
#18265 = SURFACE_STYLE_USAGE(.BOTH.,#18266);
#18266 = SURFACE_SIDE_STYLE('',(#18267));
#18267 = SURFACE_STYLE_FILL_AREA(#18268);
#18268 = FILL_AREA_STYLE('',(#18269));
#18269 = FILL_AREA_STYLE_COLOUR('',#17877);
#18270 = STYLED_ITEM('color',(#18271),#3254);
#18271 = PRESENTATION_STYLE_ASSIGNMENT((#18272));
#18272 = SURFACE_STYLE_USAGE(.BOTH.,#18273);
#18273 = SURFACE_SIDE_STYLE('',(#18274));
#18274 = SURFACE_STYLE_FILL_AREA(#18275);
#18275 = FILL_AREA_STYLE('',(#18276));
#18276 = FILL_AREA_STYLE_COLOUR('',#17877);
#18277 = STYLED_ITEM('color',(#18278),#3285);
#18278 = PRESENTATION_STYLE_ASSIGNMENT((#18279));
#18279 = SURFACE_STYLE_USAGE(.BOTH.,#18280);
#18280 = SURFACE_SIDE_STYLE('',(#18281));
#18281 = SURFACE_STYLE_FILL_AREA(#18282);
#18282 = FILL_AREA_STYLE('',(#18283));
#18283 = FILL_AREA_STYLE_COLOUR('',#17877);
#18284 = STYLED_ITEM('color',(#18285),#3309);
#18285 = PRESENTATION_STYLE_ASSIGNMENT((#18286));
#18286 = SURFACE_STYLE_USAGE(.BOTH.,#18287);
#18287 = SURFACE_SIDE_STYLE('',(#18288));
#18288 = SURFACE_STYLE_FILL_AREA(#18289);
#18289 = FILL_AREA_STYLE('',(#18290));
#18290 = FILL_AREA_STYLE_COLOUR('',#17877);
#18291 = STYLED_ITEM('color',(#18292),#3333);
#18292 = PRESENTATION_STYLE_ASSIGNMENT((#18293));
#18293 = SURFACE_STYLE_USAGE(.BOTH.,#18294);
#18294 = SURFACE_SIDE_STYLE('',(#18295));
#18295 = SURFACE_STYLE_FILL_AREA(#18296);
#18296 = FILL_AREA_STYLE('',(#18297));
#18297 = FILL_AREA_STYLE_COLOUR('',#17877);
#18298 = STYLED_ITEM('color',(#18299),#3350);
#18299 = PRESENTATION_STYLE_ASSIGNMENT((#18300));
#18300 = SURFACE_STYLE_USAGE(.BOTH.,#18301);
#18301 = SURFACE_SIDE_STYLE('',(#18302));
#18302 = SURFACE_STYLE_FILL_AREA(#18303);
#18303 = FILL_AREA_STYLE('',(#18304));
#18304 = FILL_AREA_STYLE_COLOUR('',#17877);
#18305 = STYLED_ITEM('color',(#18306),#3381);
#18306 = PRESENTATION_STYLE_ASSIGNMENT((#18307));
#18307 = SURFACE_STYLE_USAGE(.BOTH.,#18308);
#18308 = SURFACE_SIDE_STYLE('',(#18309));
#18309 = SURFACE_STYLE_FILL_AREA(#18310);
#18310 = FILL_AREA_STYLE('',(#18311));
#18311 = FILL_AREA_STYLE_COLOUR('',#17877);
#18312 = STYLED_ITEM('color',(#18313),#3405);
#18313 = PRESENTATION_STYLE_ASSIGNMENT((#18314));
#18314 = SURFACE_STYLE_USAGE(.BOTH.,#18315);
#18315 = SURFACE_SIDE_STYLE('',(#18316));
#18316 = SURFACE_STYLE_FILL_AREA(#18317);
#18317 = FILL_AREA_STYLE('',(#18318));
#18318 = FILL_AREA_STYLE_COLOUR('',#17877);
#18319 = STYLED_ITEM('color',(#18320),#3429);
#18320 = PRESENTATION_STYLE_ASSIGNMENT((#18321));
#18321 = SURFACE_STYLE_USAGE(.BOTH.,#18322);
#18322 = SURFACE_SIDE_STYLE('',(#18323));
#18323 = SURFACE_STYLE_FILL_AREA(#18324);
#18324 = FILL_AREA_STYLE('',(#18325));
#18325 = FILL_AREA_STYLE_COLOUR('',#17877);
#18326 = STYLED_ITEM('color',(#18327),#3446);
#18327 = PRESENTATION_STYLE_ASSIGNMENT((#18328));
#18328 = SURFACE_STYLE_USAGE(.BOTH.,#18329);
#18329 = SURFACE_SIDE_STYLE('',(#18330));
#18330 = SURFACE_STYLE_FILL_AREA(#18331);
#18331 = FILL_AREA_STYLE('',(#18332));
#18332 = FILL_AREA_STYLE_COLOUR('',#17877);
#18333 = STYLED_ITEM('color',(#18334),#3477);
#18334 = PRESENTATION_STYLE_ASSIGNMENT((#18335));
#18335 = SURFACE_STYLE_USAGE(.BOTH.,#18336);
#18336 = SURFACE_SIDE_STYLE('',(#18337));
#18337 = SURFACE_STYLE_FILL_AREA(#18338);
#18338 = FILL_AREA_STYLE('',(#18339));
#18339 = FILL_AREA_STYLE_COLOUR('',#17877);
#18340 = STYLED_ITEM('color',(#18341),#3501);
#18341 = PRESENTATION_STYLE_ASSIGNMENT((#18342));
#18342 = SURFACE_STYLE_USAGE(.BOTH.,#18343);
#18343 = SURFACE_SIDE_STYLE('',(#18344));
#18344 = SURFACE_STYLE_FILL_AREA(#18345);
#18345 = FILL_AREA_STYLE('',(#18346));
#18346 = FILL_AREA_STYLE_COLOUR('',#17877);
#18347 = STYLED_ITEM('color',(#18348),#3525);
#18348 = PRESENTATION_STYLE_ASSIGNMENT((#18349));
#18349 = SURFACE_STYLE_USAGE(.BOTH.,#18350);
#18350 = SURFACE_SIDE_STYLE('',(#18351));
#18351 = SURFACE_STYLE_FILL_AREA(#18352);
#18352 = FILL_AREA_STYLE('',(#18353));
#18353 = FILL_AREA_STYLE_COLOUR('',#17877);
#18354 = STYLED_ITEM('color',(#18355),#3542);
#18355 = PRESENTATION_STYLE_ASSIGNMENT((#18356));
#18356 = SURFACE_STYLE_USAGE(.BOTH.,#18357);
#18357 = SURFACE_SIDE_STYLE('',(#18358));
#18358 = SURFACE_STYLE_FILL_AREA(#18359);
#18359 = FILL_AREA_STYLE('',(#18360));
#18360 = FILL_AREA_STYLE_COLOUR('',#17757);
#18361 = STYLED_ITEM('color',(#18362),#3573);
#18362 = PRESENTATION_STYLE_ASSIGNMENT((#18363));
#18363 = SURFACE_STYLE_USAGE(.BOTH.,#18364);
#18364 = SURFACE_SIDE_STYLE('',(#18365));
#18365 = SURFACE_STYLE_FILL_AREA(#18366);
#18366 = FILL_AREA_STYLE('',(#18367));
#18367 = FILL_AREA_STYLE_COLOUR('',#17757);
#18368 = STYLED_ITEM('color',(#18369),#3590);
#18369 = PRESENTATION_STYLE_ASSIGNMENT((#18370));
#18370 = SURFACE_STYLE_USAGE(.BOTH.,#18371);
#18371 = SURFACE_SIDE_STYLE('',(#18372));
#18372 = SURFACE_STYLE_FILL_AREA(#18373);
#18373 = FILL_AREA_STYLE('',(#18374));
#18374 = FILL_AREA_STYLE_COLOUR('',#17757);
#18375 = STYLED_ITEM('color',(#18376),#3606);
#18376 = PRESENTATION_STYLE_ASSIGNMENT((#18377));
#18377 = SURFACE_STYLE_USAGE(.BOTH.,#18378);
#18378 = SURFACE_SIDE_STYLE('',(#18379));
#18379 = SURFACE_STYLE_FILL_AREA(#18380);
#18380 = FILL_AREA_STYLE('',(#18381));
#18381 = FILL_AREA_STYLE_COLOUR('',#17757);
#18382 = STYLED_ITEM('color',(#18383),#3622);
#18383 = PRESENTATION_STYLE_ASSIGNMENT((#18384));
#18384 = SURFACE_STYLE_USAGE(.BOTH.,#18385);
#18385 = SURFACE_SIDE_STYLE('',(#18386));
#18386 = SURFACE_STYLE_FILL_AREA(#18387);
#18387 = FILL_AREA_STYLE('',(#18388));
#18388 = FILL_AREA_STYLE_COLOUR('',#17877);
#18389 = STYLED_ITEM('color',(#18390),#3634);
#18390 = PRESENTATION_STYLE_ASSIGNMENT((#18391));
#18391 = SURFACE_STYLE_USAGE(.BOTH.,#18392);
#18392 = SURFACE_SIDE_STYLE('',(#18393));
#18393 = SURFACE_STYLE_FILL_AREA(#18394);
#18394 = FILL_AREA_STYLE('',(#18395));
#18395 = FILL_AREA_STYLE_COLOUR('',#17877);
#18396 = STYLED_ITEM('color',(#18397),#3646);
#18397 = PRESENTATION_STYLE_ASSIGNMENT((#18398));
#18398 = SURFACE_STYLE_USAGE(.BOTH.,#18399);
#18399 = SURFACE_SIDE_STYLE('',(#18400));
#18400 = SURFACE_STYLE_FILL_AREA(#18401);
#18401 = FILL_AREA_STYLE('',(#18402));
#18402 = FILL_AREA_STYLE_COLOUR('',#17877);
#18403 = STYLED_ITEM('color',(#18404),#3658);
#18404 = PRESENTATION_STYLE_ASSIGNMENT((#18405));
#18405 = SURFACE_STYLE_USAGE(.BOTH.,#18406);
#18406 = SURFACE_SIDE_STYLE('',(#18407));
#18407 = SURFACE_STYLE_FILL_AREA(#18408);
#18408 = FILL_AREA_STYLE('',(#18409));
#18409 = FILL_AREA_STYLE_COLOUR('',#17877);
#18410 = STYLED_ITEM('color',(#18411),#3670);
#18411 = PRESENTATION_STYLE_ASSIGNMENT((#18412));
#18412 = SURFACE_STYLE_USAGE(.BOTH.,#18413);
#18413 = SURFACE_SIDE_STYLE('',(#18414));
#18414 = SURFACE_STYLE_FILL_AREA(#18415);
#18415 = FILL_AREA_STYLE('',(#18416));
#18416 = FILL_AREA_STYLE_COLOUR('',#17877);
#18417 = STYLED_ITEM('color',(#18418),#3682);
#18418 = PRESENTATION_STYLE_ASSIGNMENT((#18419));
#18419 = SURFACE_STYLE_USAGE(.BOTH.,#18420);
#18420 = SURFACE_SIDE_STYLE('',(#18421));
#18421 = SURFACE_STYLE_FILL_AREA(#18422);
#18422 = FILL_AREA_STYLE('',(#18423));
#18423 = FILL_AREA_STYLE_COLOUR('',#17877);
#18424 = STYLED_ITEM('color',(#18425),#3694);
#18425 = PRESENTATION_STYLE_ASSIGNMENT((#18426));
#18426 = SURFACE_STYLE_USAGE(.BOTH.,#18427);
#18427 = SURFACE_SIDE_STYLE('',(#18428));
#18428 = SURFACE_STYLE_FILL_AREA(#18429);
#18429 = FILL_AREA_STYLE('',(#18430));
#18430 = FILL_AREA_STYLE_COLOUR('',#17877);
#18431 = STYLED_ITEM('color',(#18432),#3706);
#18432 = PRESENTATION_STYLE_ASSIGNMENT((#18433));
#18433 = SURFACE_STYLE_USAGE(.BOTH.,#18434);
#18434 = SURFACE_SIDE_STYLE('',(#18435));
#18435 = SURFACE_STYLE_FILL_AREA(#18436);
#18436 = FILL_AREA_STYLE('',(#18437));
#18437 = FILL_AREA_STYLE_COLOUR('',#17877);
#18438 = STYLED_ITEM('color',(#18439),#3718);
#18439 = PRESENTATION_STYLE_ASSIGNMENT((#18440));
#18440 = SURFACE_STYLE_USAGE(.BOTH.,#18441);
#18441 = SURFACE_SIDE_STYLE('',(#18442));
#18442 = SURFACE_STYLE_FILL_AREA(#18443);
#18443 = FILL_AREA_STYLE('',(#18444));
#18444 = FILL_AREA_STYLE_COLOUR('',#17757);
#18445 = MECHANICAL_DESIGN_GEOMETRIC_PRESENTATION_REPRESENTATION('',(
    #18446,#18454,#18461,#18468,#18475,#18483,#18490,#18497,#18504,
    #18511,#18518,#18525),#1055);
#18446 = STYLED_ITEM('color',(#18447),#485);
#18447 = PRESENTATION_STYLE_ASSIGNMENT((#18448));
#18448 = SURFACE_STYLE_USAGE(.BOTH.,#18449);
#18449 = SURFACE_SIDE_STYLE('',(#18450));
#18450 = SURFACE_STYLE_FILL_AREA(#18451);
#18451 = FILL_AREA_STYLE('',(#18452));
#18452 = FILL_AREA_STYLE_COLOUR('',#18453);
#18453 = COLOUR_RGB('',0.823999987314,0.819999987296,0.781000009244);
#18454 = STYLED_ITEM('color',(#18455),#502);
#18455 = PRESENTATION_STYLE_ASSIGNMENT((#18456));
#18456 = SURFACE_STYLE_USAGE(.BOTH.,#18457);
#18457 = SURFACE_SIDE_STYLE('',(#18458));
#18458 = SURFACE_STYLE_FILL_AREA(#18459);
#18459 = FILL_AREA_STYLE('',(#18460));
#18460 = FILL_AREA_STYLE_COLOUR('',#18453);
#18461 = STYLED_ITEM('color',(#18462),#527);
#18462 = PRESENTATION_STYLE_ASSIGNMENT((#18463));
#18463 = SURFACE_STYLE_USAGE(.BOTH.,#18464);
#18464 = SURFACE_SIDE_STYLE('',(#18465));
#18465 = SURFACE_STYLE_FILL_AREA(#18466);
#18466 = FILL_AREA_STYLE('',(#18467));
#18467 = FILL_AREA_STYLE_COLOUR('',#18453);
#18468 = STYLED_ITEM('color',(#18469),#604);
#18469 = PRESENTATION_STYLE_ASSIGNMENT((#18470));
#18470 = SURFACE_STYLE_USAGE(.BOTH.,#18471);
#18471 = SURFACE_SIDE_STYLE('',(#18472));
#18472 = SURFACE_STYLE_FILL_AREA(#18473);
#18473 = FILL_AREA_STYLE('',(#18474));
#18474 = FILL_AREA_STYLE_COLOUR('',#18453);
#18475 = STYLED_ITEM('color',(#18476),#705);
#18476 = PRESENTATION_STYLE_ASSIGNMENT((#18477));
#18477 = SURFACE_STYLE_USAGE(.BOTH.,#18478);
#18478 = SURFACE_SIDE_STYLE('',(#18479));
#18479 = SURFACE_STYLE_FILL_AREA(#18480);
#18480 = FILL_AREA_STYLE('',(#18481));
#18481 = FILL_AREA_STYLE_COLOUR('',#18482);
#18482 = COLOUR_RGB('',0.809000013735,0.426000008053,0.147999998088);
#18483 = STYLED_ITEM('color',(#18484),#827);
#18484 = PRESENTATION_STYLE_ASSIGNMENT((#18485));
#18485 = SURFACE_STYLE_USAGE(.BOTH.,#18486);
#18486 = SURFACE_SIDE_STYLE('',(#18487));
#18487 = SURFACE_STYLE_FILL_AREA(#18488);
#18488 = FILL_AREA_STYLE('',(#18489));
#18489 = FILL_AREA_STYLE_COLOUR('',#18482);
#18490 = STYLED_ITEM('color',(#18491),#935);
#18491 = PRESENTATION_STYLE_ASSIGNMENT((#18492));
#18492 = SURFACE_STYLE_USAGE(.BOTH.,#18493);
#18493 = SURFACE_SIDE_STYLE('',(#18494));
#18494 = SURFACE_STYLE_FILL_AREA(#18495);
#18495 = FILL_AREA_STYLE('',(#18496));
#18496 = FILL_AREA_STYLE_COLOUR('',#18453);
#18497 = STYLED_ITEM('color',(#18498),#946);
#18498 = PRESENTATION_STYLE_ASSIGNMENT((#18499));
#18499 = SURFACE_STYLE_USAGE(.BOTH.,#18500);
#18500 = SURFACE_SIDE_STYLE('',(#18501));
#18501 = SURFACE_STYLE_FILL_AREA(#18502);
#18502 = FILL_AREA_STYLE('',(#18503));
#18503 = FILL_AREA_STYLE_COLOUR('',#18453);
#18504 = STYLED_ITEM('color',(#18505),#993);
#18505 = PRESENTATION_STYLE_ASSIGNMENT((#18506));
#18506 = SURFACE_STYLE_USAGE(.BOTH.,#18507);
#18507 = SURFACE_SIDE_STYLE('',(#18508));
#18508 = SURFACE_STYLE_FILL_AREA(#18509);
#18509 = FILL_AREA_STYLE('',(#18510));
#18510 = FILL_AREA_STYLE_COLOUR('',#18453);
#18511 = STYLED_ITEM('color',(#18512),#1009);
#18512 = PRESENTATION_STYLE_ASSIGNMENT((#18513));
#18513 = SURFACE_STYLE_USAGE(.BOTH.,#18514);
#18514 = SURFACE_SIDE_STYLE('',(#18515));
#18515 = SURFACE_STYLE_FILL_AREA(#18516);
#18516 = FILL_AREA_STYLE('',(#18517));
#18517 = FILL_AREA_STYLE_COLOUR('',#18453);
#18518 = STYLED_ITEM('color',(#18519),#1021);
#18519 = PRESENTATION_STYLE_ASSIGNMENT((#18520));
#18520 = SURFACE_STYLE_USAGE(.BOTH.,#18521);
#18521 = SURFACE_SIDE_STYLE('',(#18522));
#18522 = SURFACE_STYLE_FILL_AREA(#18523);
#18523 = FILL_AREA_STYLE('',(#18524));
#18524 = FILL_AREA_STYLE_COLOUR('',#18453);
#18525 = STYLED_ITEM('color',(#18526),#1046);
#18526 = PRESENTATION_STYLE_ASSIGNMENT((#18527));
#18527 = SURFACE_STYLE_USAGE(.BOTH.,#18528);
#18528 = SURFACE_SIDE_STYLE('',(#18529));
#18529 = SURFACE_STYLE_FILL_AREA(#18530);
#18530 = FILL_AREA_STYLE('',(#18531));
#18531 = FILL_AREA_STYLE_COLOUR('',#18453);
#18532 = MECHANICAL_DESIGN_GEOMETRIC_PRESENTATION_REPRESENTATION('',(
    #18533,#18541,#18548,#18555,#18562,#18569,#18576,#18583,#18590,
    #18597,#18604,#18611,#18618,#18625,#18632,#18639,#18646),#464);
#18533 = STYLED_ITEM('color',(#18534),#79);
#18534 = PRESENTATION_STYLE_ASSIGNMENT((#18535));
#18535 = SURFACE_STYLE_USAGE(.BOTH.,#18536);
#18536 = SURFACE_SIDE_STYLE('',(#18537));
#18537 = SURFACE_STYLE_FILL_AREA(#18538);
#18538 = FILL_AREA_STYLE('',(#18539));
#18539 = FILL_AREA_STYLE_COLOUR('',#18540);
#18540 = COLOUR_RGB('',0.883000012551,0.711000022565,0.492000011028);
#18541 = STYLED_ITEM('color',(#18542),#112);
#18542 = PRESENTATION_STYLE_ASSIGNMENT((#18543));
#18543 = SURFACE_STYLE_USAGE(.BOTH.,#18544);
#18544 = SURFACE_SIDE_STYLE('',(#18545));
#18545 = SURFACE_STYLE_FILL_AREA(#18546);
#18546 = FILL_AREA_STYLE('',(#18547));
#18547 = FILL_AREA_STYLE_COLOUR('',#18540);
#18548 = STYLED_ITEM('color',(#18549),#138);
#18549 = PRESENTATION_STYLE_ASSIGNMENT((#18550));
#18550 = SURFACE_STYLE_USAGE(.BOTH.,#18551);
#18551 = SURFACE_SIDE_STYLE('',(#18552));
#18552 = SURFACE_STYLE_FILL_AREA(#18553);
#18553 = FILL_AREA_STYLE('',(#18554));
#18554 = FILL_AREA_STYLE_COLOUR('',#18540);
#18555 = STYLED_ITEM('color',(#18556),#158);
#18556 = PRESENTATION_STYLE_ASSIGNMENT((#18557));
#18557 = SURFACE_STYLE_USAGE(.BOTH.,#18558);
#18558 = SURFACE_SIDE_STYLE('',(#18559));
#18559 = SURFACE_STYLE_FILL_AREA(#18560);
#18560 = FILL_AREA_STYLE('',(#18561));
#18561 = FILL_AREA_STYLE_COLOUR('',#18540);
#18562 = STYLED_ITEM('color',(#18563),#178);
#18563 = PRESENTATION_STYLE_ASSIGNMENT((#18564));
#18564 = SURFACE_STYLE_USAGE(.BOTH.,#18565);
#18565 = SURFACE_SIDE_STYLE('',(#18566));
#18566 = SURFACE_STYLE_FILL_AREA(#18567);
#18567 = FILL_AREA_STYLE('',(#18568));
#18568 = FILL_AREA_STYLE_COLOUR('',#18540);
#18569 = STYLED_ITEM('color',(#18570),#203);
#18570 = PRESENTATION_STYLE_ASSIGNMENT((#18571));
#18571 = SURFACE_STYLE_USAGE(.BOTH.,#18572);
#18572 = SURFACE_SIDE_STYLE('',(#18573));
#18573 = SURFACE_STYLE_FILL_AREA(#18574);
#18574 = FILL_AREA_STYLE('',(#18575));
#18575 = FILL_AREA_STYLE_COLOUR('',#18453);
#18576 = STYLED_ITEM('color',(#18577),#228);
#18577 = PRESENTATION_STYLE_ASSIGNMENT((#18578));
#18578 = SURFACE_STYLE_USAGE(.BOTH.,#18579);
#18579 = SURFACE_SIDE_STYLE('',(#18580));
#18580 = SURFACE_STYLE_FILL_AREA(#18581);
#18581 = FILL_AREA_STYLE('',(#18582));
#18582 = FILL_AREA_STYLE_COLOUR('',#18540);
#18583 = STYLED_ITEM('color',(#18584),#248);
#18584 = PRESENTATION_STYLE_ASSIGNMENT((#18585));
#18585 = SURFACE_STYLE_USAGE(.BOTH.,#18586);
#18586 = SURFACE_SIDE_STYLE('',(#18587));
#18587 = SURFACE_STYLE_FILL_AREA(#18588);
#18588 = FILL_AREA_STYLE('',(#18589));
#18589 = FILL_AREA_STYLE_COLOUR('',#18453);
#18590 = STYLED_ITEM('color',(#18591),#257);
#18591 = PRESENTATION_STYLE_ASSIGNMENT((#18592));
#18592 = SURFACE_STYLE_USAGE(.BOTH.,#18593);
#18593 = SURFACE_SIDE_STYLE('',(#18594));
#18594 = SURFACE_STYLE_FILL_AREA(#18595);
#18595 = FILL_AREA_STYLE('',(#18596));
#18596 = FILL_AREA_STYLE_COLOUR('',#18540);
#18597 = STYLED_ITEM('color',(#18598),#282);
#18598 = PRESENTATION_STYLE_ASSIGNMENT((#18599));
#18599 = SURFACE_STYLE_USAGE(.BOTH.,#18600);
#18600 = SURFACE_SIDE_STYLE('',(#18601));
#18601 = SURFACE_STYLE_FILL_AREA(#18602);
#18602 = FILL_AREA_STYLE('',(#18603));
#18603 = FILL_AREA_STYLE_COLOUR('',#18540);
#18604 = STYLED_ITEM('color',(#18605),#308);
#18605 = PRESENTATION_STYLE_ASSIGNMENT((#18606));
#18606 = SURFACE_STYLE_USAGE(.BOTH.,#18607);
#18607 = SURFACE_SIDE_STYLE('',(#18608));
#18608 = SURFACE_STYLE_FILL_AREA(#18609);
#18609 = FILL_AREA_STYLE('',(#18610));
#18610 = FILL_AREA_STYLE_COLOUR('',#18540);
#18611 = STYLED_ITEM('color',(#18612),#328);
#18612 = PRESENTATION_STYLE_ASSIGNMENT((#18613));
#18613 = SURFACE_STYLE_USAGE(.BOTH.,#18614);
#18614 = SURFACE_SIDE_STYLE('',(#18615));
#18615 = SURFACE_STYLE_FILL_AREA(#18616);
#18616 = FILL_AREA_STYLE('',(#18617));
#18617 = FILL_AREA_STYLE_COLOUR('',#18453);
#18618 = STYLED_ITEM('color',(#18619),#353);
#18619 = PRESENTATION_STYLE_ASSIGNMENT((#18620));
#18620 = SURFACE_STYLE_USAGE(.BOTH.,#18621);
#18621 = SURFACE_SIDE_STYLE('',(#18622));
#18622 = SURFACE_STYLE_FILL_AREA(#18623);
#18623 = FILL_AREA_STYLE('',(#18624));
#18624 = FILL_AREA_STYLE_COLOUR('',#18453);
#18625 = STYLED_ITEM('color',(#18626),#379);
#18626 = PRESENTATION_STYLE_ASSIGNMENT((#18627));
#18627 = SURFACE_STYLE_USAGE(.BOTH.,#18628);
#18628 = SURFACE_SIDE_STYLE('',(#18629));
#18629 = SURFACE_STYLE_FILL_AREA(#18630);
#18630 = FILL_AREA_STYLE('',(#18631));
#18631 = FILL_AREA_STYLE_COLOUR('',#18453);
#18632 = STYLED_ITEM('color',(#18633),#404);
#18633 = PRESENTATION_STYLE_ASSIGNMENT((#18634));
#18634 = SURFACE_STYLE_USAGE(.BOTH.,#18635);
#18635 = SURFACE_SIDE_STYLE('',(#18636));
#18636 = SURFACE_STYLE_FILL_AREA(#18637);
#18637 = FILL_AREA_STYLE('',(#18638));
#18638 = FILL_AREA_STYLE_COLOUR('',#18453);
#18639 = STYLED_ITEM('color',(#18640),#430);
#18640 = PRESENTATION_STYLE_ASSIGNMENT((#18641));
#18641 = SURFACE_STYLE_USAGE(.BOTH.,#18642);
#18642 = SURFACE_SIDE_STYLE('',(#18643));
#18643 = SURFACE_STYLE_FILL_AREA(#18644);
#18644 = FILL_AREA_STYLE('',(#18645));
#18645 = FILL_AREA_STYLE_COLOUR('',#18453);
#18646 = STYLED_ITEM('color',(#18647),#455);
#18647 = PRESENTATION_STYLE_ASSIGNMENT((#18648));
#18648 = SURFACE_STYLE_USAGE(.BOTH.,#18649);
#18649 = SURFACE_SIDE_STYLE('',(#18650));
#18650 = SURFACE_STYLE_FILL_AREA(#18651);
#18651 = FILL_AREA_STYLE('',(#18652));
#18652 = FILL_AREA_STYLE_COLOUR('',#18453);
#18653 = MECHANICAL_DESIGN_GEOMETRIC_PRESENTATION_REPRESENTATION('',(
    #18654,#18662,#18669,#18676,#18683,#18690,#18697,#18704,#18711,
    #18718,#18725,#18732,#18739,#18746,#18753,#18760,#18767,#18774,
    #18781,#18788,#18795,#18802,#18809,#18816,#18823,#18830,#18837,
    #18844,#18851,#18858,#18865,#18872,#18879,#18886,#18893,#18900,
    #18907,#18914,#18921,#18928,#18935,#18942,#18949,#18956,#18963,
    #18970,#18977,#18984,#18991,#18998,#19005,#19012,#19019,#19026,
    #19033,#19040,#19047,#19054,#19061,#19068,#19075,#19082,#19089,
    #19096,#19103,#19110,#19117,#19124,#19131,#19138,#19145,#19152,
    #19159,#19166,#19173,#19180,#19187,#19194,#19201,#19208,#19215,
    #19222,#19229,#19236,#19243,#19250,#19257,#19264,#19271,#19278,
    #19285,#19292,#19299,#19306,#19313,#19320,#19327,#19334,#19341,
    #19348,#19355,#19362,#19369,#19376,#19383,#19390,#19397,#19404,
    #19411,#19418,#19425,#19432,#19439,#19446,#19453,#19460,#19467,
    #19474,#19481,#19488,#19495,#19502,#19509,#19516,#19523,#19530,
    #19537,#19544,#19551,#19558,#19565,#19572,#19579,#19586,#19593,
    #19600,#19607,#19614,#19621,#19628,#19635,#19642,#19649,#19656,
    #19663,#19670,#19677,#19684,#19691,#19698,#19705,#19712,#19719,
    #19726,#19733,#19740,#19747,#19754,#19761,#19768,#19775,#19782,
    #19789,#19796,#19803,#19810,#19817,#19824,#19831,#19838,#19845,
    #19852,#19859,#19866,#19873,#19880,#19887,#19894,#19901,#19908,
    #19915,#19922,#19929,#19936,#19943,#19950,#19957,#19964,#19971,
    #19978,#19985,#19992,#19999,#20006,#20013,#20020,#20027,#20034,
    #20041,#20048,#20055,#20062,#20069,#20076,#20083,#20090,#20097,
    #20104,#20111,#20118,#20125,#20132,#20139,#20146,#20153,#20160,
    #20167,#20174,#20181,#20188,#20195,#20202,#20209,#20216,#20223,
    #20230,#20237,#20244,#20251,#20258,#20265,#20272,#20279,#20286,
    #20293,#20300,#20307,#20314,#20321,#20328,#20335,#20342,#20349,
    #20356,#20363,#20370,#20377,#20384,#20391,#20398,#20405,#20412,
    #20419,#20426,#20433,#20440,#20447,#20454,#20461,#20468,#20475,
    #20482,#20489,#20496,#20503,#20510,#20517,#20524,#20531,#20538,
    #20545,#20552,#20559,#20566,#20573,#20580,#20587,#20594,#20601,
    #20608,#20615,#20622,#20629,#20636),#12788);
#18654 = STYLED_ITEM('color',(#18655),#3786);
#18655 = PRESENTATION_STYLE_ASSIGNMENT((#18656));
#18656 = SURFACE_STYLE_USAGE(.BOTH.,#18657);
#18657 = SURFACE_SIDE_STYLE('',(#18658));
#18658 = SURFACE_STYLE_FILL_AREA(#18659);
#18659 = FILL_AREA_STYLE('',(#18660));
#18660 = FILL_AREA_STYLE_COLOUR('',#18661);
#18661 = COLOUR_RGB('',0.147999998088,0.144999993226,0.144999993226);
#18662 = STYLED_ITEM('color',(#18663),#3826);
#18663 = PRESENTATION_STYLE_ASSIGNMENT((#18664));
#18664 = SURFACE_STYLE_USAGE(.BOTH.,#18665);
#18665 = SURFACE_SIDE_STYLE('',(#18666));
#18666 = SURFACE_STYLE_FILL_AREA(#18667);
#18667 = FILL_AREA_STYLE('',(#18668));
#18668 = FILL_AREA_STYLE_COLOUR('',#18661);
#18669 = STYLED_ITEM('color',(#18670),#3983);
#18670 = PRESENTATION_STYLE_ASSIGNMENT((#18671));
#18671 = SURFACE_STYLE_USAGE(.BOTH.,#18672);
#18672 = SURFACE_SIDE_STYLE('',(#18673));
#18673 = SURFACE_STYLE_FILL_AREA(#18674);
#18674 = FILL_AREA_STYLE('',(#18675));
#18675 = FILL_AREA_STYLE_COLOUR('',#18661);
#18676 = STYLED_ITEM('color',(#18677),#4006);
#18677 = PRESENTATION_STYLE_ASSIGNMENT((#18678));
#18678 = SURFACE_STYLE_USAGE(.BOTH.,#18679);
#18679 = SURFACE_SIDE_STYLE('',(#18680));
#18680 = SURFACE_STYLE_FILL_AREA(#18681);
#18681 = FILL_AREA_STYLE('',(#18682));
#18682 = FILL_AREA_STYLE_COLOUR('',#18661);
#18683 = STYLED_ITEM('color',(#18684),#4157);
#18684 = PRESENTATION_STYLE_ASSIGNMENT((#18685));
#18685 = SURFACE_STYLE_USAGE(.BOTH.,#18686);
#18686 = SURFACE_SIDE_STYLE('',(#18687));
#18687 = SURFACE_STYLE_FILL_AREA(#18688);
#18688 = FILL_AREA_STYLE('',(#18689));
#18689 = FILL_AREA_STYLE_COLOUR('',#18661);
#18690 = STYLED_ITEM('color',(#18691),#4174);
#18691 = PRESENTATION_STYLE_ASSIGNMENT((#18692));
#18692 = SURFACE_STYLE_USAGE(.BOTH.,#18693);
#18693 = SURFACE_SIDE_STYLE('',(#18694));
#18694 = SURFACE_STYLE_FILL_AREA(#18695);
#18695 = FILL_AREA_STYLE('',(#18696));
#18696 = FILL_AREA_STYLE_COLOUR('',#18661);
#18697 = STYLED_ITEM('color',(#18698),#4204);
#18698 = PRESENTATION_STYLE_ASSIGNMENT((#18699));
#18699 = SURFACE_STYLE_USAGE(.BOTH.,#18700);
#18700 = SURFACE_SIDE_STYLE('',(#18701));
#18701 = SURFACE_STYLE_FILL_AREA(#18702);
#18702 = FILL_AREA_STYLE('',(#18703));
#18703 = FILL_AREA_STYLE_COLOUR('',#18661);
#18704 = STYLED_ITEM('color',(#18705),#4234);
#18705 = PRESENTATION_STYLE_ASSIGNMENT((#18706));
#18706 = SURFACE_STYLE_USAGE(.BOTH.,#18707);
#18707 = SURFACE_SIDE_STYLE('',(#18708));
#18708 = SURFACE_STYLE_FILL_AREA(#18709);
#18709 = FILL_AREA_STYLE('',(#18710));
#18710 = FILL_AREA_STYLE_COLOUR('',#18453);
#18711 = STYLED_ITEM('color',(#18712),#4265);
#18712 = PRESENTATION_STYLE_ASSIGNMENT((#18713));
#18713 = SURFACE_STYLE_USAGE(.BOTH.,#18714);
#18714 = SURFACE_SIDE_STYLE('',(#18715));
#18715 = SURFACE_STYLE_FILL_AREA(#18716);
#18716 = FILL_AREA_STYLE('',(#18717));
#18717 = FILL_AREA_STYLE_COLOUR('',#18453);
#18718 = STYLED_ITEM('color',(#18719),#4296);
#18719 = PRESENTATION_STYLE_ASSIGNMENT((#18720));
#18720 = SURFACE_STYLE_USAGE(.BOTH.,#18721);
#18721 = SURFACE_SIDE_STYLE('',(#18722));
#18722 = SURFACE_STYLE_FILL_AREA(#18723);
#18723 = FILL_AREA_STYLE('',(#18724));
#18724 = FILL_AREA_STYLE_COLOUR('',#18661);
#18725 = STYLED_ITEM('color',(#18726),#4327);
#18726 = PRESENTATION_STYLE_ASSIGNMENT((#18727));
#18727 = SURFACE_STYLE_USAGE(.BOTH.,#18728);
#18728 = SURFACE_SIDE_STYLE('',(#18729));
#18729 = SURFACE_STYLE_FILL_AREA(#18730);
#18730 = FILL_AREA_STYLE('',(#18731));
#18731 = FILL_AREA_STYLE_COLOUR('',#18661);
#18732 = STYLED_ITEM('color',(#18733),#4358);
#18733 = PRESENTATION_STYLE_ASSIGNMENT((#18734));
#18734 = SURFACE_STYLE_USAGE(.BOTH.,#18735);
#18735 = SURFACE_SIDE_STYLE('',(#18736));
#18736 = SURFACE_STYLE_FILL_AREA(#18737);
#18737 = FILL_AREA_STYLE('',(#18738));
#18738 = FILL_AREA_STYLE_COLOUR('',#18453);
#18739 = STYLED_ITEM('color',(#18740),#4389);
#18740 = PRESENTATION_STYLE_ASSIGNMENT((#18741));
#18741 = SURFACE_STYLE_USAGE(.BOTH.,#18742);
#18742 = SURFACE_SIDE_STYLE('',(#18743));
#18743 = SURFACE_STYLE_FILL_AREA(#18744);
#18744 = FILL_AREA_STYLE('',(#18745));
#18745 = FILL_AREA_STYLE_COLOUR('',#18453);
#18746 = STYLED_ITEM('color',(#18747),#4420);
#18747 = PRESENTATION_STYLE_ASSIGNMENT((#18748));
#18748 = SURFACE_STYLE_USAGE(.BOTH.,#18749);
#18749 = SURFACE_SIDE_STYLE('',(#18750));
#18750 = SURFACE_STYLE_FILL_AREA(#18751);
#18751 = FILL_AREA_STYLE('',(#18752));
#18752 = FILL_AREA_STYLE_COLOUR('',#18661);
#18753 = STYLED_ITEM('color',(#18754),#4451);
#18754 = PRESENTATION_STYLE_ASSIGNMENT((#18755));
#18755 = SURFACE_STYLE_USAGE(.BOTH.,#18756);
#18756 = SURFACE_SIDE_STYLE('',(#18757));
#18757 = SURFACE_STYLE_FILL_AREA(#18758);
#18758 = FILL_AREA_STYLE('',(#18759));
#18759 = FILL_AREA_STYLE_COLOUR('',#18661);
#18760 = STYLED_ITEM('color',(#18761),#4482);
#18761 = PRESENTATION_STYLE_ASSIGNMENT((#18762));
#18762 = SURFACE_STYLE_USAGE(.BOTH.,#18763);
#18763 = SURFACE_SIDE_STYLE('',(#18764));
#18764 = SURFACE_STYLE_FILL_AREA(#18765);
#18765 = FILL_AREA_STYLE('',(#18766));
#18766 = FILL_AREA_STYLE_COLOUR('',#18453);
#18767 = STYLED_ITEM('color',(#18768),#4513);
#18768 = PRESENTATION_STYLE_ASSIGNMENT((#18769));
#18769 = SURFACE_STYLE_USAGE(.BOTH.,#18770);
#18770 = SURFACE_SIDE_STYLE('',(#18771));
#18771 = SURFACE_STYLE_FILL_AREA(#18772);
#18772 = FILL_AREA_STYLE('',(#18773));
#18773 = FILL_AREA_STYLE_COLOUR('',#18453);
#18774 = STYLED_ITEM('color',(#18775),#4544);
#18775 = PRESENTATION_STYLE_ASSIGNMENT((#18776));
#18776 = SURFACE_STYLE_USAGE(.BOTH.,#18777);
#18777 = SURFACE_SIDE_STYLE('',(#18778));
#18778 = SURFACE_STYLE_FILL_AREA(#18779);
#18779 = FILL_AREA_STYLE('',(#18780));
#18780 = FILL_AREA_STYLE_COLOUR('',#18661);
#18781 = STYLED_ITEM('color',(#18782),#4575);
#18782 = PRESENTATION_STYLE_ASSIGNMENT((#18783));
#18783 = SURFACE_STYLE_USAGE(.BOTH.,#18784);
#18784 = SURFACE_SIDE_STYLE('',(#18785));
#18785 = SURFACE_STYLE_FILL_AREA(#18786);
#18786 = FILL_AREA_STYLE('',(#18787));
#18787 = FILL_AREA_STYLE_COLOUR('',#18661);
#18788 = STYLED_ITEM('color',(#18789),#4606);
#18789 = PRESENTATION_STYLE_ASSIGNMENT((#18790));
#18790 = SURFACE_STYLE_USAGE(.BOTH.,#18791);
#18791 = SURFACE_SIDE_STYLE('',(#18792));
#18792 = SURFACE_STYLE_FILL_AREA(#18793);
#18793 = FILL_AREA_STYLE('',(#18794));
#18794 = FILL_AREA_STYLE_COLOUR('',#18453);
#18795 = STYLED_ITEM('color',(#18796),#4637);
#18796 = PRESENTATION_STYLE_ASSIGNMENT((#18797));
#18797 = SURFACE_STYLE_USAGE(.BOTH.,#18798);
#18798 = SURFACE_SIDE_STYLE('',(#18799));
#18799 = SURFACE_STYLE_FILL_AREA(#18800);
#18800 = FILL_AREA_STYLE('',(#18801));
#18801 = FILL_AREA_STYLE_COLOUR('',#18453);
#18802 = STYLED_ITEM('color',(#18803),#4668);
#18803 = PRESENTATION_STYLE_ASSIGNMENT((#18804));
#18804 = SURFACE_STYLE_USAGE(.BOTH.,#18805);
#18805 = SURFACE_SIDE_STYLE('',(#18806));
#18806 = SURFACE_STYLE_FILL_AREA(#18807);
#18807 = FILL_AREA_STYLE('',(#18808));
#18808 = FILL_AREA_STYLE_COLOUR('',#18661);
#18809 = STYLED_ITEM('color',(#18810),#4699);
#18810 = PRESENTATION_STYLE_ASSIGNMENT((#18811));
#18811 = SURFACE_STYLE_USAGE(.BOTH.,#18812);
#18812 = SURFACE_SIDE_STYLE('',(#18813));
#18813 = SURFACE_STYLE_FILL_AREA(#18814);
#18814 = FILL_AREA_STYLE('',(#18815));
#18815 = FILL_AREA_STYLE_COLOUR('',#18661);
#18816 = STYLED_ITEM('color',(#18817),#4722);
#18817 = PRESENTATION_STYLE_ASSIGNMENT((#18818));
#18818 = SURFACE_STYLE_USAGE(.BOTH.,#18819);
#18819 = SURFACE_SIDE_STYLE('',(#18820));
#18820 = SURFACE_STYLE_FILL_AREA(#18821);
#18821 = FILL_AREA_STYLE('',(#18822));
#18822 = FILL_AREA_STYLE_COLOUR('',#18661);
#18823 = STYLED_ITEM('color',(#18824),#4746);
#18824 = PRESENTATION_STYLE_ASSIGNMENT((#18825));
#18825 = SURFACE_STYLE_USAGE(.BOTH.,#18826);
#18826 = SURFACE_SIDE_STYLE('',(#18827));
#18827 = SURFACE_STYLE_FILL_AREA(#18828);
#18828 = FILL_AREA_STYLE('',(#18829));
#18829 = FILL_AREA_STYLE_COLOUR('',#18661);
#18830 = STYLED_ITEM('color',(#18831),#4776);
#18831 = PRESENTATION_STYLE_ASSIGNMENT((#18832));
#18832 = SURFACE_STYLE_USAGE(.BOTH.,#18833);
#18833 = SURFACE_SIDE_STYLE('',(#18834));
#18834 = SURFACE_STYLE_FILL_AREA(#18835);
#18835 = FILL_AREA_STYLE('',(#18836));
#18836 = FILL_AREA_STYLE_COLOUR('',#18453);
#18837 = STYLED_ITEM('color',(#18838),#4807);
#18838 = PRESENTATION_STYLE_ASSIGNMENT((#18839));
#18839 = SURFACE_STYLE_USAGE(.BOTH.,#18840);
#18840 = SURFACE_SIDE_STYLE('',(#18841));
#18841 = SURFACE_STYLE_FILL_AREA(#18842);
#18842 = FILL_AREA_STYLE('',(#18843));
#18843 = FILL_AREA_STYLE_COLOUR('',#18453);
#18844 = STYLED_ITEM('color',(#18845),#4838);
#18845 = PRESENTATION_STYLE_ASSIGNMENT((#18846));
#18846 = SURFACE_STYLE_USAGE(.BOTH.,#18847);
#18847 = SURFACE_SIDE_STYLE('',(#18848));
#18848 = SURFACE_STYLE_FILL_AREA(#18849);
#18849 = FILL_AREA_STYLE('',(#18850));
#18850 = FILL_AREA_STYLE_COLOUR('',#18661);
#18851 = STYLED_ITEM('color',(#18852),#4869);
#18852 = PRESENTATION_STYLE_ASSIGNMENT((#18853));
#18853 = SURFACE_STYLE_USAGE(.BOTH.,#18854);
#18854 = SURFACE_SIDE_STYLE('',(#18855));
#18855 = SURFACE_STYLE_FILL_AREA(#18856);
#18856 = FILL_AREA_STYLE('',(#18857));
#18857 = FILL_AREA_STYLE_COLOUR('',#18661);
#18858 = STYLED_ITEM('color',(#18859),#4900);
#18859 = PRESENTATION_STYLE_ASSIGNMENT((#18860));
#18860 = SURFACE_STYLE_USAGE(.BOTH.,#18861);
#18861 = SURFACE_SIDE_STYLE('',(#18862));
#18862 = SURFACE_STYLE_FILL_AREA(#18863);
#18863 = FILL_AREA_STYLE('',(#18864));
#18864 = FILL_AREA_STYLE_COLOUR('',#18453);
#18865 = STYLED_ITEM('color',(#18866),#4931);
#18866 = PRESENTATION_STYLE_ASSIGNMENT((#18867));
#18867 = SURFACE_STYLE_USAGE(.BOTH.,#18868);
#18868 = SURFACE_SIDE_STYLE('',(#18869));
#18869 = SURFACE_STYLE_FILL_AREA(#18870);
#18870 = FILL_AREA_STYLE('',(#18871));
#18871 = FILL_AREA_STYLE_COLOUR('',#18453);
#18872 = STYLED_ITEM('color',(#18873),#4962);
#18873 = PRESENTATION_STYLE_ASSIGNMENT((#18874));
#18874 = SURFACE_STYLE_USAGE(.BOTH.,#18875);
#18875 = SURFACE_SIDE_STYLE('',(#18876));
#18876 = SURFACE_STYLE_FILL_AREA(#18877);
#18877 = FILL_AREA_STYLE('',(#18878));
#18878 = FILL_AREA_STYLE_COLOUR('',#18661);
#18879 = STYLED_ITEM('color',(#18880),#4993);
#18880 = PRESENTATION_STYLE_ASSIGNMENT((#18881));
#18881 = SURFACE_STYLE_USAGE(.BOTH.,#18882);
#18882 = SURFACE_SIDE_STYLE('',(#18883));
#18883 = SURFACE_STYLE_FILL_AREA(#18884);
#18884 = FILL_AREA_STYLE('',(#18885));
#18885 = FILL_AREA_STYLE_COLOUR('',#18661);
#18886 = STYLED_ITEM('color',(#18887),#5024);
#18887 = PRESENTATION_STYLE_ASSIGNMENT((#18888));
#18888 = SURFACE_STYLE_USAGE(.BOTH.,#18889);
#18889 = SURFACE_SIDE_STYLE('',(#18890));
#18890 = SURFACE_STYLE_FILL_AREA(#18891);
#18891 = FILL_AREA_STYLE('',(#18892));
#18892 = FILL_AREA_STYLE_COLOUR('',#18453);
#18893 = STYLED_ITEM('color',(#18894),#5055);
#18894 = PRESENTATION_STYLE_ASSIGNMENT((#18895));
#18895 = SURFACE_STYLE_USAGE(.BOTH.,#18896);
#18896 = SURFACE_SIDE_STYLE('',(#18897));
#18897 = SURFACE_STYLE_FILL_AREA(#18898);
#18898 = FILL_AREA_STYLE('',(#18899));
#18899 = FILL_AREA_STYLE_COLOUR('',#18453);
#18900 = STYLED_ITEM('color',(#18901),#5086);
#18901 = PRESENTATION_STYLE_ASSIGNMENT((#18902));
#18902 = SURFACE_STYLE_USAGE(.BOTH.,#18903);
#18903 = SURFACE_SIDE_STYLE('',(#18904));
#18904 = SURFACE_STYLE_FILL_AREA(#18905);
#18905 = FILL_AREA_STYLE('',(#18906));
#18906 = FILL_AREA_STYLE_COLOUR('',#18661);
#18907 = STYLED_ITEM('color',(#18908),#5117);
#18908 = PRESENTATION_STYLE_ASSIGNMENT((#18909));
#18909 = SURFACE_STYLE_USAGE(.BOTH.,#18910);
#18910 = SURFACE_SIDE_STYLE('',(#18911));
#18911 = SURFACE_STYLE_FILL_AREA(#18912);
#18912 = FILL_AREA_STYLE('',(#18913));
#18913 = FILL_AREA_STYLE_COLOUR('',#18661);
#18914 = STYLED_ITEM('color',(#18915),#5148);
#18915 = PRESENTATION_STYLE_ASSIGNMENT((#18916));
#18916 = SURFACE_STYLE_USAGE(.BOTH.,#18917);
#18917 = SURFACE_SIDE_STYLE('',(#18918));
#18918 = SURFACE_STYLE_FILL_AREA(#18919);
#18919 = FILL_AREA_STYLE('',(#18920));
#18920 = FILL_AREA_STYLE_COLOUR('',#18453);
#18921 = STYLED_ITEM('color',(#18922),#5179);
#18922 = PRESENTATION_STYLE_ASSIGNMENT((#18923));
#18923 = SURFACE_STYLE_USAGE(.BOTH.,#18924);
#18924 = SURFACE_SIDE_STYLE('',(#18925));
#18925 = SURFACE_STYLE_FILL_AREA(#18926);
#18926 = FILL_AREA_STYLE('',(#18927));
#18927 = FILL_AREA_STYLE_COLOUR('',#18453);
#18928 = STYLED_ITEM('color',(#18929),#5210);
#18929 = PRESENTATION_STYLE_ASSIGNMENT((#18930));
#18930 = SURFACE_STYLE_USAGE(.BOTH.,#18931);
#18931 = SURFACE_SIDE_STYLE('',(#18932));
#18932 = SURFACE_STYLE_FILL_AREA(#18933);
#18933 = FILL_AREA_STYLE('',(#18934));
#18934 = FILL_AREA_STYLE_COLOUR('',#18661);
#18935 = STYLED_ITEM('color',(#18936),#5241);
#18936 = PRESENTATION_STYLE_ASSIGNMENT((#18937));
#18937 = SURFACE_STYLE_USAGE(.BOTH.,#18938);
#18938 = SURFACE_SIDE_STYLE('',(#18939));
#18939 = SURFACE_STYLE_FILL_AREA(#18940);
#18940 = FILL_AREA_STYLE('',(#18941));
#18941 = FILL_AREA_STYLE_COLOUR('',#18661);
#18942 = STYLED_ITEM('color',(#18943),#5258);
#18943 = PRESENTATION_STYLE_ASSIGNMENT((#18944));
#18944 = SURFACE_STYLE_USAGE(.BOTH.,#18945);
#18945 = SURFACE_SIDE_STYLE('',(#18946));
#18946 = SURFACE_STYLE_FILL_AREA(#18947);
#18947 = FILL_AREA_STYLE('',(#18948));
#18948 = FILL_AREA_STYLE_COLOUR('',#18661);
#18949 = STYLED_ITEM('color',(#18950),#5288);
#18950 = PRESENTATION_STYLE_ASSIGNMENT((#18951));
#18951 = SURFACE_STYLE_USAGE(.BOTH.,#18952);
#18952 = SURFACE_SIDE_STYLE('',(#18953));
#18953 = SURFACE_STYLE_FILL_AREA(#18954);
#18954 = FILL_AREA_STYLE('',(#18955));
#18955 = FILL_AREA_STYLE_COLOUR('',#18453);
#18956 = STYLED_ITEM('color',(#18957),#5346);
#18957 = PRESENTATION_STYLE_ASSIGNMENT((#18958));
#18958 = SURFACE_STYLE_USAGE(.BOTH.,#18959);
#18959 = SURFACE_SIDE_STYLE('',(#18960));
#18960 = SURFACE_STYLE_FILL_AREA(#18961);
#18961 = FILL_AREA_STYLE('',(#18962));
#18962 = FILL_AREA_STYLE_COLOUR('',#18453);
#18963 = STYLED_ITEM('color',(#18964),#5404);
#18964 = PRESENTATION_STYLE_ASSIGNMENT((#18965));
#18965 = SURFACE_STYLE_USAGE(.BOTH.,#18966);
#18966 = SURFACE_SIDE_STYLE('',(#18967));
#18967 = SURFACE_STYLE_FILL_AREA(#18968);
#18968 = FILL_AREA_STYLE('',(#18969));
#18969 = FILL_AREA_STYLE_COLOUR('',#18661);
#18970 = STYLED_ITEM('color',(#18971),#5434);
#18971 = PRESENTATION_STYLE_ASSIGNMENT((#18972));
#18972 = SURFACE_STYLE_USAGE(.BOTH.,#18973);
#18973 = SURFACE_SIDE_STYLE('',(#18974));
#18974 = SURFACE_STYLE_FILL_AREA(#18975);
#18975 = FILL_AREA_STYLE('',(#18976));
#18976 = FILL_AREA_STYLE_COLOUR('',#18453);
#18977 = STYLED_ITEM('color',(#18978),#5492);
#18978 = PRESENTATION_STYLE_ASSIGNMENT((#18979));
#18979 = SURFACE_STYLE_USAGE(.BOTH.,#18980);
#18980 = SURFACE_SIDE_STYLE('',(#18981));
#18981 = SURFACE_STYLE_FILL_AREA(#18982);
#18982 = FILL_AREA_STYLE('',(#18983));
#18983 = FILL_AREA_STYLE_COLOUR('',#18453);
#18984 = STYLED_ITEM('color',(#18985),#5509);
#18985 = PRESENTATION_STYLE_ASSIGNMENT((#18986));
#18986 = SURFACE_STYLE_USAGE(.BOTH.,#18987);
#18987 = SURFACE_SIDE_STYLE('',(#18988));
#18988 = SURFACE_STYLE_FILL_AREA(#18989);
#18989 = FILL_AREA_STYLE('',(#18990));
#18990 = FILL_AREA_STYLE_COLOUR('',#18453);
#18991 = STYLED_ITEM('color',(#18992),#5534);
#18992 = PRESENTATION_STYLE_ASSIGNMENT((#18993));
#18993 = SURFACE_STYLE_USAGE(.BOTH.,#18994);
#18994 = SURFACE_SIDE_STYLE('',(#18995));
#18995 = SURFACE_STYLE_FILL_AREA(#18996);
#18996 = FILL_AREA_STYLE('',(#18997));
#18997 = FILL_AREA_STYLE_COLOUR('',#18453);
#18998 = STYLED_ITEM('color',(#18999),#5584);
#18999 = PRESENTATION_STYLE_ASSIGNMENT((#19000));
#19000 = SURFACE_STYLE_USAGE(.BOTH.,#19001);
#19001 = SURFACE_SIDE_STYLE('',(#19002));
#19002 = SURFACE_STYLE_FILL_AREA(#19003);
#19003 = FILL_AREA_STYLE('',(#19004));
#19004 = FILL_AREA_STYLE_COLOUR('',#18661);
#19005 = STYLED_ITEM('color',(#19006),#5615);
#19006 = PRESENTATION_STYLE_ASSIGNMENT((#19007));
#19007 = SURFACE_STYLE_USAGE(.BOTH.,#19008);
#19008 = SURFACE_SIDE_STYLE('',(#19009));
#19009 = SURFACE_STYLE_FILL_AREA(#19010);
#19010 = FILL_AREA_STYLE('',(#19011));
#19011 = FILL_AREA_STYLE_COLOUR('',#18453);
#19012 = STYLED_ITEM('color',(#19013),#5673);
#19013 = PRESENTATION_STYLE_ASSIGNMENT((#19014));
#19014 = SURFACE_STYLE_USAGE(.BOTH.,#19015);
#19015 = SURFACE_SIDE_STYLE('',(#19016));
#19016 = SURFACE_STYLE_FILL_AREA(#19017);
#19017 = FILL_AREA_STYLE('',(#19018));
#19018 = FILL_AREA_STYLE_COLOUR('',#18453);
#19019 = STYLED_ITEM('color',(#19020),#5731);
#19020 = PRESENTATION_STYLE_ASSIGNMENT((#19021));
#19021 = SURFACE_STYLE_USAGE(.BOTH.,#19022);
#19022 = SURFACE_SIDE_STYLE('',(#19023));
#19023 = SURFACE_STYLE_FILL_AREA(#19024);
#19024 = FILL_AREA_STYLE('',(#19025));
#19025 = FILL_AREA_STYLE_COLOUR('',#18661);
#19026 = STYLED_ITEM('color',(#19027),#5762);
#19027 = PRESENTATION_STYLE_ASSIGNMENT((#19028));
#19028 = SURFACE_STYLE_USAGE(.BOTH.,#19029);
#19029 = SURFACE_SIDE_STYLE('',(#19030));
#19030 = SURFACE_STYLE_FILL_AREA(#19031);
#19031 = FILL_AREA_STYLE('',(#19032));
#19032 = FILL_AREA_STYLE_COLOUR('',#18453);
#19033 = STYLED_ITEM('color',(#19034),#5820);
#19034 = PRESENTATION_STYLE_ASSIGNMENT((#19035));
#19035 = SURFACE_STYLE_USAGE(.BOTH.,#19036);
#19036 = SURFACE_SIDE_STYLE('',(#19037));
#19037 = SURFACE_STYLE_FILL_AREA(#19038);
#19038 = FILL_AREA_STYLE('',(#19039));
#19039 = FILL_AREA_STYLE_COLOUR('',#18453);
#19040 = STYLED_ITEM('color',(#19041),#5837);
#19041 = PRESENTATION_STYLE_ASSIGNMENT((#19042));
#19042 = SURFACE_STYLE_USAGE(.BOTH.,#19043);
#19043 = SURFACE_SIDE_STYLE('',(#19044));
#19044 = SURFACE_STYLE_FILL_AREA(#19045);
#19045 = FILL_AREA_STYLE('',(#19046));
#19046 = FILL_AREA_STYLE_COLOUR('',#18453);
#19047 = STYLED_ITEM('color',(#19048),#5862);
#19048 = PRESENTATION_STYLE_ASSIGNMENT((#19049));
#19049 = SURFACE_STYLE_USAGE(.BOTH.,#19050);
#19050 = SURFACE_SIDE_STYLE('',(#19051));
#19051 = SURFACE_STYLE_FILL_AREA(#19052);
#19052 = FILL_AREA_STYLE('',(#19053));
#19053 = FILL_AREA_STYLE_COLOUR('',#18453);
#19054 = STYLED_ITEM('color',(#19055),#5912);
#19055 = PRESENTATION_STYLE_ASSIGNMENT((#19056));
#19056 = SURFACE_STYLE_USAGE(.BOTH.,#19057);
#19057 = SURFACE_SIDE_STYLE('',(#19058));
#19058 = SURFACE_STYLE_FILL_AREA(#19059);
#19059 = FILL_AREA_STYLE('',(#19060));
#19060 = FILL_AREA_STYLE_COLOUR('',#18661);
#19061 = STYLED_ITEM('color',(#19062),#5943);
#19062 = PRESENTATION_STYLE_ASSIGNMENT((#19063));
#19063 = SURFACE_STYLE_USAGE(.BOTH.,#19064);
#19064 = SURFACE_SIDE_STYLE('',(#19065));
#19065 = SURFACE_STYLE_FILL_AREA(#19066);
#19066 = FILL_AREA_STYLE('',(#19067));
#19067 = FILL_AREA_STYLE_COLOUR('',#18453);
#19068 = STYLED_ITEM('color',(#19069),#6001);
#19069 = PRESENTATION_STYLE_ASSIGNMENT((#19070));
#19070 = SURFACE_STYLE_USAGE(.BOTH.,#19071);
#19071 = SURFACE_SIDE_STYLE('',(#19072));
#19072 = SURFACE_STYLE_FILL_AREA(#19073);
#19073 = FILL_AREA_STYLE('',(#19074));
#19074 = FILL_AREA_STYLE_COLOUR('',#18453);
#19075 = STYLED_ITEM('color',(#19076),#6059);
#19076 = PRESENTATION_STYLE_ASSIGNMENT((#19077));
#19077 = SURFACE_STYLE_USAGE(.BOTH.,#19078);
#19078 = SURFACE_SIDE_STYLE('',(#19079));
#19079 = SURFACE_STYLE_FILL_AREA(#19080);
#19080 = FILL_AREA_STYLE('',(#19081));
#19081 = FILL_AREA_STYLE_COLOUR('',#18661);
#19082 = STYLED_ITEM('color',(#19083),#6090);
#19083 = PRESENTATION_STYLE_ASSIGNMENT((#19084));
#19084 = SURFACE_STYLE_USAGE(.BOTH.,#19085);
#19085 = SURFACE_SIDE_STYLE('',(#19086));
#19086 = SURFACE_STYLE_FILL_AREA(#19087);
#19087 = FILL_AREA_STYLE('',(#19088));
#19088 = FILL_AREA_STYLE_COLOUR('',#18453);
#19089 = STYLED_ITEM('color',(#19090),#6148);
#19090 = PRESENTATION_STYLE_ASSIGNMENT((#19091));
#19091 = SURFACE_STYLE_USAGE(.BOTH.,#19092);
#19092 = SURFACE_SIDE_STYLE('',(#19093));
#19093 = SURFACE_STYLE_FILL_AREA(#19094);
#19094 = FILL_AREA_STYLE('',(#19095));
#19095 = FILL_AREA_STYLE_COLOUR('',#18453);
#19096 = STYLED_ITEM('color',(#19097),#6165);
#19097 = PRESENTATION_STYLE_ASSIGNMENT((#19098));
#19098 = SURFACE_STYLE_USAGE(.BOTH.,#19099);
#19099 = SURFACE_SIDE_STYLE('',(#19100));
#19100 = SURFACE_STYLE_FILL_AREA(#19101);
#19101 = FILL_AREA_STYLE('',(#19102));
#19102 = FILL_AREA_STYLE_COLOUR('',#18453);
#19103 = STYLED_ITEM('color',(#19104),#6190);
#19104 = PRESENTATION_STYLE_ASSIGNMENT((#19105));
#19105 = SURFACE_STYLE_USAGE(.BOTH.,#19106);
#19106 = SURFACE_SIDE_STYLE('',(#19107));
#19107 = SURFACE_STYLE_FILL_AREA(#19108);
#19108 = FILL_AREA_STYLE('',(#19109));
#19109 = FILL_AREA_STYLE_COLOUR('',#18453);
#19110 = STYLED_ITEM('color',(#19111),#6240);
#19111 = PRESENTATION_STYLE_ASSIGNMENT((#19112));
#19112 = SURFACE_STYLE_USAGE(.BOTH.,#19113);
#19113 = SURFACE_SIDE_STYLE('',(#19114));
#19114 = SURFACE_STYLE_FILL_AREA(#19115);
#19115 = FILL_AREA_STYLE('',(#19116));
#19116 = FILL_AREA_STYLE_COLOUR('',#18661);
#19117 = STYLED_ITEM('color',(#19118),#6271);
#19118 = PRESENTATION_STYLE_ASSIGNMENT((#19119));
#19119 = SURFACE_STYLE_USAGE(.BOTH.,#19120);
#19120 = SURFACE_SIDE_STYLE('',(#19121));
#19121 = SURFACE_STYLE_FILL_AREA(#19122);
#19122 = FILL_AREA_STYLE('',(#19123));
#19123 = FILL_AREA_STYLE_COLOUR('',#18453);
#19124 = STYLED_ITEM('color',(#19125),#6329);
#19125 = PRESENTATION_STYLE_ASSIGNMENT((#19126));
#19126 = SURFACE_STYLE_USAGE(.BOTH.,#19127);
#19127 = SURFACE_SIDE_STYLE('',(#19128));
#19128 = SURFACE_STYLE_FILL_AREA(#19129);
#19129 = FILL_AREA_STYLE('',(#19130));
#19130 = FILL_AREA_STYLE_COLOUR('',#18453);
#19131 = STYLED_ITEM('color',(#19132),#6387);
#19132 = PRESENTATION_STYLE_ASSIGNMENT((#19133));
#19133 = SURFACE_STYLE_USAGE(.BOTH.,#19134);
#19134 = SURFACE_SIDE_STYLE('',(#19135));
#19135 = SURFACE_STYLE_FILL_AREA(#19136);
#19136 = FILL_AREA_STYLE('',(#19137));
#19137 = FILL_AREA_STYLE_COLOUR('',#18661);
#19138 = STYLED_ITEM('color',(#19139),#6418);
#19139 = PRESENTATION_STYLE_ASSIGNMENT((#19140));
#19140 = SURFACE_STYLE_USAGE(.BOTH.,#19141);
#19141 = SURFACE_SIDE_STYLE('',(#19142));
#19142 = SURFACE_STYLE_FILL_AREA(#19143);
#19143 = FILL_AREA_STYLE('',(#19144));
#19144 = FILL_AREA_STYLE_COLOUR('',#18453);
#19145 = STYLED_ITEM('color',(#19146),#6476);
#19146 = PRESENTATION_STYLE_ASSIGNMENT((#19147));
#19147 = SURFACE_STYLE_USAGE(.BOTH.,#19148);
#19148 = SURFACE_SIDE_STYLE('',(#19149));
#19149 = SURFACE_STYLE_FILL_AREA(#19150);
#19150 = FILL_AREA_STYLE('',(#19151));
#19151 = FILL_AREA_STYLE_COLOUR('',#18453);
#19152 = STYLED_ITEM('color',(#19153),#6493);
#19153 = PRESENTATION_STYLE_ASSIGNMENT((#19154));
#19154 = SURFACE_STYLE_USAGE(.BOTH.,#19155);
#19155 = SURFACE_SIDE_STYLE('',(#19156));
#19156 = SURFACE_STYLE_FILL_AREA(#19157);
#19157 = FILL_AREA_STYLE('',(#19158));
#19158 = FILL_AREA_STYLE_COLOUR('',#18453);
#19159 = STYLED_ITEM('color',(#19160),#6518);
#19160 = PRESENTATION_STYLE_ASSIGNMENT((#19161));
#19161 = SURFACE_STYLE_USAGE(.BOTH.,#19162);
#19162 = SURFACE_SIDE_STYLE('',(#19163));
#19163 = SURFACE_STYLE_FILL_AREA(#19164);
#19164 = FILL_AREA_STYLE('',(#19165));
#19165 = FILL_AREA_STYLE_COLOUR('',#18453);
#19166 = STYLED_ITEM('color',(#19167),#6568);
#19167 = PRESENTATION_STYLE_ASSIGNMENT((#19168));
#19168 = SURFACE_STYLE_USAGE(.BOTH.,#19169);
#19169 = SURFACE_SIDE_STYLE('',(#19170));
#19170 = SURFACE_STYLE_FILL_AREA(#19171);
#19171 = FILL_AREA_STYLE('',(#19172));
#19172 = FILL_AREA_STYLE_COLOUR('',#18661);
#19173 = STYLED_ITEM('color',(#19174),#6599);
#19174 = PRESENTATION_STYLE_ASSIGNMENT((#19175));
#19175 = SURFACE_STYLE_USAGE(.BOTH.,#19176);
#19176 = SURFACE_SIDE_STYLE('',(#19177));
#19177 = SURFACE_STYLE_FILL_AREA(#19178);
#19178 = FILL_AREA_STYLE('',(#19179));
#19179 = FILL_AREA_STYLE_COLOUR('',#18661);
#19180 = STYLED_ITEM('color',(#19181),#6622);
#19181 = PRESENTATION_STYLE_ASSIGNMENT((#19182));
#19182 = SURFACE_STYLE_USAGE(.BOTH.,#19183);
#19183 = SURFACE_SIDE_STYLE('',(#19184));
#19184 = SURFACE_STYLE_FILL_AREA(#19185);
#19185 = FILL_AREA_STYLE('',(#19186));
#19186 = FILL_AREA_STYLE_COLOUR('',#18661);
#19187 = STYLED_ITEM('color',(#19188),#6646);
#19188 = PRESENTATION_STYLE_ASSIGNMENT((#19189));
#19189 = SURFACE_STYLE_USAGE(.BOTH.,#19190);
#19190 = SURFACE_SIDE_STYLE('',(#19191));
#19191 = SURFACE_STYLE_FILL_AREA(#19192);
#19192 = FILL_AREA_STYLE('',(#19193));
#19193 = FILL_AREA_STYLE_COLOUR('',#18453);
#19194 = STYLED_ITEM('color',(#19195),#6704);
#19195 = PRESENTATION_STYLE_ASSIGNMENT((#19196));
#19196 = SURFACE_STYLE_USAGE(.BOTH.,#19197);
#19197 = SURFACE_SIDE_STYLE('',(#19198));
#19198 = SURFACE_STYLE_FILL_AREA(#19199);
#19199 = FILL_AREA_STYLE('',(#19200));
#19200 = FILL_AREA_STYLE_COLOUR('',#18453);
#19201 = STYLED_ITEM('color',(#19202),#6762);
#19202 = PRESENTATION_STYLE_ASSIGNMENT((#19203));
#19203 = SURFACE_STYLE_USAGE(.BOTH.,#19204);
#19204 = SURFACE_SIDE_STYLE('',(#19205));
#19205 = SURFACE_STYLE_FILL_AREA(#19206);
#19206 = FILL_AREA_STYLE('',(#19207));
#19207 = FILL_AREA_STYLE_COLOUR('',#18661);
#19208 = STYLED_ITEM('color',(#19209),#6792);
#19209 = PRESENTATION_STYLE_ASSIGNMENT((#19210));
#19210 = SURFACE_STYLE_USAGE(.BOTH.,#19211);
#19211 = SURFACE_SIDE_STYLE('',(#19212));
#19212 = SURFACE_STYLE_FILL_AREA(#19213);
#19213 = FILL_AREA_STYLE('',(#19214));
#19214 = FILL_AREA_STYLE_COLOUR('',#18453);
#19215 = STYLED_ITEM('color',(#19216),#6850);
#19216 = PRESENTATION_STYLE_ASSIGNMENT((#19217));
#19217 = SURFACE_STYLE_USAGE(.BOTH.,#19218);
#19218 = SURFACE_SIDE_STYLE('',(#19219));
#19219 = SURFACE_STYLE_FILL_AREA(#19220);
#19220 = FILL_AREA_STYLE('',(#19221));
#19221 = FILL_AREA_STYLE_COLOUR('',#18453);
#19222 = STYLED_ITEM('color',(#19223),#6867);
#19223 = PRESENTATION_STYLE_ASSIGNMENT((#19224));
#19224 = SURFACE_STYLE_USAGE(.BOTH.,#19225);
#19225 = SURFACE_SIDE_STYLE('',(#19226));
#19226 = SURFACE_STYLE_FILL_AREA(#19227);
#19227 = FILL_AREA_STYLE('',(#19228));
#19228 = FILL_AREA_STYLE_COLOUR('',#18453);
#19229 = STYLED_ITEM('color',(#19230),#6925);
#19230 = PRESENTATION_STYLE_ASSIGNMENT((#19231));
#19231 = SURFACE_STYLE_USAGE(.BOTH.,#19232);
#19232 = SURFACE_SIDE_STYLE('',(#19233));
#19233 = SURFACE_STYLE_FILL_AREA(#19234);
#19234 = FILL_AREA_STYLE('',(#19235));
#19235 = FILL_AREA_STYLE_COLOUR('',#18453);
#19236 = STYLED_ITEM('color',(#19237),#6942);
#19237 = PRESENTATION_STYLE_ASSIGNMENT((#19238));
#19238 = SURFACE_STYLE_USAGE(.BOTH.,#19239);
#19239 = SURFACE_SIDE_STYLE('',(#19240));
#19240 = SURFACE_STYLE_FILL_AREA(#19241);
#19241 = FILL_AREA_STYLE('',(#19242));
#19242 = FILL_AREA_STYLE_COLOUR('',#18661);
#19243 = STYLED_ITEM('color',(#19244),#6973);
#19244 = PRESENTATION_STYLE_ASSIGNMENT((#19245));
#19245 = SURFACE_STYLE_USAGE(.BOTH.,#19246);
#19246 = SURFACE_SIDE_STYLE('',(#19247));
#19247 = SURFACE_STYLE_FILL_AREA(#19248);
#19248 = FILL_AREA_STYLE('',(#19249));
#19249 = FILL_AREA_STYLE_COLOUR('',#18453);
#19250 = STYLED_ITEM('color',(#19251),#7031);
#19251 = PRESENTATION_STYLE_ASSIGNMENT((#19252));
#19252 = SURFACE_STYLE_USAGE(.BOTH.,#19253);
#19253 = SURFACE_SIDE_STYLE('',(#19254));
#19254 = SURFACE_STYLE_FILL_AREA(#19255);
#19255 = FILL_AREA_STYLE('',(#19256));
#19256 = FILL_AREA_STYLE_COLOUR('',#18453);
#19257 = STYLED_ITEM('color',(#19258),#7089);
#19258 = PRESENTATION_STYLE_ASSIGNMENT((#19259));
#19259 = SURFACE_STYLE_USAGE(.BOTH.,#19260);
#19260 = SURFACE_SIDE_STYLE('',(#19261));
#19261 = SURFACE_STYLE_FILL_AREA(#19262);
#19262 = FILL_AREA_STYLE('',(#19263));
#19263 = FILL_AREA_STYLE_COLOUR('',#18661);
#19264 = STYLED_ITEM('color',(#19265),#7120);
#19265 = PRESENTATION_STYLE_ASSIGNMENT((#19266));
#19266 = SURFACE_STYLE_USAGE(.BOTH.,#19267);
#19267 = SURFACE_SIDE_STYLE('',(#19268));
#19268 = SURFACE_STYLE_FILL_AREA(#19269);
#19269 = FILL_AREA_STYLE('',(#19270));
#19270 = FILL_AREA_STYLE_COLOUR('',#18453);
#19271 = STYLED_ITEM('color',(#19272),#7178);
#19272 = PRESENTATION_STYLE_ASSIGNMENT((#19273));
#19273 = SURFACE_STYLE_USAGE(.BOTH.,#19274);
#19274 = SURFACE_SIDE_STYLE('',(#19275));
#19275 = SURFACE_STYLE_FILL_AREA(#19276);
#19276 = FILL_AREA_STYLE('',(#19277));
#19277 = FILL_AREA_STYLE_COLOUR('',#18453);
#19278 = STYLED_ITEM('color',(#19279),#7195);
#19279 = PRESENTATION_STYLE_ASSIGNMENT((#19280));
#19280 = SURFACE_STYLE_USAGE(.BOTH.,#19281);
#19281 = SURFACE_SIDE_STYLE('',(#19282));
#19282 = SURFACE_STYLE_FILL_AREA(#19283);
#19283 = FILL_AREA_STYLE('',(#19284));
#19284 = FILL_AREA_STYLE_COLOUR('',#18453);
#19285 = STYLED_ITEM('color',(#19286),#7253);
#19286 = PRESENTATION_STYLE_ASSIGNMENT((#19287));
#19287 = SURFACE_STYLE_USAGE(.BOTH.,#19288);
#19288 = SURFACE_SIDE_STYLE('',(#19289));
#19289 = SURFACE_STYLE_FILL_AREA(#19290);
#19290 = FILL_AREA_STYLE('',(#19291));
#19291 = FILL_AREA_STYLE_COLOUR('',#18453);
#19292 = STYLED_ITEM('color',(#19293),#7270);
#19293 = PRESENTATION_STYLE_ASSIGNMENT((#19294));
#19294 = SURFACE_STYLE_USAGE(.BOTH.,#19295);
#19295 = SURFACE_SIDE_STYLE('',(#19296));
#19296 = SURFACE_STYLE_FILL_AREA(#19297);
#19297 = FILL_AREA_STYLE('',(#19298));
#19298 = FILL_AREA_STYLE_COLOUR('',#18661);
#19299 = STYLED_ITEM('color',(#19300),#7301);
#19300 = PRESENTATION_STYLE_ASSIGNMENT((#19301));
#19301 = SURFACE_STYLE_USAGE(.BOTH.,#19302);
#19302 = SURFACE_SIDE_STYLE('',(#19303));
#19303 = SURFACE_STYLE_FILL_AREA(#19304);
#19304 = FILL_AREA_STYLE('',(#19305));
#19305 = FILL_AREA_STYLE_COLOUR('',#18453);
#19306 = STYLED_ITEM('color',(#19307),#7359);
#19307 = PRESENTATION_STYLE_ASSIGNMENT((#19308));
#19308 = SURFACE_STYLE_USAGE(.BOTH.,#19309);
#19309 = SURFACE_SIDE_STYLE('',(#19310));
#19310 = SURFACE_STYLE_FILL_AREA(#19311);
#19311 = FILL_AREA_STYLE('',(#19312));
#19312 = FILL_AREA_STYLE_COLOUR('',#18453);
#19313 = STYLED_ITEM('color',(#19314),#7417);
#19314 = PRESENTATION_STYLE_ASSIGNMENT((#19315));
#19315 = SURFACE_STYLE_USAGE(.BOTH.,#19316);
#19316 = SURFACE_SIDE_STYLE('',(#19317));
#19317 = SURFACE_STYLE_FILL_AREA(#19318);
#19318 = FILL_AREA_STYLE('',(#19319));
#19319 = FILL_AREA_STYLE_COLOUR('',#18661);
#19320 = STYLED_ITEM('color',(#19321),#7448);
#19321 = PRESENTATION_STYLE_ASSIGNMENT((#19322));
#19322 = SURFACE_STYLE_USAGE(.BOTH.,#19323);
#19323 = SURFACE_SIDE_STYLE('',(#19324));
#19324 = SURFACE_STYLE_FILL_AREA(#19325);
#19325 = FILL_AREA_STYLE('',(#19326));
#19326 = FILL_AREA_STYLE_COLOUR('',#18453);
#19327 = STYLED_ITEM('color',(#19328),#7506);
#19328 = PRESENTATION_STYLE_ASSIGNMENT((#19329));
#19329 = SURFACE_STYLE_USAGE(.BOTH.,#19330);
#19330 = SURFACE_SIDE_STYLE('',(#19331));
#19331 = SURFACE_STYLE_FILL_AREA(#19332);
#19332 = FILL_AREA_STYLE('',(#19333));
#19333 = FILL_AREA_STYLE_COLOUR('',#18453);
#19334 = STYLED_ITEM('color',(#19335),#7523);
#19335 = PRESENTATION_STYLE_ASSIGNMENT((#19336));
#19336 = SURFACE_STYLE_USAGE(.BOTH.,#19337);
#19337 = SURFACE_SIDE_STYLE('',(#19338));
#19338 = SURFACE_STYLE_FILL_AREA(#19339);
#19339 = FILL_AREA_STYLE('',(#19340));
#19340 = FILL_AREA_STYLE_COLOUR('',#18453);
#19341 = STYLED_ITEM('color',(#19342),#7581);
#19342 = PRESENTATION_STYLE_ASSIGNMENT((#19343));
#19343 = SURFACE_STYLE_USAGE(.BOTH.,#19344);
#19344 = SURFACE_SIDE_STYLE('',(#19345));
#19345 = SURFACE_STYLE_FILL_AREA(#19346);
#19346 = FILL_AREA_STYLE('',(#19347));
#19347 = FILL_AREA_STYLE_COLOUR('',#18453);
#19348 = STYLED_ITEM('color',(#19349),#7598);
#19349 = PRESENTATION_STYLE_ASSIGNMENT((#19350));
#19350 = SURFACE_STYLE_USAGE(.BOTH.,#19351);
#19351 = SURFACE_SIDE_STYLE('',(#19352));
#19352 = SURFACE_STYLE_FILL_AREA(#19353);
#19353 = FILL_AREA_STYLE('',(#19354));
#19354 = FILL_AREA_STYLE_COLOUR('',#18661);
#19355 = STYLED_ITEM('color',(#19356),#7629);
#19356 = PRESENTATION_STYLE_ASSIGNMENT((#19357));
#19357 = SURFACE_STYLE_USAGE(.BOTH.,#19358);
#19358 = SURFACE_SIDE_STYLE('',(#19359));
#19359 = SURFACE_STYLE_FILL_AREA(#19360);
#19360 = FILL_AREA_STYLE('',(#19361));
#19361 = FILL_AREA_STYLE_COLOUR('',#18453);
#19362 = STYLED_ITEM('color',(#19363),#7687);
#19363 = PRESENTATION_STYLE_ASSIGNMENT((#19364));
#19364 = SURFACE_STYLE_USAGE(.BOTH.,#19365);
#19365 = SURFACE_SIDE_STYLE('',(#19366));
#19366 = SURFACE_STYLE_FILL_AREA(#19367);
#19367 = FILL_AREA_STYLE('',(#19368));
#19368 = FILL_AREA_STYLE_COLOUR('',#18453);
#19369 = STYLED_ITEM('color',(#19370),#7745);
#19370 = PRESENTATION_STYLE_ASSIGNMENT((#19371));
#19371 = SURFACE_STYLE_USAGE(.BOTH.,#19372);
#19372 = SURFACE_SIDE_STYLE('',(#19373));
#19373 = SURFACE_STYLE_FILL_AREA(#19374);
#19374 = FILL_AREA_STYLE('',(#19375));
#19375 = FILL_AREA_STYLE_COLOUR('',#18661);
#19376 = STYLED_ITEM('color',(#19377),#7776);
#19377 = PRESENTATION_STYLE_ASSIGNMENT((#19378));
#19378 = SURFACE_STYLE_USAGE(.BOTH.,#19379);
#19379 = SURFACE_SIDE_STYLE('',(#19380));
#19380 = SURFACE_STYLE_FILL_AREA(#19381);
#19381 = FILL_AREA_STYLE('',(#19382));
#19382 = FILL_AREA_STYLE_COLOUR('',#18453);
#19383 = STYLED_ITEM('color',(#19384),#7834);
#19384 = PRESENTATION_STYLE_ASSIGNMENT((#19385));
#19385 = SURFACE_STYLE_USAGE(.BOTH.,#19386);
#19386 = SURFACE_SIDE_STYLE('',(#19387));
#19387 = SURFACE_STYLE_FILL_AREA(#19388);
#19388 = FILL_AREA_STYLE('',(#19389));
#19389 = FILL_AREA_STYLE_COLOUR('',#18453);
#19390 = STYLED_ITEM('color',(#19391),#7851);
#19391 = PRESENTATION_STYLE_ASSIGNMENT((#19392));
#19392 = SURFACE_STYLE_USAGE(.BOTH.,#19393);
#19393 = SURFACE_SIDE_STYLE('',(#19394));
#19394 = SURFACE_STYLE_FILL_AREA(#19395);
#19395 = FILL_AREA_STYLE('',(#19396));
#19396 = FILL_AREA_STYLE_COLOUR('',#18453);
#19397 = STYLED_ITEM('color',(#19398),#7909);
#19398 = PRESENTATION_STYLE_ASSIGNMENT((#19399));
#19399 = SURFACE_STYLE_USAGE(.BOTH.,#19400);
#19400 = SURFACE_SIDE_STYLE('',(#19401));
#19401 = SURFACE_STYLE_FILL_AREA(#19402);
#19402 = FILL_AREA_STYLE('',(#19403));
#19403 = FILL_AREA_STYLE_COLOUR('',#18453);
#19404 = STYLED_ITEM('color',(#19405),#7926);
#19405 = PRESENTATION_STYLE_ASSIGNMENT((#19406));
#19406 = SURFACE_STYLE_USAGE(.BOTH.,#19407);
#19407 = SURFACE_SIDE_STYLE('',(#19408));
#19408 = SURFACE_STYLE_FILL_AREA(#19409);
#19409 = FILL_AREA_STYLE('',(#19410));
#19410 = FILL_AREA_STYLE_COLOUR('',#18661);
#19411 = STYLED_ITEM('color',(#19412),#7957);
#19412 = PRESENTATION_STYLE_ASSIGNMENT((#19413));
#19413 = SURFACE_STYLE_USAGE(.BOTH.,#19414);
#19414 = SURFACE_SIDE_STYLE('',(#19415));
#19415 = SURFACE_STYLE_FILL_AREA(#19416);
#19416 = FILL_AREA_STYLE('',(#19417));
#19417 = FILL_AREA_STYLE_COLOUR('',#18661);
#19418 = STYLED_ITEM('color',(#19419),#7974);
#19419 = PRESENTATION_STYLE_ASSIGNMENT((#19420));
#19420 = SURFACE_STYLE_USAGE(.BOTH.,#19421);
#19421 = SURFACE_SIDE_STYLE('',(#19422));
#19422 = SURFACE_STYLE_FILL_AREA(#19423);
#19423 = FILL_AREA_STYLE('',(#19424));
#19424 = FILL_AREA_STYLE_COLOUR('',#18661);
#19425 = STYLED_ITEM('color',(#19426),#8059);
#19426 = PRESENTATION_STYLE_ASSIGNMENT((#19427));
#19427 = SURFACE_STYLE_USAGE(.BOTH.,#19428);
#19428 = SURFACE_SIDE_STYLE('',(#19429));
#19429 = SURFACE_STYLE_FILL_AREA(#19430);
#19430 = FILL_AREA_STYLE('',(#19431));
#19431 = FILL_AREA_STYLE_COLOUR('',#18453);
#19432 = STYLED_ITEM('color',(#19433),#8078);
#19433 = PRESENTATION_STYLE_ASSIGNMENT((#19434));
#19434 = SURFACE_STYLE_USAGE(.BOTH.,#19435);
#19435 = SURFACE_SIDE_STYLE('',(#19436));
#19436 = SURFACE_STYLE_FILL_AREA(#19437);
#19437 = FILL_AREA_STYLE('',(#19438));
#19438 = FILL_AREA_STYLE_COLOUR('',#18453);
#19439 = STYLED_ITEM('color',(#19440),#8127);
#19440 = PRESENTATION_STYLE_ASSIGNMENT((#19441));
#19441 = SURFACE_STYLE_USAGE(.BOTH.,#19442);
#19442 = SURFACE_SIDE_STYLE('',(#19443));
#19443 = SURFACE_STYLE_FILL_AREA(#19444);
#19444 = FILL_AREA_STYLE('',(#19445));
#19445 = FILL_AREA_STYLE_COLOUR('',#18453);
#19446 = STYLED_ITEM('color',(#19447),#8151);
#19447 = PRESENTATION_STYLE_ASSIGNMENT((#19448));
#19448 = SURFACE_STYLE_USAGE(.BOTH.,#19449);
#19449 = SURFACE_SIDE_STYLE('',(#19450));
#19450 = SURFACE_STYLE_FILL_AREA(#19451);
#19451 = FILL_AREA_STYLE('',(#19452));
#19452 = FILL_AREA_STYLE_COLOUR('',#18453);
#19453 = STYLED_ITEM('color',(#19454),#8198);
#19454 = PRESENTATION_STYLE_ASSIGNMENT((#19455));
#19455 = SURFACE_STYLE_USAGE(.BOTH.,#19456);
#19456 = SURFACE_SIDE_STYLE('',(#19457));
#19457 = SURFACE_STYLE_FILL_AREA(#19458);
#19458 = FILL_AREA_STYLE('',(#19459));
#19459 = FILL_AREA_STYLE_COLOUR('',#18453);
#19460 = STYLED_ITEM('color',(#19461),#8210);
#19461 = PRESENTATION_STYLE_ASSIGNMENT((#19462));
#19462 = SURFACE_STYLE_USAGE(.BOTH.,#19463);
#19463 = SURFACE_SIDE_STYLE('',(#19464));
#19464 = SURFACE_STYLE_FILL_AREA(#19465);
#19465 = FILL_AREA_STYLE('',(#19466));
#19466 = FILL_AREA_STYLE_COLOUR('',#18453);
#19467 = STYLED_ITEM('color',(#19468),#8229);
#19468 = PRESENTATION_STYLE_ASSIGNMENT((#19469));
#19469 = SURFACE_STYLE_USAGE(.BOTH.,#19470);
#19470 = SURFACE_SIDE_STYLE('',(#19471));
#19471 = SURFACE_STYLE_FILL_AREA(#19472);
#19472 = FILL_AREA_STYLE('',(#19473));
#19473 = FILL_AREA_STYLE_COLOUR('',#18453);
#19474 = STYLED_ITEM('color',(#19475),#8246);
#19475 = PRESENTATION_STYLE_ASSIGNMENT((#19476));
#19476 = SURFACE_STYLE_USAGE(.BOTH.,#19477);
#19477 = SURFACE_SIDE_STYLE('',(#19478));
#19478 = SURFACE_STYLE_FILL_AREA(#19479);
#19479 = FILL_AREA_STYLE('',(#19480));
#19480 = FILL_AREA_STYLE_COLOUR('',#18453);
#19481 = STYLED_ITEM('color',(#19482),#8295);
#19482 = PRESENTATION_STYLE_ASSIGNMENT((#19483));
#19483 = SURFACE_STYLE_USAGE(.BOTH.,#19484);
#19484 = SURFACE_SIDE_STYLE('',(#19485));
#19485 = SURFACE_STYLE_FILL_AREA(#19486);
#19486 = FILL_AREA_STYLE('',(#19487));
#19487 = FILL_AREA_STYLE_COLOUR('',#18453);
#19488 = STYLED_ITEM('color',(#19489),#8319);
#19489 = PRESENTATION_STYLE_ASSIGNMENT((#19490));
#19490 = SURFACE_STYLE_USAGE(.BOTH.,#19491);
#19491 = SURFACE_SIDE_STYLE('',(#19492));
#19492 = SURFACE_STYLE_FILL_AREA(#19493);
#19493 = FILL_AREA_STYLE('',(#19494));
#19494 = FILL_AREA_STYLE_COLOUR('',#18453);
#19495 = STYLED_ITEM('color',(#19496),#8361);
#19496 = PRESENTATION_STYLE_ASSIGNMENT((#19497));
#19497 = SURFACE_STYLE_USAGE(.BOTH.,#19498);
#19498 = SURFACE_SIDE_STYLE('',(#19499));
#19499 = SURFACE_STYLE_FILL_AREA(#19500);
#19500 = FILL_AREA_STYLE('',(#19501));
#19501 = FILL_AREA_STYLE_COLOUR('',#18453);
#19502 = STYLED_ITEM('color',(#19503),#8378);
#19503 = PRESENTATION_STYLE_ASSIGNMENT((#19504));
#19504 = SURFACE_STYLE_USAGE(.BOTH.,#19505);
#19505 = SURFACE_SIDE_STYLE('',(#19506));
#19506 = SURFACE_STYLE_FILL_AREA(#19507);
#19507 = FILL_AREA_STYLE('',(#19508));
#19508 = FILL_AREA_STYLE_COLOUR('',#18453);
#19509 = STYLED_ITEM('color',(#19510),#8395);
#19510 = PRESENTATION_STYLE_ASSIGNMENT((#19511));
#19511 = SURFACE_STYLE_USAGE(.BOTH.,#19512);
#19512 = SURFACE_SIDE_STYLE('',(#19513));
#19513 = SURFACE_STYLE_FILL_AREA(#19514);
#19514 = FILL_AREA_STYLE('',(#19515));
#19515 = FILL_AREA_STYLE_COLOUR('',#18453);
#19516 = STYLED_ITEM('color',(#19517),#8414);
#19517 = PRESENTATION_STYLE_ASSIGNMENT((#19518));
#19518 = SURFACE_STYLE_USAGE(.BOTH.,#19519);
#19519 = SURFACE_SIDE_STYLE('',(#19520));
#19520 = SURFACE_STYLE_FILL_AREA(#19521);
#19521 = FILL_AREA_STYLE('',(#19522));
#19522 = FILL_AREA_STYLE_COLOUR('',#18453);
#19523 = STYLED_ITEM('color',(#19524),#8479);
#19524 = PRESENTATION_STYLE_ASSIGNMENT((#19525));
#19525 = SURFACE_STYLE_USAGE(.BOTH.,#19526);
#19526 = SURFACE_SIDE_STYLE('',(#19527));
#19527 = SURFACE_STYLE_FILL_AREA(#19528);
#19528 = FILL_AREA_STYLE('',(#19529));
#19529 = FILL_AREA_STYLE_COLOUR('',#18453);
#19530 = STYLED_ITEM('color',(#19531),#8503);
#19531 = PRESENTATION_STYLE_ASSIGNMENT((#19532));
#19532 = SURFACE_STYLE_USAGE(.BOTH.,#19533);
#19533 = SURFACE_SIDE_STYLE('',(#19534));
#19534 = SURFACE_STYLE_FILL_AREA(#19535);
#19535 = FILL_AREA_STYLE('',(#19536));
#19536 = FILL_AREA_STYLE_COLOUR('',#18453);
#19537 = STYLED_ITEM('color',(#19538),#8566);
#19538 = PRESENTATION_STYLE_ASSIGNMENT((#19539));
#19539 = SURFACE_STYLE_USAGE(.BOTH.,#19540);
#19540 = SURFACE_SIDE_STYLE('',(#19541));
#19541 = SURFACE_STYLE_FILL_AREA(#19542);
#19542 = FILL_AREA_STYLE('',(#19543));
#19543 = FILL_AREA_STYLE_COLOUR('',#18453);
#19544 = STYLED_ITEM('color',(#19545),#8578);
#19545 = PRESENTATION_STYLE_ASSIGNMENT((#19546));
#19546 = SURFACE_STYLE_USAGE(.BOTH.,#19547);
#19547 = SURFACE_SIDE_STYLE('',(#19548));
#19548 = SURFACE_STYLE_FILL_AREA(#19549);
#19549 = FILL_AREA_STYLE('',(#19550));
#19550 = FILL_AREA_STYLE_COLOUR('',#18453);
#19551 = STYLED_ITEM('color',(#19552),#8643);
#19552 = PRESENTATION_STYLE_ASSIGNMENT((#19553));
#19553 = SURFACE_STYLE_USAGE(.BOTH.,#19554);
#19554 = SURFACE_SIDE_STYLE('',(#19555));
#19555 = SURFACE_STYLE_FILL_AREA(#19556);
#19556 = FILL_AREA_STYLE('',(#19557));
#19557 = FILL_AREA_STYLE_COLOUR('',#18453);
#19558 = STYLED_ITEM('color',(#19559),#8667);
#19559 = PRESENTATION_STYLE_ASSIGNMENT((#19560));
#19560 = SURFACE_STYLE_USAGE(.BOTH.,#19561);
#19561 = SURFACE_SIDE_STYLE('',(#19562));
#19562 = SURFACE_STYLE_FILL_AREA(#19563);
#19563 = FILL_AREA_STYLE('',(#19564));
#19564 = FILL_AREA_STYLE_COLOUR('',#18453);
#19565 = STYLED_ITEM('color',(#19566),#8730);
#19566 = PRESENTATION_STYLE_ASSIGNMENT((#19567));
#19567 = SURFACE_STYLE_USAGE(.BOTH.,#19568);
#19568 = SURFACE_SIDE_STYLE('',(#19569));
#19569 = SURFACE_STYLE_FILL_AREA(#19570);
#19570 = FILL_AREA_STYLE('',(#19571));
#19571 = FILL_AREA_STYLE_COLOUR('',#18453);
#19572 = STYLED_ITEM('color',(#19573),#8747);
#19573 = PRESENTATION_STYLE_ASSIGNMENT((#19574));
#19574 = SURFACE_STYLE_USAGE(.BOTH.,#19575);
#19575 = SURFACE_SIDE_STYLE('',(#19576));
#19576 = SURFACE_STYLE_FILL_AREA(#19577);
#19577 = FILL_AREA_STYLE('',(#19578));
#19578 = FILL_AREA_STYLE_COLOUR('',#18453);
#19579 = STYLED_ITEM('color',(#19580),#8761);
#19580 = PRESENTATION_STYLE_ASSIGNMENT((#19581));
#19581 = SURFACE_STYLE_USAGE(.BOTH.,#19582);
#19582 = SURFACE_SIDE_STYLE('',(#19583));
#19583 = SURFACE_STYLE_FILL_AREA(#19584);
#19584 = FILL_AREA_STYLE('',(#19585));
#19585 = FILL_AREA_STYLE_COLOUR('',#18453);
#19586 = STYLED_ITEM('color',(#19587),#8778);
#19587 = PRESENTATION_STYLE_ASSIGNMENT((#19588));
#19588 = SURFACE_STYLE_USAGE(.BOTH.,#19589);
#19589 = SURFACE_SIDE_STYLE('',(#19590));
#19590 = SURFACE_STYLE_FILL_AREA(#19591);
#19591 = FILL_AREA_STYLE('',(#19592));
#19592 = FILL_AREA_STYLE_COLOUR('',#18453);
#19593 = STYLED_ITEM('color',(#19594),#8795);
#19594 = PRESENTATION_STYLE_ASSIGNMENT((#19595));
#19595 = SURFACE_STYLE_USAGE(.BOTH.,#19596);
#19596 = SURFACE_SIDE_STYLE('',(#19597));
#19597 = SURFACE_STYLE_FILL_AREA(#19598);
#19598 = FILL_AREA_STYLE('',(#19599));
#19599 = FILL_AREA_STYLE_COLOUR('',#18453);
#19600 = STYLED_ITEM('color',(#19601),#8814);
#19601 = PRESENTATION_STYLE_ASSIGNMENT((#19602));
#19602 = SURFACE_STYLE_USAGE(.BOTH.,#19603);
#19603 = SURFACE_SIDE_STYLE('',(#19604));
#19604 = SURFACE_STYLE_FILL_AREA(#19605);
#19605 = FILL_AREA_STYLE('',(#19606));
#19606 = FILL_AREA_STYLE_COLOUR('',#18453);
#19607 = STYLED_ITEM('color',(#19608),#8879);
#19608 = PRESENTATION_STYLE_ASSIGNMENT((#19609));
#19609 = SURFACE_STYLE_USAGE(.BOTH.,#19610);
#19610 = SURFACE_SIDE_STYLE('',(#19611));
#19611 = SURFACE_STYLE_FILL_AREA(#19612);
#19612 = FILL_AREA_STYLE('',(#19613));
#19613 = FILL_AREA_STYLE_COLOUR('',#18453);
#19614 = STYLED_ITEM('color',(#19615),#8903);
#19615 = PRESENTATION_STYLE_ASSIGNMENT((#19616));
#19616 = SURFACE_STYLE_USAGE(.BOTH.,#19617);
#19617 = SURFACE_SIDE_STYLE('',(#19618));
#19618 = SURFACE_STYLE_FILL_AREA(#19619);
#19619 = FILL_AREA_STYLE('',(#19620));
#19620 = FILL_AREA_STYLE_COLOUR('',#18453);
#19621 = STYLED_ITEM('color',(#19622),#8966);
#19622 = PRESENTATION_STYLE_ASSIGNMENT((#19623));
#19623 = SURFACE_STYLE_USAGE(.BOTH.,#19624);
#19624 = SURFACE_SIDE_STYLE('',(#19625));
#19625 = SURFACE_STYLE_FILL_AREA(#19626);
#19626 = FILL_AREA_STYLE('',(#19627));
#19627 = FILL_AREA_STYLE_COLOUR('',#18453);
#19628 = STYLED_ITEM('color',(#19629),#8978);
#19629 = PRESENTATION_STYLE_ASSIGNMENT((#19630));
#19630 = SURFACE_STYLE_USAGE(.BOTH.,#19631);
#19631 = SURFACE_SIDE_STYLE('',(#19632));
#19632 = SURFACE_STYLE_FILL_AREA(#19633);
#19633 = FILL_AREA_STYLE('',(#19634));
#19634 = FILL_AREA_STYLE_COLOUR('',#18453);
#19635 = STYLED_ITEM('color',(#19636),#9043);
#19636 = PRESENTATION_STYLE_ASSIGNMENT((#19637));
#19637 = SURFACE_STYLE_USAGE(.BOTH.,#19638);
#19638 = SURFACE_SIDE_STYLE('',(#19639));
#19639 = SURFACE_STYLE_FILL_AREA(#19640);
#19640 = FILL_AREA_STYLE('',(#19641));
#19641 = FILL_AREA_STYLE_COLOUR('',#18453);
#19642 = STYLED_ITEM('color',(#19643),#9067);
#19643 = PRESENTATION_STYLE_ASSIGNMENT((#19644));
#19644 = SURFACE_STYLE_USAGE(.BOTH.,#19645);
#19645 = SURFACE_SIDE_STYLE('',(#19646));
#19646 = SURFACE_STYLE_FILL_AREA(#19647);
#19647 = FILL_AREA_STYLE('',(#19648));
#19648 = FILL_AREA_STYLE_COLOUR('',#18453);
#19649 = STYLED_ITEM('color',(#19650),#9130);
#19650 = PRESENTATION_STYLE_ASSIGNMENT((#19651));
#19651 = SURFACE_STYLE_USAGE(.BOTH.,#19652);
#19652 = SURFACE_SIDE_STYLE('',(#19653));
#19653 = SURFACE_STYLE_FILL_AREA(#19654);
#19654 = FILL_AREA_STYLE('',(#19655));
#19655 = FILL_AREA_STYLE_COLOUR('',#18453);
#19656 = STYLED_ITEM('color',(#19657),#9147);
#19657 = PRESENTATION_STYLE_ASSIGNMENT((#19658));
#19658 = SURFACE_STYLE_USAGE(.BOTH.,#19659);
#19659 = SURFACE_SIDE_STYLE('',(#19660));
#19660 = SURFACE_STYLE_FILL_AREA(#19661);
#19661 = FILL_AREA_STYLE('',(#19662));
#19662 = FILL_AREA_STYLE_COLOUR('',#18453);
#19663 = STYLED_ITEM('color',(#19664),#9161);
#19664 = PRESENTATION_STYLE_ASSIGNMENT((#19665));
#19665 = SURFACE_STYLE_USAGE(.BOTH.,#19666);
#19666 = SURFACE_SIDE_STYLE('',(#19667));
#19667 = SURFACE_STYLE_FILL_AREA(#19668);
#19668 = FILL_AREA_STYLE('',(#19669));
#19669 = FILL_AREA_STYLE_COLOUR('',#18453);
#19670 = STYLED_ITEM('color',(#19671),#9178);
#19671 = PRESENTATION_STYLE_ASSIGNMENT((#19672));
#19672 = SURFACE_STYLE_USAGE(.BOTH.,#19673);
#19673 = SURFACE_SIDE_STYLE('',(#19674));
#19674 = SURFACE_STYLE_FILL_AREA(#19675);
#19675 = FILL_AREA_STYLE('',(#19676));
#19676 = FILL_AREA_STYLE_COLOUR('',#18453);
#19677 = STYLED_ITEM('color',(#19678),#9195);
#19678 = PRESENTATION_STYLE_ASSIGNMENT((#19679));
#19679 = SURFACE_STYLE_USAGE(.BOTH.,#19680);
#19680 = SURFACE_SIDE_STYLE('',(#19681));
#19681 = SURFACE_STYLE_FILL_AREA(#19682);
#19682 = FILL_AREA_STYLE('',(#19683));
#19683 = FILL_AREA_STYLE_COLOUR('',#18453);
#19684 = STYLED_ITEM('color',(#19685),#9214);
#19685 = PRESENTATION_STYLE_ASSIGNMENT((#19686));
#19686 = SURFACE_STYLE_USAGE(.BOTH.,#19687);
#19687 = SURFACE_SIDE_STYLE('',(#19688));
#19688 = SURFACE_STYLE_FILL_AREA(#19689);
#19689 = FILL_AREA_STYLE('',(#19690));
#19690 = FILL_AREA_STYLE_COLOUR('',#18453);
#19691 = STYLED_ITEM('color',(#19692),#9279);
#19692 = PRESENTATION_STYLE_ASSIGNMENT((#19693));
#19693 = SURFACE_STYLE_USAGE(.BOTH.,#19694);
#19694 = SURFACE_SIDE_STYLE('',(#19695));
#19695 = SURFACE_STYLE_FILL_AREA(#19696);
#19696 = FILL_AREA_STYLE('',(#19697));
#19697 = FILL_AREA_STYLE_COLOUR('',#18453);
#19698 = STYLED_ITEM('color',(#19699),#9303);
#19699 = PRESENTATION_STYLE_ASSIGNMENT((#19700));
#19700 = SURFACE_STYLE_USAGE(.BOTH.,#19701);
#19701 = SURFACE_SIDE_STYLE('',(#19702));
#19702 = SURFACE_STYLE_FILL_AREA(#19703);
#19703 = FILL_AREA_STYLE('',(#19704));
#19704 = FILL_AREA_STYLE_COLOUR('',#18453);
#19705 = STYLED_ITEM('color',(#19706),#9366);
#19706 = PRESENTATION_STYLE_ASSIGNMENT((#19707));
#19707 = SURFACE_STYLE_USAGE(.BOTH.,#19708);
#19708 = SURFACE_SIDE_STYLE('',(#19709));
#19709 = SURFACE_STYLE_FILL_AREA(#19710);
#19710 = FILL_AREA_STYLE('',(#19711));
#19711 = FILL_AREA_STYLE_COLOUR('',#18453);
#19712 = STYLED_ITEM('color',(#19713),#9378);
#19713 = PRESENTATION_STYLE_ASSIGNMENT((#19714));
#19714 = SURFACE_STYLE_USAGE(.BOTH.,#19715);
#19715 = SURFACE_SIDE_STYLE('',(#19716));
#19716 = SURFACE_STYLE_FILL_AREA(#19717);
#19717 = FILL_AREA_STYLE('',(#19718));
#19718 = FILL_AREA_STYLE_COLOUR('',#18453);
#19719 = STYLED_ITEM('color',(#19720),#9443);
#19720 = PRESENTATION_STYLE_ASSIGNMENT((#19721));
#19721 = SURFACE_STYLE_USAGE(.BOTH.,#19722);
#19722 = SURFACE_SIDE_STYLE('',(#19723));
#19723 = SURFACE_STYLE_FILL_AREA(#19724);
#19724 = FILL_AREA_STYLE('',(#19725));
#19725 = FILL_AREA_STYLE_COLOUR('',#18453);
#19726 = STYLED_ITEM('color',(#19727),#9467);
#19727 = PRESENTATION_STYLE_ASSIGNMENT((#19728));
#19728 = SURFACE_STYLE_USAGE(.BOTH.,#19729);
#19729 = SURFACE_SIDE_STYLE('',(#19730));
#19730 = SURFACE_STYLE_FILL_AREA(#19731);
#19731 = FILL_AREA_STYLE('',(#19732));
#19732 = FILL_AREA_STYLE_COLOUR('',#18453);
#19733 = STYLED_ITEM('color',(#19734),#9530);
#19734 = PRESENTATION_STYLE_ASSIGNMENT((#19735));
#19735 = SURFACE_STYLE_USAGE(.BOTH.,#19736);
#19736 = SURFACE_SIDE_STYLE('',(#19737));
#19737 = SURFACE_STYLE_FILL_AREA(#19738);
#19738 = FILL_AREA_STYLE('',(#19739));
#19739 = FILL_AREA_STYLE_COLOUR('',#18453);
#19740 = STYLED_ITEM('color',(#19741),#9547);
#19741 = PRESENTATION_STYLE_ASSIGNMENT((#19742));
#19742 = SURFACE_STYLE_USAGE(.BOTH.,#19743);
#19743 = SURFACE_SIDE_STYLE('',(#19744));
#19744 = SURFACE_STYLE_FILL_AREA(#19745);
#19745 = FILL_AREA_STYLE('',(#19746));
#19746 = FILL_AREA_STYLE_COLOUR('',#18453);
#19747 = STYLED_ITEM('color',(#19748),#9561);
#19748 = PRESENTATION_STYLE_ASSIGNMENT((#19749));
#19749 = SURFACE_STYLE_USAGE(.BOTH.,#19750);
#19750 = SURFACE_SIDE_STYLE('',(#19751));
#19751 = SURFACE_STYLE_FILL_AREA(#19752);
#19752 = FILL_AREA_STYLE('',(#19753));
#19753 = FILL_AREA_STYLE_COLOUR('',#18453);
#19754 = STYLED_ITEM('color',(#19755),#9578);
#19755 = PRESENTATION_STYLE_ASSIGNMENT((#19756));
#19756 = SURFACE_STYLE_USAGE(.BOTH.,#19757);
#19757 = SURFACE_SIDE_STYLE('',(#19758));
#19758 = SURFACE_STYLE_FILL_AREA(#19759);
#19759 = FILL_AREA_STYLE('',(#19760));
#19760 = FILL_AREA_STYLE_COLOUR('',#18453);
#19761 = STYLED_ITEM('color',(#19762),#9595);
#19762 = PRESENTATION_STYLE_ASSIGNMENT((#19763));
#19763 = SURFACE_STYLE_USAGE(.BOTH.,#19764);
#19764 = SURFACE_SIDE_STYLE('',(#19765));
#19765 = SURFACE_STYLE_FILL_AREA(#19766);
#19766 = FILL_AREA_STYLE('',(#19767));
#19767 = FILL_AREA_STYLE_COLOUR('',#18661);
#19768 = STYLED_ITEM('color',(#19769),#9944);
#19769 = PRESENTATION_STYLE_ASSIGNMENT((#19770));
#19770 = SURFACE_STYLE_USAGE(.BOTH.,#19771);
#19771 = SURFACE_SIDE_STYLE('',(#19772));
#19772 = SURFACE_STYLE_FILL_AREA(#19773);
#19773 = FILL_AREA_STYLE('',(#19774));
#19774 = FILL_AREA_STYLE_COLOUR('',#18661);
#19775 = STYLED_ITEM('color',(#19776),#10023);
#19776 = PRESENTATION_STYLE_ASSIGNMENT((#19777));
#19777 = SURFACE_STYLE_USAGE(.BOTH.,#19778);
#19778 = SURFACE_SIDE_STYLE('',(#19779));
#19779 = SURFACE_STYLE_FILL_AREA(#19780);
#19780 = FILL_AREA_STYLE('',(#19781));
#19781 = FILL_AREA_STYLE_COLOUR('',#18453);
#19782 = STYLED_ITEM('color',(#19783),#10042);
#19783 = PRESENTATION_STYLE_ASSIGNMENT((#19784));
#19784 = SURFACE_STYLE_USAGE(.BOTH.,#19785);
#19785 = SURFACE_SIDE_STYLE('',(#19786));
#19786 = SURFACE_STYLE_FILL_AREA(#19787);
#19787 = FILL_AREA_STYLE('',(#19788));
#19788 = FILL_AREA_STYLE_COLOUR('',#18453);
#19789 = STYLED_ITEM('color',(#19790),#10091);
#19790 = PRESENTATION_STYLE_ASSIGNMENT((#19791));
#19791 = SURFACE_STYLE_USAGE(.BOTH.,#19792);
#19792 = SURFACE_SIDE_STYLE('',(#19793));
#19793 = SURFACE_STYLE_FILL_AREA(#19794);
#19794 = FILL_AREA_STYLE('',(#19795));
#19795 = FILL_AREA_STYLE_COLOUR('',#18453);
#19796 = STYLED_ITEM('color',(#19797),#10115);
#19797 = PRESENTATION_STYLE_ASSIGNMENT((#19798));
#19798 = SURFACE_STYLE_USAGE(.BOTH.,#19799);
#19799 = SURFACE_SIDE_STYLE('',(#19800));
#19800 = SURFACE_STYLE_FILL_AREA(#19801);
#19801 = FILL_AREA_STYLE('',(#19802));
#19802 = FILL_AREA_STYLE_COLOUR('',#18453);
#19803 = STYLED_ITEM('color',(#19804),#10162);
#19804 = PRESENTATION_STYLE_ASSIGNMENT((#19805));
#19805 = SURFACE_STYLE_USAGE(.BOTH.,#19806);
#19806 = SURFACE_SIDE_STYLE('',(#19807));
#19807 = SURFACE_STYLE_FILL_AREA(#19808);
#19808 = FILL_AREA_STYLE('',(#19809));
#19809 = FILL_AREA_STYLE_COLOUR('',#18453);
#19810 = STYLED_ITEM('color',(#19811),#10174);
#19811 = PRESENTATION_STYLE_ASSIGNMENT((#19812));
#19812 = SURFACE_STYLE_USAGE(.BOTH.,#19813);
#19813 = SURFACE_SIDE_STYLE('',(#19814));
#19814 = SURFACE_STYLE_FILL_AREA(#19815);
#19815 = FILL_AREA_STYLE('',(#19816));
#19816 = FILL_AREA_STYLE_COLOUR('',#18453);
#19817 = STYLED_ITEM('color',(#19818),#10228);
#19818 = PRESENTATION_STYLE_ASSIGNMENT((#19819));
#19819 = SURFACE_STYLE_USAGE(.BOTH.,#19820);
#19820 = SURFACE_SIDE_STYLE('',(#19821));
#19821 = SURFACE_STYLE_FILL_AREA(#19822);
#19822 = FILL_AREA_STYLE('',(#19823));
#19823 = FILL_AREA_STYLE_COLOUR('',#18453);
#19824 = STYLED_ITEM('color',(#19825),#10252);
#19825 = PRESENTATION_STYLE_ASSIGNMENT((#19826));
#19826 = SURFACE_STYLE_USAGE(.BOTH.,#19827);
#19827 = SURFACE_SIDE_STYLE('',(#19828));
#19828 = SURFACE_STYLE_FILL_AREA(#19829);
#19829 = FILL_AREA_STYLE('',(#19830));
#19830 = FILL_AREA_STYLE_COLOUR('',#18453);
#19831 = STYLED_ITEM('color',(#19832),#10294);
#19832 = PRESENTATION_STYLE_ASSIGNMENT((#19833));
#19833 = SURFACE_STYLE_USAGE(.BOTH.,#19834);
#19834 = SURFACE_SIDE_STYLE('',(#19835));
#19835 = SURFACE_STYLE_FILL_AREA(#19836);
#19836 = FILL_AREA_STYLE('',(#19837));
#19837 = FILL_AREA_STYLE_COLOUR('',#18453);
#19838 = STYLED_ITEM('color',(#19839),#10313);
#19839 = PRESENTATION_STYLE_ASSIGNMENT((#19840));
#19840 = SURFACE_STYLE_USAGE(.BOTH.,#19841);
#19841 = SURFACE_SIDE_STYLE('',(#19842));
#19842 = SURFACE_STYLE_FILL_AREA(#19843);
#19843 = FILL_AREA_STYLE('',(#19844));
#19844 = FILL_AREA_STYLE_COLOUR('',#18453);
#19845 = STYLED_ITEM('color',(#19846),#10325);
#19846 = PRESENTATION_STYLE_ASSIGNMENT((#19847));
#19847 = SURFACE_STYLE_USAGE(.BOTH.,#19848);
#19848 = SURFACE_SIDE_STYLE('',(#19849));
#19849 = SURFACE_STYLE_FILL_AREA(#19850);
#19850 = FILL_AREA_STYLE('',(#19851));
#19851 = FILL_AREA_STYLE_COLOUR('',#18453);
#19852 = STYLED_ITEM('color',(#19853),#10342);
#19853 = PRESENTATION_STYLE_ASSIGNMENT((#19854));
#19854 = SURFACE_STYLE_USAGE(.BOTH.,#19855);
#19855 = SURFACE_SIDE_STYLE('',(#19856));
#19856 = SURFACE_STYLE_FILL_AREA(#19857);
#19857 = FILL_AREA_STYLE('',(#19858));
#19858 = FILL_AREA_STYLE_COLOUR('',#18453);
#19859 = STYLED_ITEM('color',(#19860),#10359);
#19860 = PRESENTATION_STYLE_ASSIGNMENT((#19861));
#19861 = SURFACE_STYLE_USAGE(.BOTH.,#19862);
#19862 = SURFACE_SIDE_STYLE('',(#19863));
#19863 = SURFACE_STYLE_FILL_AREA(#19864);
#19864 = FILL_AREA_STYLE('',(#19865));
#19865 = FILL_AREA_STYLE_COLOUR('',#18453);
#19866 = STYLED_ITEM('color',(#19867),#10378);
#19867 = PRESENTATION_STYLE_ASSIGNMENT((#19868));
#19868 = SURFACE_STYLE_USAGE(.BOTH.,#19869);
#19869 = SURFACE_SIDE_STYLE('',(#19870));
#19870 = SURFACE_STYLE_FILL_AREA(#19871);
#19871 = FILL_AREA_STYLE('',(#19872));
#19872 = FILL_AREA_STYLE_COLOUR('',#18453);
#19873 = STYLED_ITEM('color',(#19874),#10395);
#19874 = PRESENTATION_STYLE_ASSIGNMENT((#19875));
#19875 = SURFACE_STYLE_USAGE(.BOTH.,#19876);
#19876 = SURFACE_SIDE_STYLE('',(#19877));
#19877 = SURFACE_STYLE_FILL_AREA(#19878);
#19878 = FILL_AREA_STYLE('',(#19879));
#19879 = FILL_AREA_STYLE_COLOUR('',#18453);
#19880 = STYLED_ITEM('color',(#19881),#10460);
#19881 = PRESENTATION_STYLE_ASSIGNMENT((#19882));
#19882 = SURFACE_STYLE_USAGE(.BOTH.,#19883);
#19883 = SURFACE_SIDE_STYLE('',(#19884));
#19884 = SURFACE_STYLE_FILL_AREA(#19885);
#19885 = FILL_AREA_STYLE('',(#19886));
#19886 = FILL_AREA_STYLE_COLOUR('',#18453);
#19887 = STYLED_ITEM('color',(#19888),#10484);
#19888 = PRESENTATION_STYLE_ASSIGNMENT((#19889));
#19889 = SURFACE_STYLE_USAGE(.BOTH.,#19890);
#19890 = SURFACE_SIDE_STYLE('',(#19891));
#19891 = SURFACE_STYLE_FILL_AREA(#19892);
#19892 = FILL_AREA_STYLE('',(#19893));
#19893 = FILL_AREA_STYLE_COLOUR('',#18453);
#19894 = STYLED_ITEM('color',(#19895),#10542);
#19895 = PRESENTATION_STYLE_ASSIGNMENT((#19896));
#19896 = SURFACE_STYLE_USAGE(.BOTH.,#19897);
#19897 = SURFACE_SIDE_STYLE('',(#19898));
#19898 = SURFACE_STYLE_FILL_AREA(#19899);
#19899 = FILL_AREA_STYLE('',(#19900));
#19900 = FILL_AREA_STYLE_COLOUR('',#18453);
#19901 = STYLED_ITEM('color',(#19902),#10564);
#19902 = PRESENTATION_STYLE_ASSIGNMENT((#19903));
#19903 = SURFACE_STYLE_USAGE(.BOTH.,#19904);
#19904 = SURFACE_SIDE_STYLE('',(#19905));
#19905 = SURFACE_STYLE_FILL_AREA(#19906);
#19906 = FILL_AREA_STYLE('',(#19907));
#19907 = FILL_AREA_STYLE_COLOUR('',#18453);
#19908 = STYLED_ITEM('color',(#19909),#10629);
#19909 = PRESENTATION_STYLE_ASSIGNMENT((#19910));
#19910 = SURFACE_STYLE_USAGE(.BOTH.,#19911);
#19911 = SURFACE_SIDE_STYLE('',(#19912));
#19912 = SURFACE_STYLE_FILL_AREA(#19913);
#19913 = FILL_AREA_STYLE('',(#19914));
#19914 = FILL_AREA_STYLE_COLOUR('',#18453);
#19915 = STYLED_ITEM('color',(#19916),#10653);
#19916 = PRESENTATION_STYLE_ASSIGNMENT((#19917));
#19917 = SURFACE_STYLE_USAGE(.BOTH.,#19918);
#19918 = SURFACE_SIDE_STYLE('',(#19919));
#19919 = SURFACE_STYLE_FILL_AREA(#19920);
#19920 = FILL_AREA_STYLE('',(#19921));
#19921 = FILL_AREA_STYLE_COLOUR('',#18453);
#19922 = STYLED_ITEM('color',(#19923),#10711);
#19923 = PRESENTATION_STYLE_ASSIGNMENT((#19924));
#19924 = SURFACE_STYLE_USAGE(.BOTH.,#19925);
#19925 = SURFACE_SIDE_STYLE('',(#19926));
#19926 = SURFACE_STYLE_FILL_AREA(#19927);
#19927 = FILL_AREA_STYLE('',(#19928));
#19928 = FILL_AREA_STYLE_COLOUR('',#18453);
#19929 = STYLED_ITEM('color',(#19930),#10725);
#19930 = PRESENTATION_STYLE_ASSIGNMENT((#19931));
#19931 = SURFACE_STYLE_USAGE(.BOTH.,#19932);
#19932 = SURFACE_SIDE_STYLE('',(#19933));
#19933 = SURFACE_STYLE_FILL_AREA(#19934);
#19934 = FILL_AREA_STYLE('',(#19935));
#19935 = FILL_AREA_STYLE_COLOUR('',#18453);
#19936 = STYLED_ITEM('color',(#19937),#10742);
#19937 = PRESENTATION_STYLE_ASSIGNMENT((#19938));
#19938 = SURFACE_STYLE_USAGE(.BOTH.,#19939);
#19939 = SURFACE_SIDE_STYLE('',(#19940));
#19940 = SURFACE_STYLE_FILL_AREA(#19941);
#19941 = FILL_AREA_STYLE('',(#19942));
#19942 = FILL_AREA_STYLE_COLOUR('',#18453);
#19943 = STYLED_ITEM('color',(#19944),#10759);
#19944 = PRESENTATION_STYLE_ASSIGNMENT((#19945));
#19945 = SURFACE_STYLE_USAGE(.BOTH.,#19946);
#19946 = SURFACE_SIDE_STYLE('',(#19947));
#19947 = SURFACE_STYLE_FILL_AREA(#19948);
#19948 = FILL_AREA_STYLE('',(#19949));
#19949 = FILL_AREA_STYLE_COLOUR('',#18453);
#19950 = STYLED_ITEM('color',(#19951),#10778);
#19951 = PRESENTATION_STYLE_ASSIGNMENT((#19952));
#19952 = SURFACE_STYLE_USAGE(.BOTH.,#19953);
#19953 = SURFACE_SIDE_STYLE('',(#19954));
#19954 = SURFACE_STYLE_FILL_AREA(#19955);
#19955 = FILL_AREA_STYLE('',(#19956));
#19956 = FILL_AREA_STYLE_COLOUR('',#18453);
#19957 = STYLED_ITEM('color',(#19958),#10795);
#19958 = PRESENTATION_STYLE_ASSIGNMENT((#19959));
#19959 = SURFACE_STYLE_USAGE(.BOTH.,#19960);
#19960 = SURFACE_SIDE_STYLE('',(#19961));
#19961 = SURFACE_STYLE_FILL_AREA(#19962);
#19962 = FILL_AREA_STYLE('',(#19963));
#19963 = FILL_AREA_STYLE_COLOUR('',#18453);
#19964 = STYLED_ITEM('color',(#19965),#10860);
#19965 = PRESENTATION_STYLE_ASSIGNMENT((#19966));
#19966 = SURFACE_STYLE_USAGE(.BOTH.,#19967);
#19967 = SURFACE_SIDE_STYLE('',(#19968));
#19968 = SURFACE_STYLE_FILL_AREA(#19969);
#19969 = FILL_AREA_STYLE('',(#19970));
#19970 = FILL_AREA_STYLE_COLOUR('',#18453);
#19971 = STYLED_ITEM('color',(#19972),#10884);
#19972 = PRESENTATION_STYLE_ASSIGNMENT((#19973));
#19973 = SURFACE_STYLE_USAGE(.BOTH.,#19974);
#19974 = SURFACE_SIDE_STYLE('',(#19975));
#19975 = SURFACE_STYLE_FILL_AREA(#19976);
#19976 = FILL_AREA_STYLE('',(#19977));
#19977 = FILL_AREA_STYLE_COLOUR('',#18453);
#19978 = STYLED_ITEM('color',(#19979),#10942);
#19979 = PRESENTATION_STYLE_ASSIGNMENT((#19980));
#19980 = SURFACE_STYLE_USAGE(.BOTH.,#19981);
#19981 = SURFACE_SIDE_STYLE('',(#19982));
#19982 = SURFACE_STYLE_FILL_AREA(#19983);
#19983 = FILL_AREA_STYLE('',(#19984));
#19984 = FILL_AREA_STYLE_COLOUR('',#18453);
#19985 = STYLED_ITEM('color',(#19986),#10964);
#19986 = PRESENTATION_STYLE_ASSIGNMENT((#19987));
#19987 = SURFACE_STYLE_USAGE(.BOTH.,#19988);
#19988 = SURFACE_SIDE_STYLE('',(#19989));
#19989 = SURFACE_STYLE_FILL_AREA(#19990);
#19990 = FILL_AREA_STYLE('',(#19991));
#19991 = FILL_AREA_STYLE_COLOUR('',#18453);
#19992 = STYLED_ITEM('color',(#19993),#11029);
#19993 = PRESENTATION_STYLE_ASSIGNMENT((#19994));
#19994 = SURFACE_STYLE_USAGE(.BOTH.,#19995);
#19995 = SURFACE_SIDE_STYLE('',(#19996));
#19996 = SURFACE_STYLE_FILL_AREA(#19997);
#19997 = FILL_AREA_STYLE('',(#19998));
#19998 = FILL_AREA_STYLE_COLOUR('',#18453);
#19999 = STYLED_ITEM('color',(#20000),#11053);
#20000 = PRESENTATION_STYLE_ASSIGNMENT((#20001));
#20001 = SURFACE_STYLE_USAGE(.BOTH.,#20002);
#20002 = SURFACE_SIDE_STYLE('',(#20003));
#20003 = SURFACE_STYLE_FILL_AREA(#20004);
#20004 = FILL_AREA_STYLE('',(#20005));
#20005 = FILL_AREA_STYLE_COLOUR('',#18453);
#20006 = STYLED_ITEM('color',(#20007),#11111);
#20007 = PRESENTATION_STYLE_ASSIGNMENT((#20008));
#20008 = SURFACE_STYLE_USAGE(.BOTH.,#20009);
#20009 = SURFACE_SIDE_STYLE('',(#20010));
#20010 = SURFACE_STYLE_FILL_AREA(#20011);
#20011 = FILL_AREA_STYLE('',(#20012));
#20012 = FILL_AREA_STYLE_COLOUR('',#18453);
#20013 = STYLED_ITEM('color',(#20014),#11125);
#20014 = PRESENTATION_STYLE_ASSIGNMENT((#20015));
#20015 = SURFACE_STYLE_USAGE(.BOTH.,#20016);
#20016 = SURFACE_SIDE_STYLE('',(#20017));
#20017 = SURFACE_STYLE_FILL_AREA(#20018);
#20018 = FILL_AREA_STYLE('',(#20019));
#20019 = FILL_AREA_STYLE_COLOUR('',#18453);
#20020 = STYLED_ITEM('color',(#20021),#11142);
#20021 = PRESENTATION_STYLE_ASSIGNMENT((#20022));
#20022 = SURFACE_STYLE_USAGE(.BOTH.,#20023);
#20023 = SURFACE_SIDE_STYLE('',(#20024));
#20024 = SURFACE_STYLE_FILL_AREA(#20025);
#20025 = FILL_AREA_STYLE('',(#20026));
#20026 = FILL_AREA_STYLE_COLOUR('',#18453);
#20027 = STYLED_ITEM('color',(#20028),#11159);
#20028 = PRESENTATION_STYLE_ASSIGNMENT((#20029));
#20029 = SURFACE_STYLE_USAGE(.BOTH.,#20030);
#20030 = SURFACE_SIDE_STYLE('',(#20031));
#20031 = SURFACE_STYLE_FILL_AREA(#20032);
#20032 = FILL_AREA_STYLE('',(#20033));
#20033 = FILL_AREA_STYLE_COLOUR('',#18453);
#20034 = STYLED_ITEM('color',(#20035),#11178);
#20035 = PRESENTATION_STYLE_ASSIGNMENT((#20036));
#20036 = SURFACE_STYLE_USAGE(.BOTH.,#20037);
#20037 = SURFACE_SIDE_STYLE('',(#20038));
#20038 = SURFACE_STYLE_FILL_AREA(#20039);
#20039 = FILL_AREA_STYLE('',(#20040));
#20040 = FILL_AREA_STYLE_COLOUR('',#18453);
#20041 = STYLED_ITEM('color',(#20042),#11195);
#20042 = PRESENTATION_STYLE_ASSIGNMENT((#20043));
#20043 = SURFACE_STYLE_USAGE(.BOTH.,#20044);
#20044 = SURFACE_SIDE_STYLE('',(#20045));
#20045 = SURFACE_STYLE_FILL_AREA(#20046);
#20046 = FILL_AREA_STYLE('',(#20047));
#20047 = FILL_AREA_STYLE_COLOUR('',#18453);
#20048 = STYLED_ITEM('color',(#20049),#11260);
#20049 = PRESENTATION_STYLE_ASSIGNMENT((#20050));
#20050 = SURFACE_STYLE_USAGE(.BOTH.,#20051);
#20051 = SURFACE_SIDE_STYLE('',(#20052));
#20052 = SURFACE_STYLE_FILL_AREA(#20053);
#20053 = FILL_AREA_STYLE('',(#20054));
#20054 = FILL_AREA_STYLE_COLOUR('',#18453);
#20055 = STYLED_ITEM('color',(#20056),#11284);
#20056 = PRESENTATION_STYLE_ASSIGNMENT((#20057));
#20057 = SURFACE_STYLE_USAGE(.BOTH.,#20058);
#20058 = SURFACE_SIDE_STYLE('',(#20059));
#20059 = SURFACE_STYLE_FILL_AREA(#20060);
#20060 = FILL_AREA_STYLE('',(#20061));
#20061 = FILL_AREA_STYLE_COLOUR('',#18453);
#20062 = STYLED_ITEM('color',(#20063),#11342);
#20063 = PRESENTATION_STYLE_ASSIGNMENT((#20064));
#20064 = SURFACE_STYLE_USAGE(.BOTH.,#20065);
#20065 = SURFACE_SIDE_STYLE('',(#20066));
#20066 = SURFACE_STYLE_FILL_AREA(#20067);
#20067 = FILL_AREA_STYLE('',(#20068));
#20068 = FILL_AREA_STYLE_COLOUR('',#18453);
#20069 = STYLED_ITEM('color',(#20070),#11364);
#20070 = PRESENTATION_STYLE_ASSIGNMENT((#20071));
#20071 = SURFACE_STYLE_USAGE(.BOTH.,#20072);
#20072 = SURFACE_SIDE_STYLE('',(#20073));
#20073 = SURFACE_STYLE_FILL_AREA(#20074);
#20074 = FILL_AREA_STYLE('',(#20075));
#20075 = FILL_AREA_STYLE_COLOUR('',#18453);
#20076 = STYLED_ITEM('color',(#20077),#11429);
#20077 = PRESENTATION_STYLE_ASSIGNMENT((#20078));
#20078 = SURFACE_STYLE_USAGE(.BOTH.,#20079);
#20079 = SURFACE_SIDE_STYLE('',(#20080));
#20080 = SURFACE_STYLE_FILL_AREA(#20081);
#20081 = FILL_AREA_STYLE('',(#20082));
#20082 = FILL_AREA_STYLE_COLOUR('',#18453);
#20083 = STYLED_ITEM('color',(#20084),#11453);
#20084 = PRESENTATION_STYLE_ASSIGNMENT((#20085));
#20085 = SURFACE_STYLE_USAGE(.BOTH.,#20086);
#20086 = SURFACE_SIDE_STYLE('',(#20087));
#20087 = SURFACE_STYLE_FILL_AREA(#20088);
#20088 = FILL_AREA_STYLE('',(#20089));
#20089 = FILL_AREA_STYLE_COLOUR('',#18453);
#20090 = STYLED_ITEM('color',(#20091),#11511);
#20091 = PRESENTATION_STYLE_ASSIGNMENT((#20092));
#20092 = SURFACE_STYLE_USAGE(.BOTH.,#20093);
#20093 = SURFACE_SIDE_STYLE('',(#20094));
#20094 = SURFACE_STYLE_FILL_AREA(#20095);
#20095 = FILL_AREA_STYLE('',(#20096));
#20096 = FILL_AREA_STYLE_COLOUR('',#18453);
#20097 = STYLED_ITEM('color',(#20098),#11525);
#20098 = PRESENTATION_STYLE_ASSIGNMENT((#20099));
#20099 = SURFACE_STYLE_USAGE(.BOTH.,#20100);
#20100 = SURFACE_SIDE_STYLE('',(#20101));
#20101 = SURFACE_STYLE_FILL_AREA(#20102);
#20102 = FILL_AREA_STYLE('',(#20103));
#20103 = FILL_AREA_STYLE_COLOUR('',#18453);
#20104 = STYLED_ITEM('color',(#20105),#11542);
#20105 = PRESENTATION_STYLE_ASSIGNMENT((#20106));
#20106 = SURFACE_STYLE_USAGE(.BOTH.,#20107);
#20107 = SURFACE_SIDE_STYLE('',(#20108));
#20108 = SURFACE_STYLE_FILL_AREA(#20109);
#20109 = FILL_AREA_STYLE('',(#20110));
#20110 = FILL_AREA_STYLE_COLOUR('',#18453);
#20111 = STYLED_ITEM('color',(#20112),#11559);
#20112 = PRESENTATION_STYLE_ASSIGNMENT((#20113));
#20113 = SURFACE_STYLE_USAGE(.BOTH.,#20114);
#20114 = SURFACE_SIDE_STYLE('',(#20115));
#20115 = SURFACE_STYLE_FILL_AREA(#20116);
#20116 = FILL_AREA_STYLE('',(#20117));
#20117 = FILL_AREA_STYLE_COLOUR('',#18661);
#20118 = STYLED_ITEM('color',(#20119),#11576);
#20119 = PRESENTATION_STYLE_ASSIGNMENT((#20120));
#20120 = SURFACE_STYLE_USAGE(.BOTH.,#20121);
#20121 = SURFACE_SIDE_STYLE('',(#20122));
#20122 = SURFACE_STYLE_FILL_AREA(#20123);
#20123 = FILL_AREA_STYLE('',(#20124));
#20124 = FILL_AREA_STYLE_COLOUR('',#18661);
#20125 = STYLED_ITEM('color',(#20126),#11605);
#20126 = PRESENTATION_STYLE_ASSIGNMENT((#20127));
#20127 = SURFACE_STYLE_USAGE(.BOTH.,#20128);
#20128 = SURFACE_SIDE_STYLE('',(#20129));
#20129 = SURFACE_STYLE_FILL_AREA(#20130);
#20130 = FILL_AREA_STYLE('',(#20131));
#20131 = FILL_AREA_STYLE_COLOUR('',#18453);
#20132 = STYLED_ITEM('color',(#20133),#11622);
#20133 = PRESENTATION_STYLE_ASSIGNMENT((#20134));
#20134 = SURFACE_STYLE_USAGE(.BOTH.,#20135);
#20135 = SURFACE_SIDE_STYLE('',(#20136));
#20136 = SURFACE_STYLE_FILL_AREA(#20137);
#20137 = FILL_AREA_STYLE('',(#20138));
#20138 = FILL_AREA_STYLE_COLOUR('',#18453);
#20139 = STYLED_ITEM('color',(#20140),#11639);
#20140 = PRESENTATION_STYLE_ASSIGNMENT((#20141));
#20141 = SURFACE_STYLE_USAGE(.BOTH.,#20142);
#20142 = SURFACE_SIDE_STYLE('',(#20143));
#20143 = SURFACE_STYLE_FILL_AREA(#20144);
#20144 = FILL_AREA_STYLE('',(#20145));
#20145 = FILL_AREA_STYLE_COLOUR('',#18453);
#20146 = STYLED_ITEM('color',(#20147),#11651);
#20147 = PRESENTATION_STYLE_ASSIGNMENT((#20148));
#20148 = SURFACE_STYLE_USAGE(.BOTH.,#20149);
#20149 = SURFACE_SIDE_STYLE('',(#20150));
#20150 = SURFACE_STYLE_FILL_AREA(#20151);
#20151 = FILL_AREA_STYLE('',(#20152));
#20152 = FILL_AREA_STYLE_COLOUR('',#18453);
#20153 = STYLED_ITEM('color',(#20154),#11668);
#20154 = PRESENTATION_STYLE_ASSIGNMENT((#20155));
#20155 = SURFACE_STYLE_USAGE(.BOTH.,#20156);
#20156 = SURFACE_SIDE_STYLE('',(#20157));
#20157 = SURFACE_STYLE_FILL_AREA(#20158);
#20158 = FILL_AREA_STYLE('',(#20159));
#20159 = FILL_AREA_STYLE_COLOUR('',#18453);
#20160 = STYLED_ITEM('color',(#20161),#11685);
#20161 = PRESENTATION_STYLE_ASSIGNMENT((#20162));
#20162 = SURFACE_STYLE_USAGE(.BOTH.,#20163);
#20163 = SURFACE_SIDE_STYLE('',(#20164));
#20164 = SURFACE_STYLE_FILL_AREA(#20165);
#20165 = FILL_AREA_STYLE('',(#20166));
#20166 = FILL_AREA_STYLE_COLOUR('',#18453);
#20167 = STYLED_ITEM('color',(#20168),#11697);
#20168 = PRESENTATION_STYLE_ASSIGNMENT((#20169));
#20169 = SURFACE_STYLE_USAGE(.BOTH.,#20170);
#20170 = SURFACE_SIDE_STYLE('',(#20171));
#20171 = SURFACE_STYLE_FILL_AREA(#20172);
#20172 = FILL_AREA_STYLE('',(#20173));
#20173 = FILL_AREA_STYLE_COLOUR('',#18453);
#20174 = STYLED_ITEM('color',(#20175),#11714);
#20175 = PRESENTATION_STYLE_ASSIGNMENT((#20176));
#20176 = SURFACE_STYLE_USAGE(.BOTH.,#20177);
#20177 = SURFACE_SIDE_STYLE('',(#20178));
#20178 = SURFACE_STYLE_FILL_AREA(#20179);
#20179 = FILL_AREA_STYLE('',(#20180));
#20180 = FILL_AREA_STYLE_COLOUR('',#18453);
#20181 = STYLED_ITEM('color',(#20182),#11731);
#20182 = PRESENTATION_STYLE_ASSIGNMENT((#20183));
#20183 = SURFACE_STYLE_USAGE(.BOTH.,#20184);
#20184 = SURFACE_SIDE_STYLE('',(#20185));
#20185 = SURFACE_STYLE_FILL_AREA(#20186);
#20186 = FILL_AREA_STYLE('',(#20187));
#20187 = FILL_AREA_STYLE_COLOUR('',#18453);
#20188 = STYLED_ITEM('color',(#20189),#11748);
#20189 = PRESENTATION_STYLE_ASSIGNMENT((#20190));
#20190 = SURFACE_STYLE_USAGE(.BOTH.,#20191);
#20191 = SURFACE_SIDE_STYLE('',(#20192));
#20192 = SURFACE_STYLE_FILL_AREA(#20193);
#20193 = FILL_AREA_STYLE('',(#20194));
#20194 = FILL_AREA_STYLE_COLOUR('',#18453);
#20195 = STYLED_ITEM('color',(#20196),#11765);
#20196 = PRESENTATION_STYLE_ASSIGNMENT((#20197));
#20197 = SURFACE_STYLE_USAGE(.BOTH.,#20198);
#20198 = SURFACE_SIDE_STYLE('',(#20199));
#20199 = SURFACE_STYLE_FILL_AREA(#20200);
#20200 = FILL_AREA_STYLE('',(#20201));
#20201 = FILL_AREA_STYLE_COLOUR('',#18453);
#20202 = STYLED_ITEM('color',(#20203),#11777);
#20203 = PRESENTATION_STYLE_ASSIGNMENT((#20204));
#20204 = SURFACE_STYLE_USAGE(.BOTH.,#20205);
#20205 = SURFACE_SIDE_STYLE('',(#20206));
#20206 = SURFACE_STYLE_FILL_AREA(#20207);
#20207 = FILL_AREA_STYLE('',(#20208));
#20208 = FILL_AREA_STYLE_COLOUR('',#18453);
#20209 = STYLED_ITEM('color',(#20210),#11794);
#20210 = PRESENTATION_STYLE_ASSIGNMENT((#20211));
#20211 = SURFACE_STYLE_USAGE(.BOTH.,#20212);
#20212 = SURFACE_SIDE_STYLE('',(#20213));
#20213 = SURFACE_STYLE_FILL_AREA(#20214);
#20214 = FILL_AREA_STYLE('',(#20215));
#20215 = FILL_AREA_STYLE_COLOUR('',#18453);
#20216 = STYLED_ITEM('color',(#20217),#11811);
#20217 = PRESENTATION_STYLE_ASSIGNMENT((#20218));
#20218 = SURFACE_STYLE_USAGE(.BOTH.,#20219);
#20219 = SURFACE_SIDE_STYLE('',(#20220));
#20220 = SURFACE_STYLE_FILL_AREA(#20221);
#20221 = FILL_AREA_STYLE('',(#20222));
#20222 = FILL_AREA_STYLE_COLOUR('',#18453);
#20223 = STYLED_ITEM('color',(#20224),#11828);
#20224 = PRESENTATION_STYLE_ASSIGNMENT((#20225));
#20225 = SURFACE_STYLE_USAGE(.BOTH.,#20226);
#20226 = SURFACE_SIDE_STYLE('',(#20227));
#20227 = SURFACE_STYLE_FILL_AREA(#20228);
#20228 = FILL_AREA_STYLE('',(#20229));
#20229 = FILL_AREA_STYLE_COLOUR('',#18453);
#20230 = STYLED_ITEM('color',(#20231),#11845);
#20231 = PRESENTATION_STYLE_ASSIGNMENT((#20232));
#20232 = SURFACE_STYLE_USAGE(.BOTH.,#20233);
#20233 = SURFACE_SIDE_STYLE('',(#20234));
#20234 = SURFACE_STYLE_FILL_AREA(#20235);
#20235 = FILL_AREA_STYLE('',(#20236));
#20236 = FILL_AREA_STYLE_COLOUR('',#18453);
#20237 = STYLED_ITEM('color',(#20238),#11857);
#20238 = PRESENTATION_STYLE_ASSIGNMENT((#20239));
#20239 = SURFACE_STYLE_USAGE(.BOTH.,#20240);
#20240 = SURFACE_SIDE_STYLE('',(#20241));
#20241 = SURFACE_STYLE_FILL_AREA(#20242);
#20242 = FILL_AREA_STYLE('',(#20243));
#20243 = FILL_AREA_STYLE_COLOUR('',#18453);
#20244 = STYLED_ITEM('color',(#20245),#11874);
#20245 = PRESENTATION_STYLE_ASSIGNMENT((#20246));
#20246 = SURFACE_STYLE_USAGE(.BOTH.,#20247);
#20247 = SURFACE_SIDE_STYLE('',(#20248));
#20248 = SURFACE_STYLE_FILL_AREA(#20249);
#20249 = FILL_AREA_STYLE('',(#20250));
#20250 = FILL_AREA_STYLE_COLOUR('',#18453);
#20251 = STYLED_ITEM('color',(#20252),#11891);
#20252 = PRESENTATION_STYLE_ASSIGNMENT((#20253));
#20253 = SURFACE_STYLE_USAGE(.BOTH.,#20254);
#20254 = SURFACE_SIDE_STYLE('',(#20255));
#20255 = SURFACE_STYLE_FILL_AREA(#20256);
#20256 = FILL_AREA_STYLE('',(#20257));
#20257 = FILL_AREA_STYLE_COLOUR('',#18453);
#20258 = STYLED_ITEM('color',(#20259),#11908);
#20259 = PRESENTATION_STYLE_ASSIGNMENT((#20260));
#20260 = SURFACE_STYLE_USAGE(.BOTH.,#20261);
#20261 = SURFACE_SIDE_STYLE('',(#20262));
#20262 = SURFACE_STYLE_FILL_AREA(#20263);
#20263 = FILL_AREA_STYLE('',(#20264));
#20264 = FILL_AREA_STYLE_COLOUR('',#18453);
#20265 = STYLED_ITEM('color',(#20266),#11925);
#20266 = PRESENTATION_STYLE_ASSIGNMENT((#20267));
#20267 = SURFACE_STYLE_USAGE(.BOTH.,#20268);
#20268 = SURFACE_SIDE_STYLE('',(#20269));
#20269 = SURFACE_STYLE_FILL_AREA(#20270);
#20270 = FILL_AREA_STYLE('',(#20271));
#20271 = FILL_AREA_STYLE_COLOUR('',#18453);
#20272 = STYLED_ITEM('color',(#20273),#11937);
#20273 = PRESENTATION_STYLE_ASSIGNMENT((#20274));
#20274 = SURFACE_STYLE_USAGE(.BOTH.,#20275);
#20275 = SURFACE_SIDE_STYLE('',(#20276));
#20276 = SURFACE_STYLE_FILL_AREA(#20277);
#20277 = FILL_AREA_STYLE('',(#20278));
#20278 = FILL_AREA_STYLE_COLOUR('',#18453);
#20279 = STYLED_ITEM('color',(#20280),#11954);
#20280 = PRESENTATION_STYLE_ASSIGNMENT((#20281));
#20281 = SURFACE_STYLE_USAGE(.BOTH.,#20282);
#20282 = SURFACE_SIDE_STYLE('',(#20283));
#20283 = SURFACE_STYLE_FILL_AREA(#20284);
#20284 = FILL_AREA_STYLE('',(#20285));
#20285 = FILL_AREA_STYLE_COLOUR('',#18453);
#20286 = STYLED_ITEM('color',(#20287),#11971);
#20287 = PRESENTATION_STYLE_ASSIGNMENT((#20288));
#20288 = SURFACE_STYLE_USAGE(.BOTH.,#20289);
#20289 = SURFACE_SIDE_STYLE('',(#20290));
#20290 = SURFACE_STYLE_FILL_AREA(#20291);
#20291 = FILL_AREA_STYLE('',(#20292));
#20292 = FILL_AREA_STYLE_COLOUR('',#18453);
#20293 = STYLED_ITEM('color',(#20294),#11988);
#20294 = PRESENTATION_STYLE_ASSIGNMENT((#20295));
#20295 = SURFACE_STYLE_USAGE(.BOTH.,#20296);
#20296 = SURFACE_SIDE_STYLE('',(#20297));
#20297 = SURFACE_STYLE_FILL_AREA(#20298);
#20298 = FILL_AREA_STYLE('',(#20299));
#20299 = FILL_AREA_STYLE_COLOUR('',#18453);
#20300 = STYLED_ITEM('color',(#20301),#12005);
#20301 = PRESENTATION_STYLE_ASSIGNMENT((#20302));
#20302 = SURFACE_STYLE_USAGE(.BOTH.,#20303);
#20303 = SURFACE_SIDE_STYLE('',(#20304));
#20304 = SURFACE_STYLE_FILL_AREA(#20305);
#20305 = FILL_AREA_STYLE('',(#20306));
#20306 = FILL_AREA_STYLE_COLOUR('',#18453);
#20307 = STYLED_ITEM('color',(#20308),#12017);
#20308 = PRESENTATION_STYLE_ASSIGNMENT((#20309));
#20309 = SURFACE_STYLE_USAGE(.BOTH.,#20310);
#20310 = SURFACE_SIDE_STYLE('',(#20311));
#20311 = SURFACE_STYLE_FILL_AREA(#20312);
#20312 = FILL_AREA_STYLE('',(#20313));
#20313 = FILL_AREA_STYLE_COLOUR('',#18453);
#20314 = STYLED_ITEM('color',(#20315),#12034);
#20315 = PRESENTATION_STYLE_ASSIGNMENT((#20316));
#20316 = SURFACE_STYLE_USAGE(.BOTH.,#20317);
#20317 = SURFACE_SIDE_STYLE('',(#20318));
#20318 = SURFACE_STYLE_FILL_AREA(#20319);
#20319 = FILL_AREA_STYLE('',(#20320));
#20320 = FILL_AREA_STYLE_COLOUR('',#18453);
#20321 = STYLED_ITEM('color',(#20322),#12051);
#20322 = PRESENTATION_STYLE_ASSIGNMENT((#20323));
#20323 = SURFACE_STYLE_USAGE(.BOTH.,#20324);
#20324 = SURFACE_SIDE_STYLE('',(#20325));
#20325 = SURFACE_STYLE_FILL_AREA(#20326);
#20326 = FILL_AREA_STYLE('',(#20327));
#20327 = FILL_AREA_STYLE_COLOUR('',#18453);
#20328 = STYLED_ITEM('color',(#20329),#12068);
#20329 = PRESENTATION_STYLE_ASSIGNMENT((#20330));
#20330 = SURFACE_STYLE_USAGE(.BOTH.,#20331);
#20331 = SURFACE_SIDE_STYLE('',(#20332));
#20332 = SURFACE_STYLE_FILL_AREA(#20333);
#20333 = FILL_AREA_STYLE('',(#20334));
#20334 = FILL_AREA_STYLE_COLOUR('',#18453);
#20335 = STYLED_ITEM('color',(#20336),#12085);
#20336 = PRESENTATION_STYLE_ASSIGNMENT((#20337));
#20337 = SURFACE_STYLE_USAGE(.BOTH.,#20338);
#20338 = SURFACE_SIDE_STYLE('',(#20339));
#20339 = SURFACE_STYLE_FILL_AREA(#20340);
#20340 = FILL_AREA_STYLE('',(#20341));
#20341 = FILL_AREA_STYLE_COLOUR('',#18453);
#20342 = STYLED_ITEM('color',(#20343),#12097);
#20343 = PRESENTATION_STYLE_ASSIGNMENT((#20344));
#20344 = SURFACE_STYLE_USAGE(.BOTH.,#20345);
#20345 = SURFACE_SIDE_STYLE('',(#20346));
#20346 = SURFACE_STYLE_FILL_AREA(#20347);
#20347 = FILL_AREA_STYLE('',(#20348));
#20348 = FILL_AREA_STYLE_COLOUR('',#18453);
#20349 = STYLED_ITEM('color',(#20350),#12114);
#20350 = PRESENTATION_STYLE_ASSIGNMENT((#20351));
#20351 = SURFACE_STYLE_USAGE(.BOTH.,#20352);
#20352 = SURFACE_SIDE_STYLE('',(#20353));
#20353 = SURFACE_STYLE_FILL_AREA(#20354);
#20354 = FILL_AREA_STYLE('',(#20355));
#20355 = FILL_AREA_STYLE_COLOUR('',#18453);
#20356 = STYLED_ITEM('color',(#20357),#12131);
#20357 = PRESENTATION_STYLE_ASSIGNMENT((#20358));
#20358 = SURFACE_STYLE_USAGE(.BOTH.,#20359);
#20359 = SURFACE_SIDE_STYLE('',(#20360));
#20360 = SURFACE_STYLE_FILL_AREA(#20361);
#20361 = FILL_AREA_STYLE('',(#20362));
#20362 = FILL_AREA_STYLE_COLOUR('',#18453);
#20363 = STYLED_ITEM('color',(#20364),#12148);
#20364 = PRESENTATION_STYLE_ASSIGNMENT((#20365));
#20365 = SURFACE_STYLE_USAGE(.BOTH.,#20366);
#20366 = SURFACE_SIDE_STYLE('',(#20367));
#20367 = SURFACE_STYLE_FILL_AREA(#20368);
#20368 = FILL_AREA_STYLE('',(#20369));
#20369 = FILL_AREA_STYLE_COLOUR('',#18453);
#20370 = STYLED_ITEM('color',(#20371),#12165);
#20371 = PRESENTATION_STYLE_ASSIGNMENT((#20372));
#20372 = SURFACE_STYLE_USAGE(.BOTH.,#20373);
#20373 = SURFACE_SIDE_STYLE('',(#20374));
#20374 = SURFACE_STYLE_FILL_AREA(#20375);
#20375 = FILL_AREA_STYLE('',(#20376));
#20376 = FILL_AREA_STYLE_COLOUR('',#18453);
#20377 = STYLED_ITEM('color',(#20378),#12177);
#20378 = PRESENTATION_STYLE_ASSIGNMENT((#20379));
#20379 = SURFACE_STYLE_USAGE(.BOTH.,#20380);
#20380 = SURFACE_SIDE_STYLE('',(#20381));
#20381 = SURFACE_STYLE_FILL_AREA(#20382);
#20382 = FILL_AREA_STYLE('',(#20383));
#20383 = FILL_AREA_STYLE_COLOUR('',#18661);
#20384 = STYLED_ITEM('color',(#20385),#12205);
#20385 = PRESENTATION_STYLE_ASSIGNMENT((#20386));
#20386 = SURFACE_STYLE_USAGE(.BOTH.,#20387);
#20387 = SURFACE_SIDE_STYLE('',(#20388));
#20388 = SURFACE_STYLE_FILL_AREA(#20389);
#20389 = FILL_AREA_STYLE('',(#20390));
#20390 = FILL_AREA_STYLE_COLOUR('',#18661);
#20391 = STYLED_ITEM('color',(#20392),#12216);
#20392 = PRESENTATION_STYLE_ASSIGNMENT((#20393));
#20393 = SURFACE_STYLE_USAGE(.BOTH.,#20394);
#20394 = SURFACE_SIDE_STYLE('',(#20395));
#20395 = SURFACE_STYLE_FILL_AREA(#20396);
#20396 = FILL_AREA_STYLE('',(#20397));
#20397 = FILL_AREA_STYLE_COLOUR('',#18453);
#20398 = STYLED_ITEM('color',(#20399),#12233);
#20399 = PRESENTATION_STYLE_ASSIGNMENT((#20400));
#20400 = SURFACE_STYLE_USAGE(.BOTH.,#20401);
#20401 = SURFACE_SIDE_STYLE('',(#20402));
#20402 = SURFACE_STYLE_FILL_AREA(#20403);
#20403 = FILL_AREA_STYLE('',(#20404));
#20404 = FILL_AREA_STYLE_COLOUR('',#18453);
#20405 = STYLED_ITEM('color',(#20406),#12250);
#20406 = PRESENTATION_STYLE_ASSIGNMENT((#20407));
#20407 = SURFACE_STYLE_USAGE(.BOTH.,#20408);
#20408 = SURFACE_SIDE_STYLE('',(#20409));
#20409 = SURFACE_STYLE_FILL_AREA(#20410);
#20410 = FILL_AREA_STYLE('',(#20411));
#20411 = FILL_AREA_STYLE_COLOUR('',#18453);
#20412 = STYLED_ITEM('color',(#20413),#12262);
#20413 = PRESENTATION_STYLE_ASSIGNMENT((#20414));
#20414 = SURFACE_STYLE_USAGE(.BOTH.,#20415);
#20415 = SURFACE_SIDE_STYLE('',(#20416));
#20416 = SURFACE_STYLE_FILL_AREA(#20417);
#20417 = FILL_AREA_STYLE('',(#20418));
#20418 = FILL_AREA_STYLE_COLOUR('',#18453);
#20419 = STYLED_ITEM('color',(#20420),#12279);
#20420 = PRESENTATION_STYLE_ASSIGNMENT((#20421));
#20421 = SURFACE_STYLE_USAGE(.BOTH.,#20422);
#20422 = SURFACE_SIDE_STYLE('',(#20423));
#20423 = SURFACE_STYLE_FILL_AREA(#20424);
#20424 = FILL_AREA_STYLE('',(#20425));
#20425 = FILL_AREA_STYLE_COLOUR('',#18453);
#20426 = STYLED_ITEM('color',(#20427),#12296);
#20427 = PRESENTATION_STYLE_ASSIGNMENT((#20428));
#20428 = SURFACE_STYLE_USAGE(.BOTH.,#20429);
#20429 = SURFACE_SIDE_STYLE('',(#20430));
#20430 = SURFACE_STYLE_FILL_AREA(#20431);
#20431 = FILL_AREA_STYLE('',(#20432));
#20432 = FILL_AREA_STYLE_COLOUR('',#18453);
#20433 = STYLED_ITEM('color',(#20434),#12308);
#20434 = PRESENTATION_STYLE_ASSIGNMENT((#20435));
#20435 = SURFACE_STYLE_USAGE(.BOTH.,#20436);
#20436 = SURFACE_SIDE_STYLE('',(#20437));
#20437 = SURFACE_STYLE_FILL_AREA(#20438);
#20438 = FILL_AREA_STYLE('',(#20439));
#20439 = FILL_AREA_STYLE_COLOUR('',#18453);
#20440 = STYLED_ITEM('color',(#20441),#12325);
#20441 = PRESENTATION_STYLE_ASSIGNMENT((#20442));
#20442 = SURFACE_STYLE_USAGE(.BOTH.,#20443);
#20443 = SURFACE_SIDE_STYLE('',(#20444));
#20444 = SURFACE_STYLE_FILL_AREA(#20445);
#20445 = FILL_AREA_STYLE('',(#20446));
#20446 = FILL_AREA_STYLE_COLOUR('',#18453);
#20447 = STYLED_ITEM('color',(#20448),#12342);
#20448 = PRESENTATION_STYLE_ASSIGNMENT((#20449));
#20449 = SURFACE_STYLE_USAGE(.BOTH.,#20450);
#20450 = SURFACE_SIDE_STYLE('',(#20451));
#20451 = SURFACE_STYLE_FILL_AREA(#20452);
#20452 = FILL_AREA_STYLE('',(#20453));
#20453 = FILL_AREA_STYLE_COLOUR('',#18453);
#20454 = STYLED_ITEM('color',(#20455),#12359);
#20455 = PRESENTATION_STYLE_ASSIGNMENT((#20456));
#20456 = SURFACE_STYLE_USAGE(.BOTH.,#20457);
#20457 = SURFACE_SIDE_STYLE('',(#20458));
#20458 = SURFACE_STYLE_FILL_AREA(#20459);
#20459 = FILL_AREA_STYLE('',(#20460));
#20460 = FILL_AREA_STYLE_COLOUR('',#18453);
#20461 = STYLED_ITEM('color',(#20462),#12376);
#20462 = PRESENTATION_STYLE_ASSIGNMENT((#20463));
#20463 = SURFACE_STYLE_USAGE(.BOTH.,#20464);
#20464 = SURFACE_SIDE_STYLE('',(#20465));
#20465 = SURFACE_STYLE_FILL_AREA(#20466);
#20466 = FILL_AREA_STYLE('',(#20467));
#20467 = FILL_AREA_STYLE_COLOUR('',#18453);
#20468 = STYLED_ITEM('color',(#20469),#12388);
#20469 = PRESENTATION_STYLE_ASSIGNMENT((#20470));
#20470 = SURFACE_STYLE_USAGE(.BOTH.,#20471);
#20471 = SURFACE_SIDE_STYLE('',(#20472));
#20472 = SURFACE_STYLE_FILL_AREA(#20473);
#20473 = FILL_AREA_STYLE('',(#20474));
#20474 = FILL_AREA_STYLE_COLOUR('',#18453);
#20475 = STYLED_ITEM('color',(#20476),#12405);
#20476 = PRESENTATION_STYLE_ASSIGNMENT((#20477));
#20477 = SURFACE_STYLE_USAGE(.BOTH.,#20478);
#20478 = SURFACE_SIDE_STYLE('',(#20479));
#20479 = SURFACE_STYLE_FILL_AREA(#20480);
#20480 = FILL_AREA_STYLE('',(#20481));
#20481 = FILL_AREA_STYLE_COLOUR('',#18453);
#20482 = STYLED_ITEM('color',(#20483),#12422);
#20483 = PRESENTATION_STYLE_ASSIGNMENT((#20484));
#20484 = SURFACE_STYLE_USAGE(.BOTH.,#20485);
#20485 = SURFACE_SIDE_STYLE('',(#20486));
#20486 = SURFACE_STYLE_FILL_AREA(#20487);
#20487 = FILL_AREA_STYLE('',(#20488));
#20488 = FILL_AREA_STYLE_COLOUR('',#18453);
#20489 = STYLED_ITEM('color',(#20490),#12439);
#20490 = PRESENTATION_STYLE_ASSIGNMENT((#20491));
#20491 = SURFACE_STYLE_USAGE(.BOTH.,#20492);
#20492 = SURFACE_SIDE_STYLE('',(#20493));
#20493 = SURFACE_STYLE_FILL_AREA(#20494);
#20494 = FILL_AREA_STYLE('',(#20495));
#20495 = FILL_AREA_STYLE_COLOUR('',#18453);
#20496 = STYLED_ITEM('color',(#20497),#12456);
#20497 = PRESENTATION_STYLE_ASSIGNMENT((#20498));
#20498 = SURFACE_STYLE_USAGE(.BOTH.,#20499);
#20499 = SURFACE_SIDE_STYLE('',(#20500));
#20500 = SURFACE_STYLE_FILL_AREA(#20501);
#20501 = FILL_AREA_STYLE('',(#20502));
#20502 = FILL_AREA_STYLE_COLOUR('',#18453);
#20503 = STYLED_ITEM('color',(#20504),#12468);
#20504 = PRESENTATION_STYLE_ASSIGNMENT((#20505));
#20505 = SURFACE_STYLE_USAGE(.BOTH.,#20506);
#20506 = SURFACE_SIDE_STYLE('',(#20507));
#20507 = SURFACE_STYLE_FILL_AREA(#20508);
#20508 = FILL_AREA_STYLE('',(#20509));
#20509 = FILL_AREA_STYLE_COLOUR('',#18453);
#20510 = STYLED_ITEM('color',(#20511),#12485);
#20511 = PRESENTATION_STYLE_ASSIGNMENT((#20512));
#20512 = SURFACE_STYLE_USAGE(.BOTH.,#20513);
#20513 = SURFACE_SIDE_STYLE('',(#20514));
#20514 = SURFACE_STYLE_FILL_AREA(#20515);
#20515 = FILL_AREA_STYLE('',(#20516));
#20516 = FILL_AREA_STYLE_COLOUR('',#18453);
#20517 = STYLED_ITEM('color',(#20518),#12502);
#20518 = PRESENTATION_STYLE_ASSIGNMENT((#20519));
#20519 = SURFACE_STYLE_USAGE(.BOTH.,#20520);
#20520 = SURFACE_SIDE_STYLE('',(#20521));
#20521 = SURFACE_STYLE_FILL_AREA(#20522);
#20522 = FILL_AREA_STYLE('',(#20523));
#20523 = FILL_AREA_STYLE_COLOUR('',#18453);
#20524 = STYLED_ITEM('color',(#20525),#12519);
#20525 = PRESENTATION_STYLE_ASSIGNMENT((#20526));
#20526 = SURFACE_STYLE_USAGE(.BOTH.,#20527);
#20527 = SURFACE_SIDE_STYLE('',(#20528));
#20528 = SURFACE_STYLE_FILL_AREA(#20529);
#20529 = FILL_AREA_STYLE('',(#20530));
#20530 = FILL_AREA_STYLE_COLOUR('',#18453);
#20531 = STYLED_ITEM('color',(#20532),#12536);
#20532 = PRESENTATION_STYLE_ASSIGNMENT((#20533));
#20533 = SURFACE_STYLE_USAGE(.BOTH.,#20534);
#20534 = SURFACE_SIDE_STYLE('',(#20535));
#20535 = SURFACE_STYLE_FILL_AREA(#20536);
#20536 = FILL_AREA_STYLE('',(#20537));
#20537 = FILL_AREA_STYLE_COLOUR('',#18453);
#20538 = STYLED_ITEM('color',(#20539),#12548);
#20539 = PRESENTATION_STYLE_ASSIGNMENT((#20540));
#20540 = SURFACE_STYLE_USAGE(.BOTH.,#20541);
#20541 = SURFACE_SIDE_STYLE('',(#20542));
#20542 = SURFACE_STYLE_FILL_AREA(#20543);
#20543 = FILL_AREA_STYLE('',(#20544));
#20544 = FILL_AREA_STYLE_COLOUR('',#18453);
#20545 = STYLED_ITEM('color',(#20546),#12565);
#20546 = PRESENTATION_STYLE_ASSIGNMENT((#20547));
#20547 = SURFACE_STYLE_USAGE(.BOTH.,#20548);
#20548 = SURFACE_SIDE_STYLE('',(#20549));
#20549 = SURFACE_STYLE_FILL_AREA(#20550);
#20550 = FILL_AREA_STYLE('',(#20551));
#20551 = FILL_AREA_STYLE_COLOUR('',#18453);
#20552 = STYLED_ITEM('color',(#20553),#12582);
#20553 = PRESENTATION_STYLE_ASSIGNMENT((#20554));
#20554 = SURFACE_STYLE_USAGE(.BOTH.,#20555);
#20555 = SURFACE_SIDE_STYLE('',(#20556));
#20556 = SURFACE_STYLE_FILL_AREA(#20557);
#20557 = FILL_AREA_STYLE('',(#20558));
#20558 = FILL_AREA_STYLE_COLOUR('',#18453);
#20559 = STYLED_ITEM('color',(#20560),#12599);
#20560 = PRESENTATION_STYLE_ASSIGNMENT((#20561));
#20561 = SURFACE_STYLE_USAGE(.BOTH.,#20562);
#20562 = SURFACE_SIDE_STYLE('',(#20563));
#20563 = SURFACE_STYLE_FILL_AREA(#20564);
#20564 = FILL_AREA_STYLE('',(#20565));
#20565 = FILL_AREA_STYLE_COLOUR('',#18453);
#20566 = STYLED_ITEM('color',(#20567),#12616);
#20567 = PRESENTATION_STYLE_ASSIGNMENT((#20568));
#20568 = SURFACE_STYLE_USAGE(.BOTH.,#20569);
#20569 = SURFACE_SIDE_STYLE('',(#20570));
#20570 = SURFACE_STYLE_FILL_AREA(#20571);
#20571 = FILL_AREA_STYLE('',(#20572));
#20572 = FILL_AREA_STYLE_COLOUR('',#18453);
#20573 = STYLED_ITEM('color',(#20574),#12628);
#20574 = PRESENTATION_STYLE_ASSIGNMENT((#20575));
#20575 = SURFACE_STYLE_USAGE(.BOTH.,#20576);
#20576 = SURFACE_SIDE_STYLE('',(#20577));
#20577 = SURFACE_STYLE_FILL_AREA(#20578);
#20578 = FILL_AREA_STYLE('',(#20579));
#20579 = FILL_AREA_STYLE_COLOUR('',#18453);
#20580 = STYLED_ITEM('color',(#20581),#12645);
#20581 = PRESENTATION_STYLE_ASSIGNMENT((#20582));
#20582 = SURFACE_STYLE_USAGE(.BOTH.,#20583);
#20583 = SURFACE_SIDE_STYLE('',(#20584));
#20584 = SURFACE_STYLE_FILL_AREA(#20585);
#20585 = FILL_AREA_STYLE('',(#20586));
#20586 = FILL_AREA_STYLE_COLOUR('',#18453);
#20587 = STYLED_ITEM('color',(#20588),#12662);
#20588 = PRESENTATION_STYLE_ASSIGNMENT((#20589));
#20589 = SURFACE_STYLE_USAGE(.BOTH.,#20590);
#20590 = SURFACE_SIDE_STYLE('',(#20591));
#20591 = SURFACE_STYLE_FILL_AREA(#20592);
#20592 = FILL_AREA_STYLE('',(#20593));
#20593 = FILL_AREA_STYLE_COLOUR('',#18453);
#20594 = STYLED_ITEM('color',(#20595),#12679);
#20595 = PRESENTATION_STYLE_ASSIGNMENT((#20596));
#20596 = SURFACE_STYLE_USAGE(.BOTH.,#20597);
#20597 = SURFACE_SIDE_STYLE('',(#20598));
#20598 = SURFACE_STYLE_FILL_AREA(#20599);
#20599 = FILL_AREA_STYLE('',(#20600));
#20600 = FILL_AREA_STYLE_COLOUR('',#18453);
#20601 = STYLED_ITEM('color',(#20602),#12696);
#20602 = PRESENTATION_STYLE_ASSIGNMENT((#20603));
#20603 = SURFACE_STYLE_USAGE(.BOTH.,#20604);
#20604 = SURFACE_SIDE_STYLE('',(#20605));
#20605 = SURFACE_STYLE_FILL_AREA(#20606);
#20606 = FILL_AREA_STYLE('',(#20607));
#20607 = FILL_AREA_STYLE_COLOUR('',#18453);
#20608 = STYLED_ITEM('color',(#20609),#12708);
#20609 = PRESENTATION_STYLE_ASSIGNMENT((#20610));
#20610 = SURFACE_STYLE_USAGE(.BOTH.,#20611);
#20611 = SURFACE_SIDE_STYLE('',(#20612));
#20612 = SURFACE_STYLE_FILL_AREA(#20613);
#20613 = FILL_AREA_STYLE('',(#20614));
#20614 = FILL_AREA_STYLE_COLOUR('',#18453);
#20615 = STYLED_ITEM('color',(#20616),#12725);
#20616 = PRESENTATION_STYLE_ASSIGNMENT((#20617));
#20617 = SURFACE_STYLE_USAGE(.BOTH.,#20618);
#20618 = SURFACE_SIDE_STYLE('',(#20619));
#20619 = SURFACE_STYLE_FILL_AREA(#20620);
#20620 = FILL_AREA_STYLE('',(#20621));
#20621 = FILL_AREA_STYLE_COLOUR('',#18453);
#20622 = STYLED_ITEM('color',(#20623),#12742);
#20623 = PRESENTATION_STYLE_ASSIGNMENT((#20624));
#20624 = SURFACE_STYLE_USAGE(.BOTH.,#20625);
#20625 = SURFACE_SIDE_STYLE('',(#20626));
#20626 = SURFACE_STYLE_FILL_AREA(#20627);
#20627 = FILL_AREA_STYLE('',(#20628));
#20628 = FILL_AREA_STYLE_COLOUR('',#18453);
#20629 = STYLED_ITEM('color',(#20630),#12759);
#20630 = PRESENTATION_STYLE_ASSIGNMENT((#20631));
#20631 = SURFACE_STYLE_USAGE(.BOTH.,#20632);
#20632 = SURFACE_SIDE_STYLE('',(#20633));
#20633 = SURFACE_STYLE_FILL_AREA(#20634);
#20634 = FILL_AREA_STYLE('',(#20635));
#20635 = FILL_AREA_STYLE_COLOUR('',#18453);
#20636 = STYLED_ITEM('color',(#20637),#12776);
#20637 = PRESENTATION_STYLE_ASSIGNMENT((#20638));
#20638 = SURFACE_STYLE_USAGE(.BOTH.,#20639);
#20639 = SURFACE_SIDE_STYLE('',(#20640));
#20640 = SURFACE_STYLE_FILL_AREA(#20641);
#20641 = FILL_AREA_STYLE('',(#20642));
#20642 = FILL_AREA_STYLE_COLOUR('',#18453);
ENDSEC;
END-ISO-10303-21;
